ISO-10303-21;
HEADER;
FILE_DESCRIPTION(('Open CASCADE Model'),'2;1');
FILE_NAME('Open CASCADE Shape Model','2024-11-13T18:24:58',('Author'),(
    'Open CASCADE'),'Open CASCADE STEP processor 6.5','Open CASCADE 6.5'
  ,'Unknown');
FILE_SCHEMA(('AUTOMOTIVE_DESIGN { 1 0 10303 214 1 1 1 1 }'));
ENDSEC;
DATA;
#1 = APPLICATION_PROTOCOL_DEFINITION('international standard',
  'automotive_design',2000,#2);
#2 = APPLICATION_CONTEXT(
  'core data for automotive mechanical design processes');
#3 = SHAPE_DEFINITION_REPRESENTATION(#4,#10);
#4 = PRODUCT_DEFINITION_SHAPE('','',#5);
#5 = PRODUCT_DEFINITION('design','',#6,#9);
#6 = PRODUCT_DEFINITION_FORMATION('','',#7);
#7 = PRODUCT('PCB','PCB','',(#8));
#8 = PRODUCT_CONTEXT('',#2,'mechanical');
#9 = PRODUCT_DEFINITION_CONTEXT('part definition',#2,'design');
#10 = SHAPE_REPRESENTATION('',(#11,#15,#19,#23,#27,#31,#35,#39,#43,#47,
    #51,#55,#59,#63,#67,#71,#75,#79,#83,#87,#91,#95),#99);
#11 = AXIS2_PLACEMENT_3D('',#12,#13,#14);
#12 = CARTESIAN_POINT('',(0.E+000,0.E+000,0.E+000));
#13 = DIRECTION('',(0.E+000,0.E+000,1.));
#14 = DIRECTION('',(1.,0.E+000,-0.E+000));
#15 = AXIS2_PLACEMENT_3D('',#16,#17,#18);
#16 = CARTESIAN_POINT('',(0.E+000,0.E+000,-0.7984236));
#17 = DIRECTION('',(0.E+000,0.E+000,1.));
#18 = DIRECTION('',(1.,0.E+000,-0.E+000));
#19 = AXIS2_PLACEMENT_3D('',#20,#21,#22);
#20 = CARTESIAN_POINT('',(0.E+000,0.E+000,0.E+000));
#21 = DIRECTION('',(0.E+000,0.E+000,1.));
#22 = DIRECTION('',(1.,0.E+000,-0.E+000));
#23 = AXIS2_PLACEMENT_3D('',#24,#25,#26);
#24 = CARTESIAN_POINT('',(0.E+000,0.E+000,0.E+000));
#25 = DIRECTION('',(0.E+000,0.E+000,1.));
#26 = DIRECTION('',(1.,0.E+000,-0.E+000));
#27 = AXIS2_PLACEMENT_3D('',#28,#29,#30);
#28 = CARTESIAN_POINT('',(0.E+000,0.E+000,0.E+000));
#29 = DIRECTION('',(0.E+000,0.E+000,1.));
#30 = DIRECTION('',(1.,0.E+000,-0.E+000));
#31 = AXIS2_PLACEMENT_3D('',#32,#33,#34);
#32 = CARTESIAN_POINT('',(0.E+000,0.E+000,0.E+000));
#33 = DIRECTION('',(0.E+000,0.E+000,1.));
#34 = DIRECTION('',(1.,0.E+000,-0.E+000));
#35 = AXIS2_PLACEMENT_3D('',#36,#37,#38);
#36 = CARTESIAN_POINT('',(0.E+000,0.E+000,0.E+000));
#37 = DIRECTION('',(0.E+000,0.E+000,1.));
#38 = DIRECTION('',(1.,0.E+000,-0.E+000));
#39 = AXIS2_PLACEMENT_3D('',#40,#41,#42);
#40 = CARTESIAN_POINT('',(0.E+000,0.E+000,0.E+000));
#41 = DIRECTION('',(0.E+000,0.E+000,1.));
#42 = DIRECTION('',(1.,0.E+000,-0.E+000));
#43 = AXIS2_PLACEMENT_3D('',#44,#45,#46);
#44 = CARTESIAN_POINT('',(0.E+000,0.E+000,0.E+000));
#45 = DIRECTION('',(0.E+000,0.E+000,1.));
#46 = DIRECTION('',(1.,0.E+000,-0.E+000));
#47 = AXIS2_PLACEMENT_3D('',#48,#49,#50);
#48 = CARTESIAN_POINT('',(0.E+000,0.E+000,0.E+000));
#49 = DIRECTION('',(0.E+000,0.E+000,1.));
#50 = DIRECTION('',(1.,0.E+000,-0.E+000));
#51 = AXIS2_PLACEMENT_3D('',#52,#53,#54);
#52 = CARTESIAN_POINT('',(0.E+000,0.E+000,0.E+000));
#53 = DIRECTION('',(0.E+000,0.E+000,1.));
#54 = DIRECTION('',(1.,0.E+000,-0.E+000));
#55 = AXIS2_PLACEMENT_3D('',#56,#57,#58);
#56 = CARTESIAN_POINT('',(0.E+000,0.E+000,0.E+000));
#57 = DIRECTION('',(0.E+000,0.E+000,1.));
#58 = DIRECTION('',(1.,0.E+000,-0.E+000));
#59 = AXIS2_PLACEMENT_3D('',#60,#61,#62);
#60 = CARTESIAN_POINT('',(0.E+000,0.E+000,0.E+000));
#61 = DIRECTION('',(0.E+000,0.E+000,1.));
#62 = DIRECTION('',(1.,0.E+000,-0.E+000));
#63 = AXIS2_PLACEMENT_3D('',#64,#65,#66);
#64 = CARTESIAN_POINT('',(0.E+000,0.E+000,0.E+000));
#65 = DIRECTION('',(0.E+000,0.E+000,1.));
#66 = DIRECTION('',(1.,0.E+000,-0.E+000));
#67 = AXIS2_PLACEMENT_3D('',#68,#69,#70);
#68 = CARTESIAN_POINT('',(0.E+000,0.E+000,0.E+000));
#69 = DIRECTION('',(0.E+000,0.E+000,1.));
#70 = DIRECTION('',(1.,0.E+000,-0.E+000));
#71 = AXIS2_PLACEMENT_3D('',#72,#73,#74);
#72 = CARTESIAN_POINT('',(0.E+000,0.E+000,0.E+000));
#73 = DIRECTION('',(0.E+000,0.E+000,1.));
#74 = DIRECTION('',(1.,0.E+000,-0.E+000));
#75 = AXIS2_PLACEMENT_3D('',#76,#77,#78);
#76 = CARTESIAN_POINT('',(0.E+000,0.E+000,0.E+000));
#77 = DIRECTION('',(0.E+000,0.E+000,1.));
#78 = DIRECTION('',(1.,0.E+000,-0.E+000));
#79 = AXIS2_PLACEMENT_3D('',#80,#81,#82);
#80 = CARTESIAN_POINT('',(0.E+000,0.E+000,0.E+000));
#81 = DIRECTION('',(0.E+000,0.E+000,1.));
#82 = DIRECTION('',(1.,0.E+000,-0.E+000));
#83 = AXIS2_PLACEMENT_3D('',#84,#85,#86);
#84 = CARTESIAN_POINT('',(0.E+000,0.E+000,0.E+000));
#85 = DIRECTION('',(0.E+000,0.E+000,1.));
#86 = DIRECTION('',(1.,0.E+000,-0.E+000));
#87 = AXIS2_PLACEMENT_3D('',#88,#89,#90);
#88 = CARTESIAN_POINT('',(0.E+000,0.E+000,0.E+000));
#89 = DIRECTION('',(0.E+000,0.E+000,1.));
#90 = DIRECTION('',(1.,0.E+000,-0.E+000));
#91 = AXIS2_PLACEMENT_3D('',#92,#93,#94);
#92 = CARTESIAN_POINT('',(0.E+000,0.E+000,0.E+000));
#93 = DIRECTION('',(0.E+000,0.E+000,1.));
#94 = DIRECTION('',(1.,0.E+000,-0.E+000));
#95 = AXIS2_PLACEMENT_3D('',#96,#97,#98);
#96 = CARTESIAN_POINT('',(0.E+000,0.E+000,0.E+000));
#97 = DIRECTION('',(0.E+000,0.E+000,1.));
#98 = DIRECTION('',(1.,0.E+000,-0.E+000));
#99 = ( GEOMETRIC_REPRESENTATION_CONTEXT(3) 
GLOBAL_UNCERTAINTY_ASSIGNED_CONTEXT((#103)) GLOBAL_UNIT_ASSIGNED_CONTEXT
((#100,#101,#102)) REPRESENTATION_CONTEXT('Context #1',
  '3D Context with UNIT and UNCERTAINTY') );
#100 = ( LENGTH_UNIT() NAMED_UNIT(*) SI_UNIT(.MILLI.,.METRE.) );
#101 = ( NAMED_UNIT(*) PLANE_ANGLE_UNIT() SI_UNIT($,.RADIAN.) );
#102 = ( NAMED_UNIT(*) SI_UNIT($,.STERADIAN.) SOLID_ANGLE_UNIT() );
#103 = UNCERTAINTY_MEASURE_WITH_UNIT(LENGTH_MEASURE(1.E-007),#100,
  'distance_accuracy_value','confusion accuracy');
#104 = PRODUCT_RELATED_PRODUCT_CATEGORY('part',$,(#7));
#105 = ADVANCED_BREP_SHAPE_REPRESENTATION('',(#11,#106),#5892);
#106 = MANIFOLD_SOLID_BREP('',#107);
#107 = CLOSED_SHELL('',(#108,#228,#304,#380,#456,#532,#608,#684,#760,
    #836,#912,#988,#1064,#1140,#1216,#1292,#1368,#1444,#1520,#1596,#1672
    ,#1748,#1824,#1900,#1976,#2052,#2128,#2204,#2280,#2356,#2432,#2508,
    #2584,#2660,#2736,#2812,#2888,#2964,#3040,#3116,#3192,#3268,#3344,
    #3420,#3496,#3572,#3648,#3724,#3800,#3876,#3952,#4023,#4070,#4180,
    #4266,#4337,#4394,#4480,#4566,#4676,#4762,#4833,#4890,#4976,#5086,
    #5172,#5243,#5300,#5410,#5496,#5567,#5624,#5710,#5801));
#108 = ADVANCED_FACE('',(#109),#123,.F.);
#109 = FACE_BOUND('',#110,.F.);
#110 = EDGE_LOOP('',(#111,#146,#174,#202));
#111 = ORIENTED_EDGE('',*,*,#112,.T.);
#112 = EDGE_CURVE('',#113,#115,#117,.T.);
#113 = VERTEX_POINT('',#114);
#114 = CARTESIAN_POINT('',(76.20280416,68.25516702,0.E+000));
#115 = VERTEX_POINT('',#116);
#116 = CARTESIAN_POINT('',(76.20280416,68.25516702,0.7984236));
#117 = SURFACE_CURVE('',#118,(#122,#134),.PCURVE_S1.);
#118 = LINE('',#119,#120);
#119 = CARTESIAN_POINT('',(76.20280416,68.25516702,0.E+000));
#120 = VECTOR('',#121,1.);
#121 = DIRECTION('',(0.E+000,0.E+000,1.));
#122 = PCURVE('',#123,#128);
#123 = PLANE('',#124);
#124 = AXIS2_PLACEMENT_3D('',#125,#126,#127);
#125 = CARTESIAN_POINT('',(76.20280416,68.25516702,0.E+000));
#126 = DIRECTION('',(-8.051755536918E-005,0.999999996758,0.E+000));
#127 = DIRECTION('',(0.999999996758,8.051755536918E-005,0.E+000));
#128 = DEFINITIONAL_REPRESENTATION('',(#129),#133);
#129 = LINE('',#130,#131);
#130 = CARTESIAN_POINT('',(0.E+000,0.E+000));
#131 = VECTOR('',#132,1.);
#132 = DIRECTION('',(0.E+000,-1.));
#133 = ( GEOMETRIC_REPRESENTATION_CONTEXT(2) 
PARAMETRIC_REPRESENTATION_CONTEXT() REPRESENTATION_CONTEXT('2D SPACE',''
  ) );
#134 = PCURVE('',#135,#140);
#135 = PLANE('',#136);
#136 = AXIS2_PLACEMENT_3D('',#137,#138,#139);
#137 = CARTESIAN_POINT('',(73.50991394,71.7762344,0.E+000));
#138 = DIRECTION('',(0.794324164683,0.607494132812,-0.E+000));
#139 = DIRECTION('',(0.607494132812,-0.794324164683,0.E+000));
#140 = DEFINITIONAL_REPRESENTATION('',(#141),#145);
#141 = LINE('',#142,#143);
#142 = CARTESIAN_POINT('',(4.432783914367,0.E+000));
#143 = VECTOR('',#144,1.);
#144 = DIRECTION('',(0.E+000,-1.));
#145 = ( GEOMETRIC_REPRESENTATION_CONTEXT(2) 
PARAMETRIC_REPRESENTATION_CONTEXT() REPRESENTATION_CONTEXT('2D SPACE',''
  ) );
#146 = ORIENTED_EDGE('',*,*,#147,.T.);
#147 = EDGE_CURVE('',#115,#148,#150,.T.);
#148 = VERTEX_POINT('',#149);
#149 = CARTESIAN_POINT('',(82.54353316,68.25567756,0.7984236));
#150 = SURFACE_CURVE('',#151,(#155,#162),.PCURVE_S1.);
#151 = LINE('',#152,#153);
#152 = CARTESIAN_POINT('',(76.20280416,68.25516702,0.7984236));
#153 = VECTOR('',#154,1.);
#154 = DIRECTION('',(0.999999996758,8.051755536918E-005,0.E+000));
#155 = PCURVE('',#123,#156);
#156 = DEFINITIONAL_REPRESENTATION('',(#157),#161);
#157 = LINE('',#158,#159);
#158 = CARTESIAN_POINT('',(0.E+000,-0.7984236));
#159 = VECTOR('',#160,1.);
#160 = DIRECTION('',(1.,0.E+000));
#161 = ( GEOMETRIC_REPRESENTATION_CONTEXT(2) 
PARAMETRIC_REPRESENTATION_CONTEXT() REPRESENTATION_CONTEXT('2D SPACE',''
  ) );
#162 = PCURVE('',#163,#168);
#163 = PLANE('',#164);
#164 = AXIS2_PLACEMENT_3D('',#165,#166,#167);
#165 = CARTESIAN_POINT('',(76.20280416,68.25516702,0.7984236));
#166 = DIRECTION('',(0.E+000,0.E+000,-1.));
#167 = DIRECTION('',(-1.,0.E+000,-0.E+000));
#168 = DEFINITIONAL_REPRESENTATION('',(#169),#173);
#169 = LINE('',#170,#171);
#170 = CARTESIAN_POINT('',(0.E+000,0.E+000));
#171 = VECTOR('',#172,1.);
#172 = DIRECTION('',(-0.999999996758,8.051755536918E-005));
#173 = ( GEOMETRIC_REPRESENTATION_CONTEXT(2) 
PARAMETRIC_REPRESENTATION_CONTEXT() REPRESENTATION_CONTEXT('2D SPACE',''
  ) );
#174 = ORIENTED_EDGE('',*,*,#175,.F.);
#175 = EDGE_CURVE('',#176,#148,#178,.T.);
#176 = VERTEX_POINT('',#177);
#177 = CARTESIAN_POINT('',(82.54353316,68.25567756,0.E+000));
#178 = SURFACE_CURVE('',#179,(#183,#190),.PCURVE_S1.);
#179 = LINE('',#180,#181);
#180 = CARTESIAN_POINT('',(82.54353316,68.25567756,0.E+000));
#181 = VECTOR('',#182,1.);
#182 = DIRECTION('',(0.E+000,0.E+000,1.));
#183 = PCURVE('',#123,#184);
#184 = DEFINITIONAL_REPRESENTATION('',(#185),#189);
#185 = LINE('',#186,#187);
#186 = CARTESIAN_POINT('',(6.340729020554,0.E+000));
#187 = VECTOR('',#188,1.);
#188 = DIRECTION('',(0.E+000,-1.));
#189 = ( GEOMETRIC_REPRESENTATION_CONTEXT(2) 
PARAMETRIC_REPRESENTATION_CONTEXT() REPRESENTATION_CONTEXT('2D SPACE',''
  ) );
#190 = PCURVE('',#191,#196);
#191 = PLANE('',#192);
#192 = AXIS2_PLACEMENT_3D('',#193,#194,#195);
#193 = CARTESIAN_POINT('',(82.54353316,68.25567756,0.E+000));
#194 = DIRECTION('',(-0.706886474205,0.70732701955,0.E+000));
#195 = DIRECTION('',(0.70732701955,0.706886474205,0.E+000));
#196 = DEFINITIONAL_REPRESENTATION('',(#197),#201);
#197 = LINE('',#198,#199);
#198 = CARTESIAN_POINT('',(0.E+000,0.E+000));
#199 = VECTOR('',#200,1.);
#200 = DIRECTION('',(0.E+000,-1.));
#201 = ( GEOMETRIC_REPRESENTATION_CONTEXT(2) 
PARAMETRIC_REPRESENTATION_CONTEXT() REPRESENTATION_CONTEXT('2D SPACE',''
  ) );
#202 = ORIENTED_EDGE('',*,*,#203,.F.);
#203 = EDGE_CURVE('',#113,#176,#204,.T.);
#204 = SURFACE_CURVE('',#205,(#209,#216),.PCURVE_S1.);
#205 = LINE('',#206,#207);
#206 = CARTESIAN_POINT('',(76.20280416,68.25516702,0.E+000));
#207 = VECTOR('',#208,1.);
#208 = DIRECTION('',(0.999999996758,8.051755536918E-005,0.E+000));
#209 = PCURVE('',#123,#210);
#210 = DEFINITIONAL_REPRESENTATION('',(#211),#215);
#211 = LINE('',#212,#213);
#212 = CARTESIAN_POINT('',(0.E+000,0.E+000));
#213 = VECTOR('',#214,1.);
#214 = DIRECTION('',(1.,0.E+000));
#215 = ( GEOMETRIC_REPRESENTATION_CONTEXT(2) 
PARAMETRIC_REPRESENTATION_CONTEXT() REPRESENTATION_CONTEXT('2D SPACE',''
  ) );
#216 = PCURVE('',#217,#222);
#217 = PLANE('',#218);
#218 = AXIS2_PLACEMENT_3D('',#219,#220,#221);
#219 = CARTESIAN_POINT('',(76.20280416,68.25516702,0.E+000));
#220 = DIRECTION('',(0.E+000,0.E+000,-1.));
#221 = DIRECTION('',(-1.,0.E+000,-0.E+000));
#222 = DEFINITIONAL_REPRESENTATION('',(#223),#227);
#223 = LINE('',#224,#225);
#224 = CARTESIAN_POINT('',(0.E+000,0.E+000));
#225 = VECTOR('',#226,1.);
#226 = DIRECTION('',(-0.999999996758,8.051755536918E-005));
#227 = ( GEOMETRIC_REPRESENTATION_CONTEXT(2) 
PARAMETRIC_REPRESENTATION_CONTEXT() REPRESENTATION_CONTEXT('2D SPACE',''
  ) );
#228 = ADVANCED_FACE('',(#229),#191,.F.);
#229 = FACE_BOUND('',#230,.F.);
#230 = EDGE_LOOP('',(#231,#232,#255,#283));
#231 = ORIENTED_EDGE('',*,*,#175,.T.);
#232 = ORIENTED_EDGE('',*,*,#233,.T.);
#233 = EDGE_CURVE('',#148,#234,#236,.T.);
#234 = VERTEX_POINT('',#235);
#235 = CARTESIAN_POINT('',(82.57208022,68.28420684,0.7984236));
#236 = SURFACE_CURVE('',#237,(#241,#248),.PCURVE_S1.);
#237 = LINE('',#238,#239);
#238 = CARTESIAN_POINT('',(82.54353316,68.25567756,0.7984236));
#239 = VECTOR('',#240,1.);
#240 = DIRECTION('',(0.70732701955,0.706886474205,0.E+000));
#241 = PCURVE('',#191,#242);
#242 = DEFINITIONAL_REPRESENTATION('',(#243),#247);
#243 = LINE('',#244,#245);
#244 = CARTESIAN_POINT('',(0.E+000,-0.7984236));
#245 = VECTOR('',#246,1.);
#246 = DIRECTION('',(1.,0.E+000));
#247 = ( GEOMETRIC_REPRESENTATION_CONTEXT(2) 
PARAMETRIC_REPRESENTATION_CONTEXT() REPRESENTATION_CONTEXT('2D SPACE',''
  ) );
#248 = PCURVE('',#163,#249);
#249 = DEFINITIONAL_REPRESENTATION('',(#250),#254);
#250 = LINE('',#251,#252);
#251 = CARTESIAN_POINT('',(-6.340729,5.105399999934E-004));
#252 = VECTOR('',#253,1.);
#253 = DIRECTION('',(-0.70732701955,0.706886474205));
#254 = ( GEOMETRIC_REPRESENTATION_CONTEXT(2) 
PARAMETRIC_REPRESENTATION_CONTEXT() REPRESENTATION_CONTEXT('2D SPACE',''
  ) );
#255 = ORIENTED_EDGE('',*,*,#256,.F.);
#256 = EDGE_CURVE('',#257,#234,#259,.T.);
#257 = VERTEX_POINT('',#258);
#258 = CARTESIAN_POINT('',(82.57208022,68.28420684,0.E+000));
#259 = SURFACE_CURVE('',#260,(#264,#271),.PCURVE_S1.);
#260 = LINE('',#261,#262);
#261 = CARTESIAN_POINT('',(82.57208022,68.28420684,0.E+000));
#262 = VECTOR('',#263,1.);
#263 = DIRECTION('',(0.E+000,0.E+000,1.));
#264 = PCURVE('',#191,#265);
#265 = DEFINITIONAL_REPRESENTATION('',(#266),#270);
#266 = LINE('',#267,#268);
#267 = CARTESIAN_POINT('',(4.035906901754E-002,0.E+000));
#268 = VECTOR('',#269,1.);
#269 = DIRECTION('',(0.E+000,-1.));
#270 = ( GEOMETRIC_REPRESENTATION_CONTEXT(2) 
PARAMETRIC_REPRESENTATION_CONTEXT() REPRESENTATION_CONTEXT('2D SPACE',''
  ) );
#271 = PCURVE('',#272,#277);
#272 = PLANE('',#273);
#273 = AXIS2_PLACEMENT_3D('',#274,#275,#276);
#274 = CARTESIAN_POINT('',(82.57208022,68.28420684,0.E+000));
#275 = DIRECTION('',(-0.794429202979,0.607356766205,0.E+000));
#276 = DIRECTION('',(0.607356766205,0.794429202979,0.E+000));
#277 = DEFINITIONAL_REPRESENTATION('',(#278),#282);
#278 = LINE('',#279,#280);
#279 = CARTESIAN_POINT('',(0.E+000,0.E+000));
#280 = VECTOR('',#281,1.);
#281 = DIRECTION('',(0.E+000,-1.));
#282 = ( GEOMETRIC_REPRESENTATION_CONTEXT(2) 
PARAMETRIC_REPRESENTATION_CONTEXT() REPRESENTATION_CONTEXT('2D SPACE',''
  ) );
#283 = ORIENTED_EDGE('',*,*,#284,.F.);
#284 = EDGE_CURVE('',#176,#257,#285,.T.);
#285 = SURFACE_CURVE('',#286,(#290,#297),.PCURVE_S1.);
#286 = LINE('',#287,#288);
#287 = CARTESIAN_POINT('',(82.54353316,68.25567756,0.E+000));
#288 = VECTOR('',#289,1.);
#289 = DIRECTION('',(0.70732701955,0.706886474205,0.E+000));
#290 = PCURVE('',#191,#291);
#291 = DEFINITIONAL_REPRESENTATION('',(#292),#296);
#292 = LINE('',#293,#294);
#293 = CARTESIAN_POINT('',(0.E+000,0.E+000));
#294 = VECTOR('',#295,1.);
#295 = DIRECTION('',(1.,0.E+000));
#296 = ( GEOMETRIC_REPRESENTATION_CONTEXT(2) 
PARAMETRIC_REPRESENTATION_CONTEXT() REPRESENTATION_CONTEXT('2D SPACE',''
  ) );
#297 = PCURVE('',#217,#298);
#298 = DEFINITIONAL_REPRESENTATION('',(#299),#303);
#299 = LINE('',#300,#301);
#300 = CARTESIAN_POINT('',(-6.340729,5.105399999934E-004));
#301 = VECTOR('',#302,1.);
#302 = DIRECTION('',(-0.70732701955,0.706886474205));
#303 = ( GEOMETRIC_REPRESENTATION_CONTEXT(2) 
PARAMETRIC_REPRESENTATION_CONTEXT() REPRESENTATION_CONTEXT('2D SPACE',''
  ) );
#304 = ADVANCED_FACE('',(#305),#272,.F.);
#305 = FACE_BOUND('',#306,.F.);
#306 = EDGE_LOOP('',(#307,#308,#331,#359));
#307 = ORIENTED_EDGE('',*,*,#256,.T.);
#308 = ORIENTED_EDGE('',*,*,#309,.T.);
#309 = EDGE_CURVE('',#234,#310,#312,.T.);
#310 = VERTEX_POINT('',#311);
#311 = CARTESIAN_POINT('',(85.26345406,71.80455286,0.7984236));
#312 = SURFACE_CURVE('',#313,(#317,#324),.PCURVE_S1.);
#313 = LINE('',#314,#315);
#314 = CARTESIAN_POINT('',(82.57208022,68.28420684,0.7984236));
#315 = VECTOR('',#316,1.);
#316 = DIRECTION('',(0.607356766205,0.794429202979,0.E+000));
#317 = PCURVE('',#272,#318);
#318 = DEFINITIONAL_REPRESENTATION('',(#319),#323);
#319 = LINE('',#320,#321);
#320 = CARTESIAN_POINT('',(0.E+000,-0.7984236));
#321 = VECTOR('',#322,1.);
#322 = DIRECTION('',(1.,0.E+000));
#323 = ( GEOMETRIC_REPRESENTATION_CONTEXT(2) 
PARAMETRIC_REPRESENTATION_CONTEXT() REPRESENTATION_CONTEXT('2D SPACE',''
  ) );
#324 = PCURVE('',#163,#325);
#325 = DEFINITIONAL_REPRESENTATION('',(#326),#330);
#326 = LINE('',#327,#328);
#327 = CARTESIAN_POINT('',(-6.36927606,2.903981999999E-002));
#328 = VECTOR('',#329,1.);
#329 = DIRECTION('',(-0.607356766205,0.794429202979));
#330 = ( GEOMETRIC_REPRESENTATION_CONTEXT(2) 
PARAMETRIC_REPRESENTATION_CONTEXT() REPRESENTATION_CONTEXT('2D SPACE',''
  ) );
#331 = ORIENTED_EDGE('',*,*,#332,.F.);
#332 = EDGE_CURVE('',#333,#310,#335,.T.);
#333 = VERTEX_POINT('',#334);
#334 = CARTESIAN_POINT('',(85.26345406,71.80455286,0.E+000));
#335 = SURFACE_CURVE('',#336,(#340,#347),.PCURVE_S1.);
#336 = LINE('',#337,#338);
#337 = CARTESIAN_POINT('',(85.26345406,71.80455286,0.E+000));
#338 = VECTOR('',#339,1.);
#339 = DIRECTION('',(0.E+000,0.E+000,1.));
#340 = PCURVE('',#272,#341);
#341 = DEFINITIONAL_REPRESENTATION('',(#342),#346);
#342 = LINE('',#343,#344);
#343 = CARTESIAN_POINT('',(4.431289794988,0.E+000));
#344 = VECTOR('',#345,1.);
#345 = DIRECTION('',(0.E+000,-1.));
#346 = ( GEOMETRIC_REPRESENTATION_CONTEXT(2) 
PARAMETRIC_REPRESENTATION_CONTEXT() REPRESENTATION_CONTEXT('2D SPACE',''
  ) );
#347 = PCURVE('',#348,#353);
#348 = PLANE('',#349);
#349 = AXIS2_PLACEMENT_3D('',#350,#351,#352);
#350 = CARTESIAN_POINT('',(85.26345406,71.80455286,0.E+000));
#351 = DIRECTION('',(-0.799962876647,0.600049494613,0.E+000));
#352 = DIRECTION('',(0.600049494613,0.799962876647,0.E+000));
#353 = DEFINITIONAL_REPRESENTATION('',(#354),#358);
#354 = LINE('',#355,#356);
#355 = CARTESIAN_POINT('',(0.E+000,0.E+000));
#356 = VECTOR('',#357,1.);
#357 = DIRECTION('',(0.E+000,-1.));
#358 = ( GEOMETRIC_REPRESENTATION_CONTEXT(2) 
PARAMETRIC_REPRESENTATION_CONTEXT() REPRESENTATION_CONTEXT('2D SPACE',''
  ) );
#359 = ORIENTED_EDGE('',*,*,#360,.F.);
#360 = EDGE_CURVE('',#257,#333,#361,.T.);
#361 = SURFACE_CURVE('',#362,(#366,#373),.PCURVE_S1.);
#362 = LINE('',#363,#364);
#363 = CARTESIAN_POINT('',(82.57208022,68.28420684,0.E+000));
#364 = VECTOR('',#365,1.);
#365 = DIRECTION('',(0.607356766205,0.794429202979,0.E+000));
#366 = PCURVE('',#272,#367);
#367 = DEFINITIONAL_REPRESENTATION('',(#368),#372);
#368 = LINE('',#369,#370);
#369 = CARTESIAN_POINT('',(0.E+000,0.E+000));
#370 = VECTOR('',#371,1.);
#371 = DIRECTION('',(1.,0.E+000));
#372 = ( GEOMETRIC_REPRESENTATION_CONTEXT(2) 
PARAMETRIC_REPRESENTATION_CONTEXT() REPRESENTATION_CONTEXT('2D SPACE',''
  ) );
#373 = PCURVE('',#217,#374);
#374 = DEFINITIONAL_REPRESENTATION('',(#375),#379);
#375 = LINE('',#376,#377);
#376 = CARTESIAN_POINT('',(-6.36927606,2.903981999999E-002));
#377 = VECTOR('',#378,1.);
#378 = DIRECTION('',(-0.607356766205,0.794429202979));
#379 = ( GEOMETRIC_REPRESENTATION_CONTEXT(2) 
PARAMETRIC_REPRESENTATION_CONTEXT() REPRESENTATION_CONTEXT('2D SPACE',''
  ) );
#380 = ADVANCED_FACE('',(#381),#348,.F.);
#381 = FACE_BOUND('',#382,.F.);
#382 = EDGE_LOOP('',(#383,#384,#407,#435));
#383 = ORIENTED_EDGE('',*,*,#332,.T.);
#384 = ORIENTED_EDGE('',*,*,#385,.T.);
#385 = EDGE_CURVE('',#310,#386,#388,.T.);
#386 = VERTEX_POINT('',#387);
#387 = CARTESIAN_POINT('',(87.3573818,74.59609668,0.7984236));
#388 = SURFACE_CURVE('',#389,(#393,#400),.PCURVE_S1.);
#389 = LINE('',#390,#391);
#390 = CARTESIAN_POINT('',(85.26345406,71.80455286,0.7984236));
#391 = VECTOR('',#392,1.);
#392 = DIRECTION('',(0.600049494613,0.799962876647,0.E+000));
#393 = PCURVE('',#348,#394);
#394 = DEFINITIONAL_REPRESENTATION('',(#395),#399);
#395 = LINE('',#396,#397);
#396 = CARTESIAN_POINT('',(0.E+000,-0.7984236));
#397 = VECTOR('',#398,1.);
#398 = DIRECTION('',(1.,0.E+000));
#399 = ( GEOMETRIC_REPRESENTATION_CONTEXT(2) 
PARAMETRIC_REPRESENTATION_CONTEXT() REPRESENTATION_CONTEXT('2D SPACE',''
  ) );
#400 = PCURVE('',#163,#401);
#401 = DEFINITIONAL_REPRESENTATION('',(#402),#406);
#402 = LINE('',#403,#404);
#403 = CARTESIAN_POINT('',(-9.0606499,3.54938584));
#404 = VECTOR('',#405,1.);
#405 = DIRECTION('',(-0.600049494613,0.799962876647));
#406 = ( GEOMETRIC_REPRESENTATION_CONTEXT(2) 
PARAMETRIC_REPRESENTATION_CONTEXT() REPRESENTATION_CONTEXT('2D SPACE',''
  ) );
#407 = ORIENTED_EDGE('',*,*,#408,.F.);
#408 = EDGE_CURVE('',#409,#386,#411,.T.);
#409 = VERTEX_POINT('',#410);
#410 = CARTESIAN_POINT('',(87.3573818,74.59609668,0.E+000));
#411 = SURFACE_CURVE('',#412,(#416,#423),.PCURVE_S1.);
#412 = LINE('',#413,#414);
#413 = CARTESIAN_POINT('',(87.3573818,74.59609668,0.E+000));
#414 = VECTOR('',#415,1.);
#415 = DIRECTION('',(0.E+000,0.E+000,1.));
#416 = PCURVE('',#348,#417);
#417 = DEFINITIONAL_REPRESENTATION('',(#418),#422);
#418 = LINE('',#419,#420);
#419 = CARTESIAN_POINT('',(3.489591706679,0.E+000));
#420 = VECTOR('',#421,1.);
#421 = DIRECTION('',(0.E+000,-1.));
#422 = ( GEOMETRIC_REPRESENTATION_CONTEXT(2) 
PARAMETRIC_REPRESENTATION_CONTEXT() REPRESENTATION_CONTEXT('2D SPACE',''
  ) );
#423 = PCURVE('',#424,#429);
#424 = PLANE('',#425);
#425 = AXIS2_PLACEMENT_3D('',#426,#427,#428);
#426 = CARTESIAN_POINT('',(87.3573818,74.59609668,0.E+000));
#427 = DIRECTION('',(-0.80320817859,0.595698431966,0.E+000));
#428 = DIRECTION('',(0.595698431966,0.80320817859,0.E+000));
#429 = DEFINITIONAL_REPRESENTATION('',(#430),#434);
#430 = LINE('',#431,#432);
#431 = CARTESIAN_POINT('',(0.E+000,0.E+000));
#432 = VECTOR('',#433,1.);
#433 = DIRECTION('',(0.E+000,-1.));
#434 = ( GEOMETRIC_REPRESENTATION_CONTEXT(2) 
PARAMETRIC_REPRESENTATION_CONTEXT() REPRESENTATION_CONTEXT('2D SPACE',''
  ) );
#435 = ORIENTED_EDGE('',*,*,#436,.F.);
#436 = EDGE_CURVE('',#333,#409,#437,.T.);
#437 = SURFACE_CURVE('',#438,(#442,#449),.PCURVE_S1.);
#438 = LINE('',#439,#440);
#439 = CARTESIAN_POINT('',(85.26345406,71.80455286,0.E+000));
#440 = VECTOR('',#441,1.);
#441 = DIRECTION('',(0.600049494613,0.799962876647,0.E+000));
#442 = PCURVE('',#348,#443);
#443 = DEFINITIONAL_REPRESENTATION('',(#444),#448);
#444 = LINE('',#445,#446);
#445 = CARTESIAN_POINT('',(0.E+000,0.E+000));
#446 = VECTOR('',#447,1.);
#447 = DIRECTION('',(1.,0.E+000));
#448 = ( GEOMETRIC_REPRESENTATION_CONTEXT(2) 
PARAMETRIC_REPRESENTATION_CONTEXT() REPRESENTATION_CONTEXT('2D SPACE',''
  ) );
#449 = PCURVE('',#217,#450);
#450 = DEFINITIONAL_REPRESENTATION('',(#451),#455);
#451 = LINE('',#452,#453);
#452 = CARTESIAN_POINT('',(-9.0606499,3.54938584));
#453 = VECTOR('',#454,1.);
#454 = DIRECTION('',(-0.600049494613,0.799962876647));
#455 = ( GEOMETRIC_REPRESENTATION_CONTEXT(2) 
PARAMETRIC_REPRESENTATION_CONTEXT() REPRESENTATION_CONTEXT('2D SPACE',''
  ) );
#456 = ADVANCED_FACE('',(#457),#424,.F.);
#457 = FACE_BOUND('',#458,.F.);
#458 = EDGE_LOOP('',(#459,#460,#483,#511));
#459 = ORIENTED_EDGE('',*,*,#408,.T.);
#460 = ORIENTED_EDGE('',*,*,#461,.T.);
#461 = EDGE_CURVE('',#386,#462,#464,.T.);
#462 = VERTEX_POINT('',#463);
#463 = CARTESIAN_POINT('',(87.87935688,75.2999002,0.7984236));
#464 = SURFACE_CURVE('',#465,(#469,#476),.PCURVE_S1.);
#465 = LINE('',#466,#467);
#466 = CARTESIAN_POINT('',(87.3573818,74.59609668,0.7984236));
#467 = VECTOR('',#468,1.);
#468 = DIRECTION('',(0.595698431966,0.80320817859,0.E+000));
#469 = PCURVE('',#424,#470);
#470 = DEFINITIONAL_REPRESENTATION('',(#471),#475);
#471 = LINE('',#472,#473);
#472 = CARTESIAN_POINT('',(0.E+000,-0.7984236));
#473 = VECTOR('',#474,1.);
#474 = DIRECTION('',(1.,0.E+000));
#475 = ( GEOMETRIC_REPRESENTATION_CONTEXT(2) 
PARAMETRIC_REPRESENTATION_CONTEXT() REPRESENTATION_CONTEXT('2D SPACE',''
  ) );
#476 = PCURVE('',#163,#477);
#477 = DEFINITIONAL_REPRESENTATION('',(#478),#482);
#478 = LINE('',#479,#480);
#479 = CARTESIAN_POINT('',(-11.15457764,6.34092966));
#480 = VECTOR('',#481,1.);
#481 = DIRECTION('',(-0.595698431966,0.80320817859));
#482 = ( GEOMETRIC_REPRESENTATION_CONTEXT(2) 
PARAMETRIC_REPRESENTATION_CONTEXT() REPRESENTATION_CONTEXT('2D SPACE',''
  ) );
#483 = ORIENTED_EDGE('',*,*,#484,.F.);
#484 = EDGE_CURVE('',#485,#462,#487,.T.);
#485 = VERTEX_POINT('',#486);
#486 = CARTESIAN_POINT('',(87.87935688,75.2999002,0.E+000));
#487 = SURFACE_CURVE('',#488,(#492,#499),.PCURVE_S1.);
#488 = LINE('',#489,#490);
#489 = CARTESIAN_POINT('',(87.87935688,75.2999002,0.E+000));
#490 = VECTOR('',#491,1.);
#491 = DIRECTION('',(0.E+000,0.E+000,1.));
#492 = PCURVE('',#424,#493);
#493 = DEFINITIONAL_REPRESENTATION('',(#494),#498);
#494 = LINE('',#495,#496);
#495 = CARTESIAN_POINT('',(0.876240480065,0.E+000));
#496 = VECTOR('',#497,1.);
#497 = DIRECTION('',(0.E+000,-1.));
#498 = ( GEOMETRIC_REPRESENTATION_CONTEXT(2) 
PARAMETRIC_REPRESENTATION_CONTEXT() REPRESENTATION_CONTEXT('2D SPACE',''
  ) );
#499 = PCURVE('',#500,#505);
#500 = PLANE('',#501);
#501 = AXIS2_PLACEMENT_3D('',#502,#503,#504);
#502 = CARTESIAN_POINT('',(87.87935688,75.2999002,0.E+000));
#503 = DIRECTION('',(-0.857728562052,0.51410282419,0.E+000));
#504 = DIRECTION('',(0.51410282419,0.857728562052,0.E+000));
#505 = DEFINITIONAL_REPRESENTATION('',(#506),#510);
#506 = LINE('',#507,#508);
#507 = CARTESIAN_POINT('',(0.E+000,0.E+000));
#508 = VECTOR('',#509,1.);
#509 = DIRECTION('',(0.E+000,-1.));
#510 = ( GEOMETRIC_REPRESENTATION_CONTEXT(2) 
PARAMETRIC_REPRESENTATION_CONTEXT() REPRESENTATION_CONTEXT('2D SPACE',''
  ) );
#511 = ORIENTED_EDGE('',*,*,#512,.F.);
#512 = EDGE_CURVE('',#409,#485,#513,.T.);
#513 = SURFACE_CURVE('',#514,(#518,#525),.PCURVE_S1.);
#514 = LINE('',#515,#516);
#515 = CARTESIAN_POINT('',(87.3573818,74.59609668,0.E+000));
#516 = VECTOR('',#517,1.);
#517 = DIRECTION('',(0.595698431966,0.80320817859,0.E+000));
#518 = PCURVE('',#424,#519);
#519 = DEFINITIONAL_REPRESENTATION('',(#520),#524);
#520 = LINE('',#521,#522);
#521 = CARTESIAN_POINT('',(0.E+000,0.E+000));
#522 = VECTOR('',#523,1.);
#523 = DIRECTION('',(1.,0.E+000));
#524 = ( GEOMETRIC_REPRESENTATION_CONTEXT(2) 
PARAMETRIC_REPRESENTATION_CONTEXT() REPRESENTATION_CONTEXT('2D SPACE',''
  ) );
#525 = PCURVE('',#217,#526);
#526 = DEFINITIONAL_REPRESENTATION('',(#527),#531);
#527 = LINE('',#528,#529);
#528 = CARTESIAN_POINT('',(-11.15457764,6.34092966));
#529 = VECTOR('',#530,1.);
#530 = DIRECTION('',(-0.595698431966,0.80320817859));
#531 = ( GEOMETRIC_REPRESENTATION_CONTEXT(2) 
PARAMETRIC_REPRESENTATION_CONTEXT() REPRESENTATION_CONTEXT('2D SPACE',''
  ) );
#532 = ADVANCED_FACE('',(#533),#500,.F.);
#533 = FACE_BOUND('',#534,.F.);
#534 = EDGE_LOOP('',(#535,#536,#559,#587));
#535 = ORIENTED_EDGE('',*,*,#484,.T.);
#536 = ORIENTED_EDGE('',*,*,#537,.T.);
#537 = EDGE_CURVE('',#462,#538,#540,.T.);
#538 = VERTEX_POINT('',#539);
#539 = CARTESIAN_POINT('',(88.40626718,76.17899674,0.7984236));
#540 = SURFACE_CURVE('',#541,(#545,#552),.PCURVE_S1.);
#541 = LINE('',#542,#543);
#542 = CARTESIAN_POINT('',(87.87935688,75.2999002,0.7984236));
#543 = VECTOR('',#544,1.);
#544 = DIRECTION('',(0.51410282419,0.857728562052,0.E+000));
#545 = PCURVE('',#500,#546);
#546 = DEFINITIONAL_REPRESENTATION('',(#547),#551);
#547 = LINE('',#548,#549);
#548 = CARTESIAN_POINT('',(0.E+000,-0.7984236));
#549 = VECTOR('',#550,1.);
#550 = DIRECTION('',(1.,0.E+000));
#551 = ( GEOMETRIC_REPRESENTATION_CONTEXT(2) 
PARAMETRIC_REPRESENTATION_CONTEXT() REPRESENTATION_CONTEXT('2D SPACE',''
  ) );
#552 = PCURVE('',#163,#553);
#553 = DEFINITIONAL_REPRESENTATION('',(#554),#558);
#554 = LINE('',#555,#556);
#555 = CARTESIAN_POINT('',(-11.67655272,7.04473318));
#556 = VECTOR('',#557,1.);
#557 = DIRECTION('',(-0.51410282419,0.857728562052));
#558 = ( GEOMETRIC_REPRESENTATION_CONTEXT(2) 
PARAMETRIC_REPRESENTATION_CONTEXT() REPRESENTATION_CONTEXT('2D SPACE',''
  ) );
#559 = ORIENTED_EDGE('',*,*,#560,.F.);
#560 = EDGE_CURVE('',#561,#538,#563,.T.);
#561 = VERTEX_POINT('',#562);
#562 = CARTESIAN_POINT('',(88.40626718,76.17899674,0.E+000));
#563 = SURFACE_CURVE('',#564,(#568,#575),.PCURVE_S1.);
#564 = LINE('',#565,#566);
#565 = CARTESIAN_POINT('',(88.40626718,76.17899674,0.E+000));
#566 = VECTOR('',#567,1.);
#567 = DIRECTION('',(0.E+000,0.E+000,1.));
#568 = PCURVE('',#500,#569);
#569 = DEFINITIONAL_REPRESENTATION('',(#570),#574);
#570 = LINE('',#571,#572);
#571 = CARTESIAN_POINT('',(1.024912284484,0.E+000));
#572 = VECTOR('',#573,1.);
#573 = DIRECTION('',(0.E+000,-1.));
#574 = ( GEOMETRIC_REPRESENTATION_CONTEXT(2) 
PARAMETRIC_REPRESENTATION_CONTEXT() REPRESENTATION_CONTEXT('2D SPACE',''
  ) );
#575 = PCURVE('',#576,#581);
#576 = PLANE('',#577);
#577 = AXIS2_PLACEMENT_3D('',#578,#579,#580);
#578 = CARTESIAN_POINT('',(88.40626718,76.17899674,0.E+000));
#579 = DIRECTION('',(-0.903989237958,0.427555210068,0.E+000));
#580 = DIRECTION('',(0.427555210068,0.903989237958,0.E+000));
#581 = DEFINITIONAL_REPRESENTATION('',(#582),#586);
#582 = LINE('',#583,#584);
#583 = CARTESIAN_POINT('',(0.E+000,0.E+000));
#584 = VECTOR('',#585,1.);
#585 = DIRECTION('',(0.E+000,-1.));
#586 = ( GEOMETRIC_REPRESENTATION_CONTEXT(2) 
PARAMETRIC_REPRESENTATION_CONTEXT() REPRESENTATION_CONTEXT('2D SPACE',''
  ) );
#587 = ORIENTED_EDGE('',*,*,#588,.F.);
#588 = EDGE_CURVE('',#485,#561,#589,.T.);
#589 = SURFACE_CURVE('',#590,(#594,#601),.PCURVE_S1.);
#590 = LINE('',#591,#592);
#591 = CARTESIAN_POINT('',(87.87935688,75.2999002,0.E+000));
#592 = VECTOR('',#593,1.);
#593 = DIRECTION('',(0.51410282419,0.857728562052,0.E+000));
#594 = PCURVE('',#500,#595);
#595 = DEFINITIONAL_REPRESENTATION('',(#596),#600);
#596 = LINE('',#597,#598);
#597 = CARTESIAN_POINT('',(0.E+000,0.E+000));
#598 = VECTOR('',#599,1.);
#599 = DIRECTION('',(1.,0.E+000));
#600 = ( GEOMETRIC_REPRESENTATION_CONTEXT(2) 
PARAMETRIC_REPRESENTATION_CONTEXT() REPRESENTATION_CONTEXT('2D SPACE',''
  ) );
#601 = PCURVE('',#217,#602);
#602 = DEFINITIONAL_REPRESENTATION('',(#603),#607);
#603 = LINE('',#604,#605);
#604 = CARTESIAN_POINT('',(-11.67655272,7.04473318));
#605 = VECTOR('',#606,1.);
#606 = DIRECTION('',(-0.51410282419,0.857728562052));
#607 = ( GEOMETRIC_REPRESENTATION_CONTEXT(2) 
PARAMETRIC_REPRESENTATION_CONTEXT() REPRESENTATION_CONTEXT('2D SPACE',''
  ) );
#608 = ADVANCED_FACE('',(#609),#576,.F.);
#609 = FACE_BOUND('',#610,.F.);
#610 = EDGE_LOOP('',(#611,#612,#635,#663));
#611 = ORIENTED_EDGE('',*,*,#560,.T.);
#612 = ORIENTED_EDGE('',*,*,#613,.T.);
#613 = EDGE_CURVE('',#538,#614,#616,.T.);
#614 = VERTEX_POINT('',#615);
#615 = CARTESIAN_POINT('',(88.84447306,77.10550492,0.7984236));
#616 = SURFACE_CURVE('',#617,(#621,#628),.PCURVE_S1.);
#617 = LINE('',#618,#619);
#618 = CARTESIAN_POINT('',(88.40626718,76.17899674,0.7984236));
#619 = VECTOR('',#620,1.);
#620 = DIRECTION('',(0.427555210068,0.903989237958,0.E+000));
#621 = PCURVE('',#576,#622);
#622 = DEFINITIONAL_REPRESENTATION('',(#623),#627);
#623 = LINE('',#624,#625);
#624 = CARTESIAN_POINT('',(0.E+000,-0.7984236));
#625 = VECTOR('',#626,1.);
#626 = DIRECTION('',(1.,0.E+000));
#627 = ( GEOMETRIC_REPRESENTATION_CONTEXT(2) 
PARAMETRIC_REPRESENTATION_CONTEXT() REPRESENTATION_CONTEXT('2D SPACE',''
  ) );
#628 = PCURVE('',#163,#629);
#629 = DEFINITIONAL_REPRESENTATION('',(#630),#634);
#630 = LINE('',#631,#632);
#631 = CARTESIAN_POINT('',(-12.20346302,7.92382972));
#632 = VECTOR('',#633,1.);
#633 = DIRECTION('',(-0.427555210068,0.903989237958));
#634 = ( GEOMETRIC_REPRESENTATION_CONTEXT(2) 
PARAMETRIC_REPRESENTATION_CONTEXT() REPRESENTATION_CONTEXT('2D SPACE',''
  ) );
#635 = ORIENTED_EDGE('',*,*,#636,.F.);
#636 = EDGE_CURVE('',#637,#614,#639,.T.);
#637 = VERTEX_POINT('',#638);
#638 = CARTESIAN_POINT('',(88.84447306,77.10550492,0.E+000));
#639 = SURFACE_CURVE('',#640,(#644,#651),.PCURVE_S1.);
#640 = LINE('',#641,#642);
#641 = CARTESIAN_POINT('',(88.84447306,77.10550492,0.E+000));
#642 = VECTOR('',#643,1.);
#643 = DIRECTION('',(0.E+000,0.E+000,1.));
#644 = PCURVE('',#576,#645);
#645 = DEFINITIONAL_REPRESENTATION('',(#646),#650);
#646 = LINE('',#647,#648);
#647 = CARTESIAN_POINT('',(1.024910630676,0.E+000));
#648 = VECTOR('',#649,1.);
#649 = DIRECTION('',(0.E+000,-1.));
#650 = ( GEOMETRIC_REPRESENTATION_CONTEXT(2) 
PARAMETRIC_REPRESENTATION_CONTEXT() REPRESENTATION_CONTEXT('2D SPACE',''
  ) );
#651 = PCURVE('',#652,#657);
#652 = PLANE('',#653);
#653 = AXIS2_PLACEMENT_3D('',#654,#655,#656);
#654 = CARTESIAN_POINT('',(88.84447306,77.10550492,0.E+000));
#655 = DIRECTION('',(-0.941544273697,0.336889270634,0.E+000));
#656 = DIRECTION('',(0.336889270634,0.941544273697,0.E+000));
#657 = DEFINITIONAL_REPRESENTATION('',(#658),#662);
#658 = LINE('',#659,#660);
#659 = CARTESIAN_POINT('',(0.E+000,0.E+000));
#660 = VECTOR('',#661,1.);
#661 = DIRECTION('',(0.E+000,-1.));
#662 = ( GEOMETRIC_REPRESENTATION_CONTEXT(2) 
PARAMETRIC_REPRESENTATION_CONTEXT() REPRESENTATION_CONTEXT('2D SPACE',''
  ) );
#663 = ORIENTED_EDGE('',*,*,#664,.F.);
#664 = EDGE_CURVE('',#561,#637,#665,.T.);
#665 = SURFACE_CURVE('',#666,(#670,#677),.PCURVE_S1.);
#666 = LINE('',#667,#668);
#667 = CARTESIAN_POINT('',(88.40626718,76.17899674,0.E+000));
#668 = VECTOR('',#669,1.);
#669 = DIRECTION('',(0.427555210068,0.903989237958,0.E+000));
#670 = PCURVE('',#576,#671);
#671 = DEFINITIONAL_REPRESENTATION('',(#672),#676);
#672 = LINE('',#673,#674);
#673 = CARTESIAN_POINT('',(0.E+000,0.E+000));
#674 = VECTOR('',#675,1.);
#675 = DIRECTION('',(1.,0.E+000));
#676 = ( GEOMETRIC_REPRESENTATION_CONTEXT(2) 
PARAMETRIC_REPRESENTATION_CONTEXT() REPRESENTATION_CONTEXT('2D SPACE',''
  ) );
#677 = PCURVE('',#217,#678);
#678 = DEFINITIONAL_REPRESENTATION('',(#679),#683);
#679 = LINE('',#680,#681);
#680 = CARTESIAN_POINT('',(-12.20346302,7.92382972));
#681 = VECTOR('',#682,1.);
#682 = DIRECTION('',(-0.427555210068,0.903989237958));
#683 = ( GEOMETRIC_REPRESENTATION_CONTEXT(2) 
PARAMETRIC_REPRESENTATION_CONTEXT() REPRESENTATION_CONTEXT('2D SPACE',''
  ) );
#684 = ADVANCED_FACE('',(#685),#652,.F.);
#685 = FACE_BOUND('',#686,.F.);
#686 = EDGE_LOOP('',(#687,#688,#711,#739));
#687 = ORIENTED_EDGE('',*,*,#636,.T.);
#688 = ORIENTED_EDGE('',*,*,#689,.T.);
#689 = EDGE_CURVE('',#614,#690,#692,.T.);
#690 = VERTEX_POINT('',#691);
#691 = CARTESIAN_POINT('',(89.18975558,78.0705068,0.7984236));
#692 = SURFACE_CURVE('',#693,(#697,#704),.PCURVE_S1.);
#693 = LINE('',#694,#695);
#694 = CARTESIAN_POINT('',(88.84447306,77.10550492,0.7984236));
#695 = VECTOR('',#696,1.);
#696 = DIRECTION('',(0.336889270634,0.941544273697,0.E+000));
#697 = PCURVE('',#652,#698);
#698 = DEFINITIONAL_REPRESENTATION('',(#699),#703);
#699 = LINE('',#700,#701);
#700 = CARTESIAN_POINT('',(0.E+000,-0.7984236));
#701 = VECTOR('',#702,1.);
#702 = DIRECTION('',(1.,0.E+000));
#703 = ( GEOMETRIC_REPRESENTATION_CONTEXT(2) 
PARAMETRIC_REPRESENTATION_CONTEXT() REPRESENTATION_CONTEXT('2D SPACE',''
  ) );
#704 = PCURVE('',#163,#705);
#705 = DEFINITIONAL_REPRESENTATION('',(#706),#710);
#706 = LINE('',#707,#708);
#707 = CARTESIAN_POINT('',(-12.6416689,8.8503379));
#708 = VECTOR('',#709,1.);
#709 = DIRECTION('',(-0.336889270634,0.941544273697));
#710 = ( GEOMETRIC_REPRESENTATION_CONTEXT(2) 
PARAMETRIC_REPRESENTATION_CONTEXT() REPRESENTATION_CONTEXT('2D SPACE',''
  ) );
#711 = ORIENTED_EDGE('',*,*,#712,.F.);
#712 = EDGE_CURVE('',#713,#690,#715,.T.);
#713 = VERTEX_POINT('',#714);
#714 = CARTESIAN_POINT('',(89.18975558,78.0705068,0.E+000));
#715 = SURFACE_CURVE('',#716,(#720,#727),.PCURVE_S1.);
#716 = LINE('',#717,#718);
#717 = CARTESIAN_POINT('',(89.18975558,78.0705068,0.E+000));
#718 = VECTOR('',#719,1.);
#719 = DIRECTION('',(0.E+000,0.E+000,1.));
#720 = PCURVE('',#652,#721);
#721 = DEFINITIONAL_REPRESENTATION('',(#722),#726);
#722 = LINE('',#723,#724);
#723 = CARTESIAN_POINT('',(1.024913970546,0.E+000));
#724 = VECTOR('',#725,1.);
#725 = DIRECTION('',(0.E+000,-1.));
#726 = ( GEOMETRIC_REPRESENTATION_CONTEXT(2) 
PARAMETRIC_REPRESENTATION_CONTEXT() REPRESENTATION_CONTEXT('2D SPACE',''
  ) );
#727 = PCURVE('',#728,#733);
#728 = PLANE('',#729);
#729 = AXIS2_PLACEMENT_3D('',#730,#731,#732);
#730 = CARTESIAN_POINT('',(89.18975558,78.0705068,0.E+000));
#731 = DIRECTION('',(-0.970031021888,0.24298110333,0.E+000));
#732 = DIRECTION('',(0.24298110333,0.970031021888,0.E+000));
#733 = DEFINITIONAL_REPRESENTATION('',(#734),#738);
#734 = LINE('',#735,#736);
#735 = CARTESIAN_POINT('',(0.E+000,0.E+000));
#736 = VECTOR('',#737,1.);
#737 = DIRECTION('',(0.E+000,-1.));
#738 = ( GEOMETRIC_REPRESENTATION_CONTEXT(2) 
PARAMETRIC_REPRESENTATION_CONTEXT() REPRESENTATION_CONTEXT('2D SPACE',''
  ) );
#739 = ORIENTED_EDGE('',*,*,#740,.F.);
#740 = EDGE_CURVE('',#637,#713,#741,.T.);
#741 = SURFACE_CURVE('',#742,(#746,#753),.PCURVE_S1.);
#742 = LINE('',#743,#744);
#743 = CARTESIAN_POINT('',(88.84447306,77.10550492,0.E+000));
#744 = VECTOR('',#745,1.);
#745 = DIRECTION('',(0.336889270634,0.941544273697,0.E+000));
#746 = PCURVE('',#652,#747);
#747 = DEFINITIONAL_REPRESENTATION('',(#748),#752);
#748 = LINE('',#749,#750);
#749 = CARTESIAN_POINT('',(0.E+000,0.E+000));
#750 = VECTOR('',#751,1.);
#751 = DIRECTION('',(1.,0.E+000));
#752 = ( GEOMETRIC_REPRESENTATION_CONTEXT(2) 
PARAMETRIC_REPRESENTATION_CONTEXT() REPRESENTATION_CONTEXT('2D SPACE',''
  ) );
#753 = PCURVE('',#217,#754);
#754 = DEFINITIONAL_REPRESENTATION('',(#755),#759);
#755 = LINE('',#756,#757);
#756 = CARTESIAN_POINT('',(-12.6416689,8.8503379));
#757 = VECTOR('',#758,1.);
#758 = DIRECTION('',(-0.336889270634,0.941544273697));
#759 = ( GEOMETRIC_REPRESENTATION_CONTEXT(2) 
PARAMETRIC_REPRESENTATION_CONTEXT() REPRESENTATION_CONTEXT('2D SPACE',''
  ) );
#760 = ADVANCED_FACE('',(#761),#728,.F.);
#761 = FACE_BOUND('',#762,.F.);
#762 = EDGE_LOOP('',(#763,#764,#787,#815));
#763 = ORIENTED_EDGE('',*,*,#712,.T.);
#764 = ORIENTED_EDGE('',*,*,#765,.T.);
#765 = EDGE_CURVE('',#690,#766,#768,.T.);
#766 = VERTEX_POINT('',#767);
#767 = CARTESIAN_POINT('',(89.43878988,79.06470344,0.7984236));
#768 = SURFACE_CURVE('',#769,(#773,#780),.PCURVE_S1.);
#769 = LINE('',#770,#771);
#770 = CARTESIAN_POINT('',(89.18975558,78.0705068,0.7984236));
#771 = VECTOR('',#772,1.);
#772 = DIRECTION('',(0.24298110333,0.970031021888,0.E+000));
#773 = PCURVE('',#728,#774);
#774 = DEFINITIONAL_REPRESENTATION('',(#775),#779);
#775 = LINE('',#776,#777);
#776 = CARTESIAN_POINT('',(0.E+000,-0.7984236));
#777 = VECTOR('',#778,1.);
#778 = DIRECTION('',(1.,0.E+000));
#779 = ( GEOMETRIC_REPRESENTATION_CONTEXT(2) 
PARAMETRIC_REPRESENTATION_CONTEXT() REPRESENTATION_CONTEXT('2D SPACE',''
  ) );
#780 = PCURVE('',#163,#781);
#781 = DEFINITIONAL_REPRESENTATION('',(#782),#786);
#782 = LINE('',#783,#784);
#783 = CARTESIAN_POINT('',(-12.98695142,9.81533978));
#784 = VECTOR('',#785,1.);
#785 = DIRECTION('',(-0.24298110333,0.970031021888));
#786 = ( GEOMETRIC_REPRESENTATION_CONTEXT(2) 
PARAMETRIC_REPRESENTATION_CONTEXT() REPRESENTATION_CONTEXT('2D SPACE',''
  ) );
#787 = ORIENTED_EDGE('',*,*,#788,.F.);
#788 = EDGE_CURVE('',#789,#766,#791,.T.);
#789 = VERTEX_POINT('',#790);
#790 = CARTESIAN_POINT('',(89.43878988,79.06470344,0.E+000));
#791 = SURFACE_CURVE('',#792,(#796,#803),.PCURVE_S1.);
#792 = LINE('',#793,#794);
#793 = CARTESIAN_POINT('',(89.43878988,79.06470344,0.E+000));
#794 = VECTOR('',#795,1.);
#795 = DIRECTION('',(0.E+000,0.E+000,1.));
#796 = PCURVE('',#728,#797);
#797 = DEFINITIONAL_REPRESENTATION('',(#798),#802);
#798 = LINE('',#799,#800);
#799 = CARTESIAN_POINT('',(1.024912211638,0.E+000));
#800 = VECTOR('',#801,1.);
#801 = DIRECTION('',(0.E+000,-1.));
#802 = ( GEOMETRIC_REPRESENTATION_CONTEXT(2) 
PARAMETRIC_REPRESENTATION_CONTEXT() REPRESENTATION_CONTEXT('2D SPACE',''
  ) );
#803 = PCURVE('',#804,#809);
#804 = PLANE('',#805);
#805 = AXIS2_PLACEMENT_3D('',#806,#807,#808);
#806 = CARTESIAN_POINT('',(89.43878988,79.06470344,0.E+000));
#807 = DIRECTION('',(-0.989176500757,0.146730536528,0.E+000));
#808 = DIRECTION('',(0.146730536528,0.989176500757,0.E+000));
#809 = DEFINITIONAL_REPRESENTATION('',(#810),#814);
#810 = LINE('',#811,#812);
#811 = CARTESIAN_POINT('',(0.E+000,0.E+000));
#812 = VECTOR('',#813,1.);
#813 = DIRECTION('',(0.E+000,-1.));
#814 = ( GEOMETRIC_REPRESENTATION_CONTEXT(2) 
PARAMETRIC_REPRESENTATION_CONTEXT() REPRESENTATION_CONTEXT('2D SPACE',''
  ) );
#815 = ORIENTED_EDGE('',*,*,#816,.F.);
#816 = EDGE_CURVE('',#713,#789,#817,.T.);
#817 = SURFACE_CURVE('',#818,(#822,#829),.PCURVE_S1.);
#818 = LINE('',#819,#820);
#819 = CARTESIAN_POINT('',(89.18975558,78.0705068,0.E+000));
#820 = VECTOR('',#821,1.);
#821 = DIRECTION('',(0.24298110333,0.970031021888,0.E+000));
#822 = PCURVE('',#728,#823);
#823 = DEFINITIONAL_REPRESENTATION('',(#824),#828);
#824 = LINE('',#825,#826);
#825 = CARTESIAN_POINT('',(0.E+000,0.E+000));
#826 = VECTOR('',#827,1.);
#827 = DIRECTION('',(1.,0.E+000));
#828 = ( GEOMETRIC_REPRESENTATION_CONTEXT(2) 
PARAMETRIC_REPRESENTATION_CONTEXT() REPRESENTATION_CONTEXT('2D SPACE',''
  ) );
#829 = PCURVE('',#217,#830);
#830 = DEFINITIONAL_REPRESENTATION('',(#831),#835);
#831 = LINE('',#832,#833);
#832 = CARTESIAN_POINT('',(-12.98695142,9.81533978));
#833 = VECTOR('',#834,1.);
#834 = DIRECTION('',(-0.24298110333,0.970031021888));
#835 = ( GEOMETRIC_REPRESENTATION_CONTEXT(2) 
PARAMETRIC_REPRESENTATION_CONTEXT() REPRESENTATION_CONTEXT('2D SPACE',''
  ) );
#836 = ADVANCED_FACE('',(#837),#804,.F.);
#837 = FACE_BOUND('',#838,.F.);
#838 = EDGE_LOOP('',(#839,#840,#863,#891));
#839 = ORIENTED_EDGE('',*,*,#788,.T.);
#840 = ORIENTED_EDGE('',*,*,#841,.T.);
#841 = EDGE_CURVE('',#766,#842,#844,.T.);
#842 = VERTEX_POINT('',#843);
#843 = CARTESIAN_POINT('',(89.58917566,80.07852158,0.7984236));
#844 = SURFACE_CURVE('',#845,(#849,#856),.PCURVE_S1.);
#845 = LINE('',#846,#847);
#846 = CARTESIAN_POINT('',(89.43878988,79.06470344,0.7984236));
#847 = VECTOR('',#848,1.);
#848 = DIRECTION('',(0.146730536528,0.989176500757,0.E+000));
#849 = PCURVE('',#804,#850);
#850 = DEFINITIONAL_REPRESENTATION('',(#851),#855);
#851 = LINE('',#852,#853);
#852 = CARTESIAN_POINT('',(0.E+000,-0.7984236));
#853 = VECTOR('',#854,1.);
#854 = DIRECTION('',(1.,0.E+000));
#855 = ( GEOMETRIC_REPRESENTATION_CONTEXT(2) 
PARAMETRIC_REPRESENTATION_CONTEXT() REPRESENTATION_CONTEXT('2D SPACE',''
  ) );
#856 = PCURVE('',#163,#857);
#857 = DEFINITIONAL_REPRESENTATION('',(#858),#862);
#858 = LINE('',#859,#860);
#859 = CARTESIAN_POINT('',(-13.23598572,10.80953642));
#860 = VECTOR('',#861,1.);
#861 = DIRECTION('',(-0.146730536528,0.989176500757));
#862 = ( GEOMETRIC_REPRESENTATION_CONTEXT(2) 
PARAMETRIC_REPRESENTATION_CONTEXT() REPRESENTATION_CONTEXT('2D SPACE',''
  ) );
#863 = ORIENTED_EDGE('',*,*,#864,.F.);
#864 = EDGE_CURVE('',#865,#842,#867,.T.);
#865 = VERTEX_POINT('',#866);
#866 = CARTESIAN_POINT('',(89.58917566,80.07852158,0.E+000));
#867 = SURFACE_CURVE('',#868,(#872,#879),.PCURVE_S1.);
#868 = LINE('',#869,#870);
#869 = CARTESIAN_POINT('',(89.58917566,80.07852158,0.E+000));
#870 = VECTOR('',#871,1.);
#871 = DIRECTION('',(0.E+000,0.E+000,1.));
#872 = PCURVE('',#804,#873);
#873 = DEFINITIONAL_REPRESENTATION('',(#874),#878);
#874 = LINE('',#875,#876);
#875 = CARTESIAN_POINT('',(1.024911266315,0.E+000));
#876 = VECTOR('',#877,1.);
#877 = DIRECTION('',(0.E+000,-1.));
#878 = ( GEOMETRIC_REPRESENTATION_CONTEXT(2) 
PARAMETRIC_REPRESENTATION_CONTEXT() REPRESENTATION_CONTEXT('2D SPACE',''
  ) );
#879 = PCURVE('',#880,#885);
#880 = PLANE('',#881);
#881 = AXIS2_PLACEMENT_3D('',#882,#883,#884);
#882 = CARTESIAN_POINT('',(89.58917566,80.07852158,0.E+000));
#883 = DIRECTION('',(-0.998799013215,4.899521611E-002,0.E+000));
#884 = DIRECTION('',(4.899521611E-002,0.998799013215,0.E+000));
#885 = DEFINITIONAL_REPRESENTATION('',(#886),#890);
#886 = LINE('',#887,#888);
#887 = CARTESIAN_POINT('',(0.E+000,0.E+000));
#888 = VECTOR('',#889,1.);
#889 = DIRECTION('',(0.E+000,-1.));
#890 = ( GEOMETRIC_REPRESENTATION_CONTEXT(2) 
PARAMETRIC_REPRESENTATION_CONTEXT() REPRESENTATION_CONTEXT('2D SPACE',''
  ) );
#891 = ORIENTED_EDGE('',*,*,#892,.F.);
#892 = EDGE_CURVE('',#789,#865,#893,.T.);
#893 = SURFACE_CURVE('',#894,(#898,#905),.PCURVE_S1.);
#894 = LINE('',#895,#896);
#895 = CARTESIAN_POINT('',(89.43878988,79.06470344,0.E+000));
#896 = VECTOR('',#897,1.);
#897 = DIRECTION('',(0.146730536528,0.989176500757,0.E+000));
#898 = PCURVE('',#804,#899);
#899 = DEFINITIONAL_REPRESENTATION('',(#900),#904);
#900 = LINE('',#901,#902);
#901 = CARTESIAN_POINT('',(0.E+000,0.E+000));
#902 = VECTOR('',#903,1.);
#903 = DIRECTION('',(1.,0.E+000));
#904 = ( GEOMETRIC_REPRESENTATION_CONTEXT(2) 
PARAMETRIC_REPRESENTATION_CONTEXT() REPRESENTATION_CONTEXT('2D SPACE',''
  ) );
#905 = PCURVE('',#217,#906);
#906 = DEFINITIONAL_REPRESENTATION('',(#907),#911);
#907 = LINE('',#908,#909);
#908 = CARTESIAN_POINT('',(-13.23598572,10.80953642));
#909 = VECTOR('',#910,1.);
#910 = DIRECTION('',(-0.146730536528,0.989176500757));
#911 = ( GEOMETRIC_REPRESENTATION_CONTEXT(2) 
PARAMETRIC_REPRESENTATION_CONTEXT() REPRESENTATION_CONTEXT('2D SPACE',''
  ) );
#912 = ADVANCED_FACE('',(#913),#880,.F.);
#913 = FACE_BOUND('',#914,.F.);
#914 = EDGE_LOOP('',(#915,#916,#939,#967));
#915 = ORIENTED_EDGE('',*,*,#864,.T.);
#916 = ORIENTED_EDGE('',*,*,#917,.T.);
#917 = EDGE_CURVE('',#842,#918,#920,.T.);
#918 = VERTEX_POINT('',#919);
#919 = CARTESIAN_POINT('',(89.6389622,81.09345224,0.7984236));
#920 = SURFACE_CURVE('',#921,(#925,#932),.PCURVE_S1.);
#921 = LINE('',#922,#923);
#922 = CARTESIAN_POINT('',(89.58917566,80.07852158,0.7984236));
#923 = VECTOR('',#924,1.);
#924 = DIRECTION('',(4.899521611E-002,0.998799013215,0.E+000));
#925 = PCURVE('',#880,#926);
#926 = DEFINITIONAL_REPRESENTATION('',(#927),#931);
#927 = LINE('',#928,#929);
#928 = CARTESIAN_POINT('',(0.E+000,-0.7984236));
#929 = VECTOR('',#930,1.);
#930 = DIRECTION('',(1.,0.E+000));
#931 = ( GEOMETRIC_REPRESENTATION_CONTEXT(2) 
PARAMETRIC_REPRESENTATION_CONTEXT() REPRESENTATION_CONTEXT('2D SPACE',''
  ) );
#932 = PCURVE('',#163,#933);
#933 = DEFINITIONAL_REPRESENTATION('',(#934),#938);
#934 = LINE('',#935,#936);
#935 = CARTESIAN_POINT('',(-13.3863715,11.82335456));
#936 = VECTOR('',#937,1.);
#937 = DIRECTION('',(-4.899521611E-002,0.998799013215));
#938 = ( GEOMETRIC_REPRESENTATION_CONTEXT(2) 
PARAMETRIC_REPRESENTATION_CONTEXT() REPRESENTATION_CONTEXT('2D SPACE',''
  ) );
#939 = ORIENTED_EDGE('',*,*,#940,.F.);
#940 = EDGE_CURVE('',#941,#918,#943,.T.);
#941 = VERTEX_POINT('',#942);
#942 = CARTESIAN_POINT('',(89.6389622,81.09345224,0.E+000));
#943 = SURFACE_CURVE('',#944,(#948,#955),.PCURVE_S1.);
#944 = LINE('',#945,#946);
#945 = CARTESIAN_POINT('',(89.6389622,81.09345224,0.E+000));
#946 = VECTOR('',#947,1.);
#947 = DIRECTION('',(0.E+000,0.E+000,1.));
#948 = PCURVE('',#880,#949);
#949 = DEFINITIONAL_REPRESENTATION('',(#950),#954);
#950 = LINE('',#951,#952);
#951 = CARTESIAN_POINT('',(1.016151043976,0.E+000));
#952 = VECTOR('',#953,1.);
#953 = DIRECTION('',(0.E+000,-1.));
#954 = ( GEOMETRIC_REPRESENTATION_CONTEXT(2) 
PARAMETRIC_REPRESENTATION_CONTEXT() REPRESENTATION_CONTEXT('2D SPACE',''
  ) );
#955 = PCURVE('',#956,#961);
#956 = PLANE('',#957);
#957 = AXIS2_PLACEMENT_3D('',#958,#959,#960);
#958 = CARTESIAN_POINT('',(89.6389622,81.09345224,0.E+000));
#959 = DIRECTION('',(-0.998795582469,-4.906510409294E-002,0.E+000));
#960 = DIRECTION('',(-4.906510409294E-002,0.998795582469,0.E+000));
#961 = DEFINITIONAL_REPRESENTATION('',(#962),#966);
#962 = LINE('',#963,#964);
#963 = CARTESIAN_POINT('',(0.E+000,0.E+000));
#964 = VECTOR('',#965,1.);
#965 = DIRECTION('',(0.E+000,-1.));
#966 = ( GEOMETRIC_REPRESENTATION_CONTEXT(2) 
PARAMETRIC_REPRESENTATION_CONTEXT() REPRESENTATION_CONTEXT('2D SPACE',''
  ) );
#967 = ORIENTED_EDGE('',*,*,#968,.F.);
#968 = EDGE_CURVE('',#865,#941,#969,.T.);
#969 = SURFACE_CURVE('',#970,(#974,#981),.PCURVE_S1.);
#970 = LINE('',#971,#972);
#971 = CARTESIAN_POINT('',(89.58917566,80.07852158,0.E+000));
#972 = VECTOR('',#973,1.);
#973 = DIRECTION('',(4.899521611E-002,0.998799013215,0.E+000));
#974 = PCURVE('',#880,#975);
#975 = DEFINITIONAL_REPRESENTATION('',(#976),#980);
#976 = LINE('',#977,#978);
#977 = CARTESIAN_POINT('',(0.E+000,0.E+000));
#978 = VECTOR('',#979,1.);
#979 = DIRECTION('',(1.,0.E+000));
#980 = ( GEOMETRIC_REPRESENTATION_CONTEXT(2) 
PARAMETRIC_REPRESENTATION_CONTEXT() REPRESENTATION_CONTEXT('2D SPACE',''
  ) );
#981 = PCURVE('',#217,#982);
#982 = DEFINITIONAL_REPRESENTATION('',(#983),#987);
#983 = LINE('',#984,#985);
#984 = CARTESIAN_POINT('',(-13.3863715,11.82335456));
#985 = VECTOR('',#986,1.);
#986 = DIRECTION('',(-4.899521611E-002,0.998799013215));
#987 = ( GEOMETRIC_REPRESENTATION_CONTEXT(2) 
PARAMETRIC_REPRESENTATION_CONTEXT() REPRESENTATION_CONTEXT('2D SPACE',''
  ) );
#988 = ADVANCED_FACE('',(#989),#956,.F.);
#989 = FACE_BOUND('',#990,.F.);
#990 = EDGE_LOOP('',(#991,#992,#1015,#1043));
#991 = ORIENTED_EDGE('',*,*,#940,.T.);
#992 = ORIENTED_EDGE('',*,*,#993,.T.);
#993 = EDGE_CURVE('',#918,#994,#996,.T.);
#994 = VERTEX_POINT('',#995);
#995 = CARTESIAN_POINT('',(89.58959222,82.09845404,0.7984236));
#996 = SURFACE_CURVE('',#997,(#1001,#1008),.PCURVE_S1.);
#997 = LINE('',#998,#999);
#998 = CARTESIAN_POINT('',(89.6389622,81.09345224,0.7984236));
#999 = VECTOR('',#1000,1.);
#1000 = DIRECTION('',(-4.906510409294E-002,0.998795582469,0.E+000));
#1001 = PCURVE('',#956,#1002);
#1002 = DEFINITIONAL_REPRESENTATION('',(#1003),#1007);
#1003 = LINE('',#1004,#1005);
#1004 = CARTESIAN_POINT('',(0.E+000,-0.7984236));
#1005 = VECTOR('',#1006,1.);
#1006 = DIRECTION('',(1.,0.E+000));
#1007 = ( GEOMETRIC_REPRESENTATION_CONTEXT(2) 
PARAMETRIC_REPRESENTATION_CONTEXT() REPRESENTATION_CONTEXT('2D SPACE',''
  ) );
#1008 = PCURVE('',#163,#1009);
#1009 = DEFINITIONAL_REPRESENTATION('',(#1010),#1014);
#1010 = LINE('',#1011,#1012);
#1011 = CARTESIAN_POINT('',(-13.43615804,12.83828522));
#1012 = VECTOR('',#1013,1.);
#1013 = DIRECTION('',(4.906510409294E-002,0.998795582469));
#1014 = ( GEOMETRIC_REPRESENTATION_CONTEXT(2) 
PARAMETRIC_REPRESENTATION_CONTEXT() REPRESENTATION_CONTEXT('2D SPACE',''
  ) );
#1015 = ORIENTED_EDGE('',*,*,#1016,.F.);
#1016 = EDGE_CURVE('',#1017,#994,#1019,.T.);
#1017 = VERTEX_POINT('',#1018);
#1018 = CARTESIAN_POINT('',(89.58959222,82.09845404,0.E+000));
#1019 = SURFACE_CURVE('',#1020,(#1024,#1031),.PCURVE_S1.);
#1020 = LINE('',#1021,#1022);
#1021 = CARTESIAN_POINT('',(89.58959222,82.09845404,0.E+000));
#1022 = VECTOR('',#1023,1.);
#1023 = DIRECTION('',(0.E+000,0.E+000,1.));
#1024 = PCURVE('',#956,#1025);
#1025 = DEFINITIONAL_REPRESENTATION('',(#1026),#1030);
#1026 = LINE('',#1027,#1028);
#1027 = CARTESIAN_POINT('',(1.006213701422,0.E+000));
#1028 = VECTOR('',#1029,1.);
#1029 = DIRECTION('',(0.E+000,-1.));
#1030 = ( GEOMETRIC_REPRESENTATION_CONTEXT(2) 
PARAMETRIC_REPRESENTATION_CONTEXT() REPRESENTATION_CONTEXT('2D SPACE',''
  ) );
#1031 = PCURVE('',#1032,#1037);
#1032 = PLANE('',#1033);
#1033 = AXIS2_PLACEMENT_3D('',#1034,#1035,#1036);
#1034 = CARTESIAN_POINT('',(89.58959222,82.09845404,0.E+000));
#1035 = DIRECTION('',(-0.989176312747,-0.146731803986,0.E+000));
#1036 = DIRECTION('',(-0.146731803986,0.989176312747,0.E+000));
#1037 = DEFINITIONAL_REPRESENTATION('',(#1038),#1042);
#1038 = LINE('',#1039,#1040);
#1039 = CARTESIAN_POINT('',(0.E+000,0.E+000));
#1040 = VECTOR('',#1041,1.);
#1041 = DIRECTION('',(0.E+000,-1.));
#1042 = ( GEOMETRIC_REPRESENTATION_CONTEXT(2) 
PARAMETRIC_REPRESENTATION_CONTEXT() REPRESENTATION_CONTEXT('2D SPACE',''
  ) );
#1043 = ORIENTED_EDGE('',*,*,#1044,.F.);
#1044 = EDGE_CURVE('',#941,#1017,#1045,.T.);
#1045 = SURFACE_CURVE('',#1046,(#1050,#1057),.PCURVE_S1.);
#1046 = LINE('',#1047,#1048);
#1047 = CARTESIAN_POINT('',(89.6389622,81.09345224,0.E+000));
#1048 = VECTOR('',#1049,1.);
#1049 = DIRECTION('',(-4.906510409294E-002,0.998795582469,0.E+000));
#1050 = PCURVE('',#956,#1051);
#1051 = DEFINITIONAL_REPRESENTATION('',(#1052),#1056);
#1052 = LINE('',#1053,#1054);
#1053 = CARTESIAN_POINT('',(0.E+000,0.E+000));
#1054 = VECTOR('',#1055,1.);
#1055 = DIRECTION('',(1.,0.E+000));
#1056 = ( GEOMETRIC_REPRESENTATION_CONTEXT(2) 
PARAMETRIC_REPRESENTATION_CONTEXT() REPRESENTATION_CONTEXT('2D SPACE',''
  ) );
#1057 = PCURVE('',#217,#1058);
#1058 = DEFINITIONAL_REPRESENTATION('',(#1059),#1063);
#1059 = LINE('',#1060,#1061);
#1060 = CARTESIAN_POINT('',(-13.43615804,12.83828522));
#1061 = VECTOR('',#1062,1.);
#1062 = DIRECTION('',(4.906510409294E-002,0.998795582469));
#1063 = ( GEOMETRIC_REPRESENTATION_CONTEXT(2) 
PARAMETRIC_REPRESENTATION_CONTEXT() REPRESENTATION_CONTEXT('2D SPACE',''
  ) );
#1064 = ADVANCED_FACE('',(#1065),#1032,.F.);
#1065 = FACE_BOUND('',#1066,.F.);
#1066 = EDGE_LOOP('',(#1067,#1068,#1091,#1119));
#1067 = ORIENTED_EDGE('',*,*,#1016,.T.);
#1068 = ORIENTED_EDGE('',*,*,#1069,.T.);
#1069 = EDGE_CURVE('',#994,#1070,#1072,.T.);
#1070 = VERTEX_POINT('',#1071);
#1071 = CARTESIAN_POINT('',(89.4417947,83.09481476,0.7984236));
#1072 = SURFACE_CURVE('',#1073,(#1077,#1084),.PCURVE_S1.);
#1073 = LINE('',#1074,#1075);
#1074 = CARTESIAN_POINT('',(89.58959222,82.09845404,0.7984236));
#1075 = VECTOR('',#1076,1.);
#1076 = DIRECTION('',(-0.146731803986,0.989176312747,0.E+000));
#1077 = PCURVE('',#1032,#1078);
#1078 = DEFINITIONAL_REPRESENTATION('',(#1079),#1083);
#1079 = LINE('',#1080,#1081);
#1080 = CARTESIAN_POINT('',(0.E+000,-0.7984236));
#1081 = VECTOR('',#1082,1.);
#1082 = DIRECTION('',(1.,0.E+000));
#1083 = ( GEOMETRIC_REPRESENTATION_CONTEXT(2) 
PARAMETRIC_REPRESENTATION_CONTEXT() REPRESENTATION_CONTEXT('2D SPACE',''
  ) );
#1084 = PCURVE('',#163,#1085);
#1085 = DEFINITIONAL_REPRESENTATION('',(#1086),#1090);
#1086 = LINE('',#1087,#1088);
#1087 = CARTESIAN_POINT('',(-13.38678806,13.84328702));
#1088 = VECTOR('',#1089,1.);
#1089 = DIRECTION('',(0.146731803986,0.989176312747));
#1090 = ( GEOMETRIC_REPRESENTATION_CONTEXT(2) 
PARAMETRIC_REPRESENTATION_CONTEXT() REPRESENTATION_CONTEXT('2D SPACE',''
  ) );
#1091 = ORIENTED_EDGE('',*,*,#1092,.F.);
#1092 = EDGE_CURVE('',#1093,#1070,#1095,.T.);
#1093 = VERTEX_POINT('',#1094);
#1094 = CARTESIAN_POINT('',(89.4417947,83.09481476,0.E+000));
#1095 = SURFACE_CURVE('',#1096,(#1100,#1107),.PCURVE_S1.);
#1096 = LINE('',#1097,#1098);
#1097 = CARTESIAN_POINT('',(89.4417947,83.09481476,0.E+000));
#1098 = VECTOR('',#1099,1.);
#1099 = DIRECTION('',(0.E+000,0.E+000,1.));
#1100 = PCURVE('',#1032,#1101);
#1101 = DEFINITIONAL_REPRESENTATION('',(#1102),#1106);
#1102 = LINE('',#1103,#1104);
#1103 = CARTESIAN_POINT('',(1.007263019909,0.E+000));
#1104 = VECTOR('',#1105,1.);
#1105 = DIRECTION('',(0.E+000,-1.));
#1106 = ( GEOMETRIC_REPRESENTATION_CONTEXT(2) 
PARAMETRIC_REPRESENTATION_CONTEXT() REPRESENTATION_CONTEXT('2D SPACE',''
  ) );
#1107 = PCURVE('',#1108,#1113);
#1108 = PLANE('',#1109);
#1109 = AXIS2_PLACEMENT_3D('',#1110,#1111,#1112);
#1110 = CARTESIAN_POINT('',(89.4417947,83.09481476,0.E+000));
#1111 = DIRECTION('',(-0.970031444517,-0.2429794161,0.E+000));
#1112 = DIRECTION('',(-0.2429794161,0.970031444517,0.E+000));
#1113 = DEFINITIONAL_REPRESENTATION('',(#1114),#1118);
#1114 = LINE('',#1115,#1116);
#1115 = CARTESIAN_POINT('',(0.E+000,0.E+000));
#1116 = VECTOR('',#1117,1.);
#1117 = DIRECTION('',(0.E+000,-1.));
#1118 = ( GEOMETRIC_REPRESENTATION_CONTEXT(2) 
PARAMETRIC_REPRESENTATION_CONTEXT() REPRESENTATION_CONTEXT('2D SPACE',''
  ) );
#1119 = ORIENTED_EDGE('',*,*,#1120,.F.);
#1120 = EDGE_CURVE('',#1017,#1093,#1121,.T.);
#1121 = SURFACE_CURVE('',#1122,(#1126,#1133),.PCURVE_S1.);
#1122 = LINE('',#1123,#1124);
#1123 = CARTESIAN_POINT('',(89.58959222,82.09845404,0.E+000));
#1124 = VECTOR('',#1125,1.);
#1125 = DIRECTION('',(-0.146731803986,0.989176312747,0.E+000));
#1126 = PCURVE('',#1032,#1127);
#1127 = DEFINITIONAL_REPRESENTATION('',(#1128),#1132);
#1128 = LINE('',#1129,#1130);
#1129 = CARTESIAN_POINT('',(0.E+000,0.E+000));
#1130 = VECTOR('',#1131,1.);
#1131 = DIRECTION('',(1.,0.E+000));
#1132 = ( GEOMETRIC_REPRESENTATION_CONTEXT(2) 
PARAMETRIC_REPRESENTATION_CONTEXT() REPRESENTATION_CONTEXT('2D SPACE',''
  ) );
#1133 = PCURVE('',#217,#1134);
#1134 = DEFINITIONAL_REPRESENTATION('',(#1135),#1139);
#1135 = LINE('',#1136,#1137);
#1136 = CARTESIAN_POINT('',(-13.38678806,13.84328702));
#1137 = VECTOR('',#1138,1.);
#1138 = DIRECTION('',(0.146731803986,0.989176312747));
#1139 = ( GEOMETRIC_REPRESENTATION_CONTEXT(2) 
PARAMETRIC_REPRESENTATION_CONTEXT() REPRESENTATION_CONTEXT('2D SPACE',''
  ) );
#1140 = ADVANCED_FACE('',(#1141),#1108,.F.);
#1141 = FACE_BOUND('',#1142,.F.);
#1142 = EDGE_LOOP('',(#1143,#1144,#1167,#1195));
#1143 = ORIENTED_EDGE('',*,*,#1092,.T.);
#1144 = ORIENTED_EDGE('',*,*,#1145,.T.);
#1145 = EDGE_CURVE('',#1070,#1146,#1148,.T.);
#1146 = VERTEX_POINT('',#1147);
#1147 = CARTESIAN_POINT('',(89.19705046,84.0718918,0.7984236));
#1148 = SURFACE_CURVE('',#1149,(#1153,#1160),.PCURVE_S1.);
#1149 = LINE('',#1150,#1151);
#1150 = CARTESIAN_POINT('',(89.4417947,83.09481476,0.7984236));
#1151 = VECTOR('',#1152,1.);
#1152 = DIRECTION('',(-0.2429794161,0.970031444517,0.E+000));
#1153 = PCURVE('',#1108,#1154);
#1154 = DEFINITIONAL_REPRESENTATION('',(#1155),#1159);
#1155 = LINE('',#1156,#1157);
#1156 = CARTESIAN_POINT('',(0.E+000,-0.7984236));
#1157 = VECTOR('',#1158,1.);
#1158 = DIRECTION('',(1.,0.E+000));
#1159 = ( GEOMETRIC_REPRESENTATION_CONTEXT(2) 
PARAMETRIC_REPRESENTATION_CONTEXT() REPRESENTATION_CONTEXT('2D SPACE',''
  ) );
#1160 = PCURVE('',#163,#1161);
#1161 = DEFINITIONAL_REPRESENTATION('',(#1162),#1166);
#1162 = LINE('',#1163,#1164);
#1163 = CARTESIAN_POINT('',(-13.23899054,14.83964774));
#1164 = VECTOR('',#1165,1.);
#1165 = DIRECTION('',(0.2429794161,0.970031444517));
#1166 = ( GEOMETRIC_REPRESENTATION_CONTEXT(2) 
PARAMETRIC_REPRESENTATION_CONTEXT() REPRESENTATION_CONTEXT('2D SPACE',''
  ) );
#1167 = ORIENTED_EDGE('',*,*,#1168,.F.);
#1168 = EDGE_CURVE('',#1169,#1146,#1171,.T.);
#1169 = VERTEX_POINT('',#1170);
#1170 = CARTESIAN_POINT('',(89.19705046,84.0718918,0.E+000));
#1171 = SURFACE_CURVE('',#1172,(#1176,#1183),.PCURVE_S1.);
#1172 = LINE('',#1173,#1174);
#1173 = CARTESIAN_POINT('',(89.19705046,84.0718918,0.E+000));
#1174 = VECTOR('',#1175,1.);
#1175 = DIRECTION('',(0.E+000,0.E+000,1.));
#1176 = PCURVE('',#1108,#1177);
#1177 = DEFINITIONAL_REPRESENTATION('',(#1178),#1182);
#1178 = LINE('',#1179,#1180);
#1179 = CARTESIAN_POINT('',(1.007263265045,0.E+000));
#1180 = VECTOR('',#1181,1.);
#1181 = DIRECTION('',(0.E+000,-1.));
#1182 = ( GEOMETRIC_REPRESENTATION_CONTEXT(2) 
PARAMETRIC_REPRESENTATION_CONTEXT() REPRESENTATION_CONTEXT('2D SPACE',''
  ) );
#1183 = PCURVE('',#1184,#1189);
#1184 = PLANE('',#1185);
#1185 = AXIS2_PLACEMENT_3D('',#1186,#1187,#1188);
#1186 = CARTESIAN_POINT('',(89.19705046,84.0718918,0.E+000));
#1187 = DIRECTION('',(-0.941544179099,-0.336889535017,0.E+000));
#1188 = DIRECTION('',(-0.336889535017,0.941544179099,0.E+000));
#1189 = DEFINITIONAL_REPRESENTATION('',(#1190),#1194);
#1190 = LINE('',#1191,#1192);
#1191 = CARTESIAN_POINT('',(0.E+000,0.E+000));
#1192 = VECTOR('',#1193,1.);
#1193 = DIRECTION('',(0.E+000,-1.));
#1194 = ( GEOMETRIC_REPRESENTATION_CONTEXT(2) 
PARAMETRIC_REPRESENTATION_CONTEXT() REPRESENTATION_CONTEXT('2D SPACE',''
  ) );
#1195 = ORIENTED_EDGE('',*,*,#1196,.F.);
#1196 = EDGE_CURVE('',#1093,#1169,#1197,.T.);
#1197 = SURFACE_CURVE('',#1198,(#1202,#1209),.PCURVE_S1.);
#1198 = LINE('',#1199,#1200);
#1199 = CARTESIAN_POINT('',(89.4417947,83.09481476,0.E+000));
#1200 = VECTOR('',#1201,1.);
#1201 = DIRECTION('',(-0.2429794161,0.970031444517,0.E+000));
#1202 = PCURVE('',#1108,#1203);
#1203 = DEFINITIONAL_REPRESENTATION('',(#1204),#1208);
#1204 = LINE('',#1205,#1206);
#1205 = CARTESIAN_POINT('',(0.E+000,0.E+000));
#1206 = VECTOR('',#1207,1.);
#1207 = DIRECTION('',(1.,0.E+000));
#1208 = ( GEOMETRIC_REPRESENTATION_CONTEXT(2) 
PARAMETRIC_REPRESENTATION_CONTEXT() REPRESENTATION_CONTEXT('2D SPACE',''
  ) );
#1209 = PCURVE('',#217,#1210);
#1210 = DEFINITIONAL_REPRESENTATION('',(#1211),#1215);
#1211 = LINE('',#1212,#1213);
#1212 = CARTESIAN_POINT('',(-13.23899054,14.83964774));
#1213 = VECTOR('',#1214,1.);
#1214 = DIRECTION('',(0.2429794161,0.970031444517));
#1215 = ( GEOMETRIC_REPRESENTATION_CONTEXT(2) 
PARAMETRIC_REPRESENTATION_CONTEXT() REPRESENTATION_CONTEXT('2D SPACE',''
  ) );
#1216 = ADVANCED_FACE('',(#1217),#1184,.F.);
#1217 = FACE_BOUND('',#1218,.F.);
#1218 = EDGE_LOOP('',(#1219,#1220,#1243,#1271));
#1219 = ORIENTED_EDGE('',*,*,#1168,.T.);
#1220 = ORIENTED_EDGE('',*,*,#1221,.T.);
#1221 = EDGE_CURVE('',#1146,#1222,#1224,.T.);
#1222 = VERTEX_POINT('',#1223);
#1223 = CARTESIAN_POINT('',(88.85771408,85.02027446,0.7984236));
#1224 = SURFACE_CURVE('',#1225,(#1229,#1236),.PCURVE_S1.);
#1225 = LINE('',#1226,#1227);
#1226 = CARTESIAN_POINT('',(89.19705046,84.0718918,0.7984236));
#1227 = VECTOR('',#1228,1.);
#1228 = DIRECTION('',(-0.336889535017,0.941544179099,0.E+000));
#1229 = PCURVE('',#1184,#1230);
#1230 = DEFINITIONAL_REPRESENTATION('',(#1231),#1235);
#1231 = LINE('',#1232,#1233);
#1232 = CARTESIAN_POINT('',(0.E+000,-0.7984236));
#1233 = VECTOR('',#1234,1.);
#1234 = DIRECTION('',(1.,0.E+000));
#1235 = ( GEOMETRIC_REPRESENTATION_CONTEXT(2) 
PARAMETRIC_REPRESENTATION_CONTEXT() REPRESENTATION_CONTEXT('2D SPACE',''
  ) );
#1236 = PCURVE('',#163,#1237);
#1237 = DEFINITIONAL_REPRESENTATION('',(#1238),#1242);
#1238 = LINE('',#1239,#1240);
#1239 = CARTESIAN_POINT('',(-12.9942463,15.81672478));
#1240 = VECTOR('',#1241,1.);
#1241 = DIRECTION('',(0.336889535017,0.941544179099));
#1242 = ( GEOMETRIC_REPRESENTATION_CONTEXT(2) 
PARAMETRIC_REPRESENTATION_CONTEXT() REPRESENTATION_CONTEXT('2D SPACE',''
  ) );
#1243 = ORIENTED_EDGE('',*,*,#1244,.F.);
#1244 = EDGE_CURVE('',#1245,#1222,#1247,.T.);
#1245 = VERTEX_POINT('',#1246);
#1246 = CARTESIAN_POINT('',(88.85771408,85.02027446,0.E+000));
#1247 = SURFACE_CURVE('',#1248,(#1252,#1259),.PCURVE_S1.);
#1248 = LINE('',#1249,#1250);
#1249 = CARTESIAN_POINT('',(88.85771408,85.02027446,0.E+000));
#1250 = VECTOR('',#1251,1.);
#1251 = DIRECTION('',(0.E+000,0.E+000,1.));
#1252 = PCURVE('',#1184,#1253);
#1253 = DEFINITIONAL_REPRESENTATION('',(#1254),#1258);
#1254 = LINE('',#1255,#1256);
#1255 = CARTESIAN_POINT('',(1.007263048354,0.E+000));
#1256 = VECTOR('',#1257,1.);
#1257 = DIRECTION('',(0.E+000,-1.));
#1258 = ( GEOMETRIC_REPRESENTATION_CONTEXT(2) 
PARAMETRIC_REPRESENTATION_CONTEXT() REPRESENTATION_CONTEXT('2D SPACE',''
  ) );
#1259 = PCURVE('',#1260,#1265);
#1260 = PLANE('',#1261);
#1261 = AXIS2_PLACEMENT_3D('',#1262,#1263,#1264);
#1262 = CARTESIAN_POINT('',(88.85771408,85.02027446,0.E+000));
#1263 = DIRECTION('',(-0.903989537418,-0.427554576912,0.E+000));
#1264 = DIRECTION('',(-0.427554576912,0.903989537418,0.E+000));
#1265 = DEFINITIONAL_REPRESENTATION('',(#1266),#1270);
#1266 = LINE('',#1267,#1268);
#1267 = CARTESIAN_POINT('',(0.E+000,0.E+000));
#1268 = VECTOR('',#1269,1.);
#1269 = DIRECTION('',(0.E+000,-1.));
#1270 = ( GEOMETRIC_REPRESENTATION_CONTEXT(2) 
PARAMETRIC_REPRESENTATION_CONTEXT() REPRESENTATION_CONTEXT('2D SPACE',''
  ) );
#1271 = ORIENTED_EDGE('',*,*,#1272,.F.);
#1272 = EDGE_CURVE('',#1169,#1245,#1273,.T.);
#1273 = SURFACE_CURVE('',#1274,(#1278,#1285),.PCURVE_S1.);
#1274 = LINE('',#1275,#1276);
#1275 = CARTESIAN_POINT('',(89.19705046,84.0718918,0.E+000));
#1276 = VECTOR('',#1277,1.);
#1277 = DIRECTION('',(-0.336889535017,0.941544179099,0.E+000));
#1278 = PCURVE('',#1184,#1279);
#1279 = DEFINITIONAL_REPRESENTATION('',(#1280),#1284);
#1280 = LINE('',#1281,#1282);
#1281 = CARTESIAN_POINT('',(0.E+000,0.E+000));
#1282 = VECTOR('',#1283,1.);
#1283 = DIRECTION('',(1.,0.E+000));
#1284 = ( GEOMETRIC_REPRESENTATION_CONTEXT(2) 
PARAMETRIC_REPRESENTATION_CONTEXT() REPRESENTATION_CONTEXT('2D SPACE',''
  ) );
#1285 = PCURVE('',#217,#1286);
#1286 = DEFINITIONAL_REPRESENTATION('',(#1287),#1291);
#1287 = LINE('',#1288,#1289);
#1288 = CARTESIAN_POINT('',(-12.9942463,15.81672478));
#1289 = VECTOR('',#1290,1.);
#1290 = DIRECTION('',(0.336889535017,0.941544179099));
#1291 = ( GEOMETRIC_REPRESENTATION_CONTEXT(2) 
PARAMETRIC_REPRESENTATION_CONTEXT() REPRESENTATION_CONTEXT('2D SPACE',''
  ) );
#1292 = ADVANCED_FACE('',(#1293),#1260,.F.);
#1293 = FACE_BOUND('',#1294,.F.);
#1294 = EDGE_LOOP('',(#1295,#1296,#1319,#1347));
#1295 = ORIENTED_EDGE('',*,*,#1244,.T.);
#1296 = ORIENTED_EDGE('',*,*,#1297,.T.);
#1297 = EDGE_CURVE('',#1222,#1298,#1300,.T.);
#1298 = VERTEX_POINT('',#1299);
#1299 = CARTESIAN_POINT('',(88.42705454,85.9308289,0.7984236));
#1300 = SURFACE_CURVE('',#1301,(#1305,#1312),.PCURVE_S1.);
#1301 = LINE('',#1302,#1303);
#1302 = CARTESIAN_POINT('',(88.85771408,85.02027446,0.7984236));
#1303 = VECTOR('',#1304,1.);
#1304 = DIRECTION('',(-0.427554576912,0.903989537418,0.E+000));
#1305 = PCURVE('',#1260,#1306);
#1306 = DEFINITIONAL_REPRESENTATION('',(#1307),#1311);
#1307 = LINE('',#1308,#1309);
#1308 = CARTESIAN_POINT('',(0.E+000,-0.7984236));
#1309 = VECTOR('',#1310,1.);
#1310 = DIRECTION('',(1.,0.E+000));
#1311 = ( GEOMETRIC_REPRESENTATION_CONTEXT(2) 
PARAMETRIC_REPRESENTATION_CONTEXT() REPRESENTATION_CONTEXT('2D SPACE',''
  ) );
#1312 = PCURVE('',#163,#1313);
#1313 = DEFINITIONAL_REPRESENTATION('',(#1314),#1318);
#1314 = LINE('',#1315,#1316);
#1315 = CARTESIAN_POINT('',(-12.65490992,16.76510744));
#1316 = VECTOR('',#1317,1.);
#1317 = DIRECTION('',(0.427554576912,0.903989537418));
#1318 = ( GEOMETRIC_REPRESENTATION_CONTEXT(2) 
PARAMETRIC_REPRESENTATION_CONTEXT() REPRESENTATION_CONTEXT('2D SPACE',''
  ) );
#1319 = ORIENTED_EDGE('',*,*,#1320,.F.);
#1320 = EDGE_CURVE('',#1321,#1298,#1323,.T.);
#1321 = VERTEX_POINT('',#1322);
#1322 = CARTESIAN_POINT('',(88.42705454,85.9308289,0.E+000));
#1323 = SURFACE_CURVE('',#1324,(#1328,#1335),.PCURVE_S1.);
#1324 = LINE('',#1325,#1326);
#1325 = CARTESIAN_POINT('',(88.42705454,85.9308289,0.E+000));
#1326 = VECTOR('',#1327,1.);
#1327 = DIRECTION('',(0.E+000,0.E+000,1.));
#1328 = PCURVE('',#1260,#1329);
#1329 = DEFINITIONAL_REPRESENTATION('',(#1330),#1334);
#1330 = LINE('',#1331,#1332);
#1331 = CARTESIAN_POINT('',(1.007262144428,0.E+000));
#1332 = VECTOR('',#1333,1.);
#1333 = DIRECTION('',(0.E+000,-1.));
#1334 = ( GEOMETRIC_REPRESENTATION_CONTEXT(2) 
PARAMETRIC_REPRESENTATION_CONTEXT() REPRESENTATION_CONTEXT('2D SPACE',''
  ) );
#1335 = PCURVE('',#1336,#1341);
#1336 = PLANE('',#1337);
#1337 = AXIS2_PLACEMENT_3D('',#1338,#1339,#1340);
#1338 = CARTESIAN_POINT('',(88.42705454,85.9308289,0.E+000));
#1339 = DIRECTION('',(-0.857728242607,-0.514103357152,0.E+000));
#1340 = DIRECTION('',(-0.514103357152,0.857728242607,0.E+000));
#1341 = DEFINITIONAL_REPRESENTATION('',(#1342),#1346);
#1342 = LINE('',#1343,#1344);
#1343 = CARTESIAN_POINT('',(0.E+000,0.E+000));
#1344 = VECTOR('',#1345,1.);
#1345 = DIRECTION('',(0.E+000,-1.));
#1346 = ( GEOMETRIC_REPRESENTATION_CONTEXT(2) 
PARAMETRIC_REPRESENTATION_CONTEXT() REPRESENTATION_CONTEXT('2D SPACE',''
  ) );
#1347 = ORIENTED_EDGE('',*,*,#1348,.F.);
#1348 = EDGE_CURVE('',#1245,#1321,#1349,.T.);
#1349 = SURFACE_CURVE('',#1350,(#1354,#1361),.PCURVE_S1.);
#1350 = LINE('',#1351,#1352);
#1351 = CARTESIAN_POINT('',(88.85771408,85.02027446,0.E+000));
#1352 = VECTOR('',#1353,1.);
#1353 = DIRECTION('',(-0.427554576912,0.903989537418,0.E+000));
#1354 = PCURVE('',#1260,#1355);
#1355 = DEFINITIONAL_REPRESENTATION('',(#1356),#1360);
#1356 = LINE('',#1357,#1358);
#1357 = CARTESIAN_POINT('',(0.E+000,0.E+000));
#1358 = VECTOR('',#1359,1.);
#1359 = DIRECTION('',(1.,0.E+000));
#1360 = ( GEOMETRIC_REPRESENTATION_CONTEXT(2) 
PARAMETRIC_REPRESENTATION_CONTEXT() REPRESENTATION_CONTEXT('2D SPACE',''
  ) );
#1361 = PCURVE('',#217,#1362);
#1362 = DEFINITIONAL_REPRESENTATION('',(#1363),#1367);
#1363 = LINE('',#1364,#1365);
#1364 = CARTESIAN_POINT('',(-12.65490992,16.76510744));
#1365 = VECTOR('',#1366,1.);
#1366 = DIRECTION('',(0.427554576912,0.903989537418));
#1367 = ( GEOMETRIC_REPRESENTATION_CONTEXT(2) 
PARAMETRIC_REPRESENTATION_CONTEXT() REPRESENTATION_CONTEXT('2D SPACE',''
  ) );
#1368 = ADVANCED_FACE('',(#1369),#1336,.F.);
#1369 = FACE_BOUND('',#1370,.F.);
#1370 = EDGE_LOOP('',(#1371,#1372,#1395,#1423));
#1371 = ORIENTED_EDGE('',*,*,#1320,.T.);
#1372 = ORIENTED_EDGE('',*,*,#1373,.T.);
#1373 = EDGE_CURVE('',#1298,#1374,#1376,.T.);
#1374 = VERTEX_POINT('',#1375);
#1375 = CARTESIAN_POINT('',(87.90921712,86.79478704,0.7984236));
#1376 = SURFACE_CURVE('',#1377,(#1381,#1388),.PCURVE_S1.);
#1377 = LINE('',#1378,#1379);
#1378 = CARTESIAN_POINT('',(88.42705454,85.9308289,0.7984236));
#1379 = VECTOR('',#1380,1.);
#1380 = DIRECTION('',(-0.514103357152,0.857728242607,0.E+000));
#1381 = PCURVE('',#1336,#1382);
#1382 = DEFINITIONAL_REPRESENTATION('',(#1383),#1387);
#1383 = LINE('',#1384,#1385);
#1384 = CARTESIAN_POINT('',(0.E+000,-0.7984236));
#1385 = VECTOR('',#1386,1.);
#1386 = DIRECTION('',(1.,0.E+000));
#1387 = ( GEOMETRIC_REPRESENTATION_CONTEXT(2) 
PARAMETRIC_REPRESENTATION_CONTEXT() REPRESENTATION_CONTEXT('2D SPACE',''
  ) );
#1388 = PCURVE('',#163,#1389);
#1389 = DEFINITIONAL_REPRESENTATION('',(#1390),#1394);
#1390 = LINE('',#1391,#1392);
#1391 = CARTESIAN_POINT('',(-12.22425038,17.67566188));
#1392 = VECTOR('',#1393,1.);
#1393 = DIRECTION('',(0.514103357152,0.857728242607));
#1394 = ( GEOMETRIC_REPRESENTATION_CONTEXT(2) 
PARAMETRIC_REPRESENTATION_CONTEXT() REPRESENTATION_CONTEXT('2D SPACE',''
  ) );
#1395 = ORIENTED_EDGE('',*,*,#1396,.F.);
#1396 = EDGE_CURVE('',#1397,#1374,#1399,.T.);
#1397 = VERTEX_POINT('',#1398);
#1398 = CARTESIAN_POINT('',(87.90921712,86.79478704,0.E+000));
#1399 = SURFACE_CURVE('',#1400,(#1404,#1411),.PCURVE_S1.);
#1400 = LINE('',#1401,#1402);
#1401 = CARTESIAN_POINT('',(87.90921712,86.79478704,0.E+000));
#1402 = VECTOR('',#1403,1.);
#1403 = DIRECTION('',(0.E+000,0.E+000,1.));
#1404 = PCURVE('',#1336,#1405);
#1405 = DEFINITIONAL_REPRESENTATION('',(#1406),#1410);
#1406 = LINE('',#1407,#1408);
#1407 = CARTESIAN_POINT('',(1.007263253189,0.E+000));
#1408 = VECTOR('',#1409,1.);
#1409 = DIRECTION('',(0.E+000,-1.));
#1410 = ( GEOMETRIC_REPRESENTATION_CONTEXT(2) 
PARAMETRIC_REPRESENTATION_CONTEXT() REPRESENTATION_CONTEXT('2D SPACE',''
  ) );
#1411 = PCURVE('',#1412,#1417);
#1412 = PLANE('',#1413);
#1413 = AXIS2_PLACEMENT_3D('',#1414,#1415,#1416);
#1414 = CARTESIAN_POINT('',(87.90921712,86.79478704,0.E+000));
#1415 = DIRECTION('',(-0.803206966813,-0.595700065858,0.E+000));
#1416 = DIRECTION('',(-0.595700065858,0.803206966813,0.E+000));
#1417 = DEFINITIONAL_REPRESENTATION('',(#1418),#1422);
#1418 = LINE('',#1419,#1420);
#1419 = CARTESIAN_POINT('',(0.E+000,0.E+000));
#1420 = VECTOR('',#1421,1.);
#1421 = DIRECTION('',(0.E+000,-1.));
#1422 = ( GEOMETRIC_REPRESENTATION_CONTEXT(2) 
PARAMETRIC_REPRESENTATION_CONTEXT() REPRESENTATION_CONTEXT('2D SPACE',''
  ) );
#1423 = ORIENTED_EDGE('',*,*,#1424,.F.);
#1424 = EDGE_CURVE('',#1321,#1397,#1425,.T.);
#1425 = SURFACE_CURVE('',#1426,(#1430,#1437),.PCURVE_S1.);
#1426 = LINE('',#1427,#1428);
#1427 = CARTESIAN_POINT('',(88.42705454,85.9308289,0.E+000));
#1428 = VECTOR('',#1429,1.);
#1429 = DIRECTION('',(-0.514103357152,0.857728242607,0.E+000));
#1430 = PCURVE('',#1336,#1431);
#1431 = DEFINITIONAL_REPRESENTATION('',(#1432),#1436);
#1432 = LINE('',#1433,#1434);
#1433 = CARTESIAN_POINT('',(0.E+000,0.E+000));
#1434 = VECTOR('',#1435,1.);
#1435 = DIRECTION('',(1.,0.E+000));
#1436 = ( GEOMETRIC_REPRESENTATION_CONTEXT(2) 
PARAMETRIC_REPRESENTATION_CONTEXT() REPRESENTATION_CONTEXT('2D SPACE',''
  ) );
#1437 = PCURVE('',#217,#1438);
#1438 = DEFINITIONAL_REPRESENTATION('',(#1439),#1443);
#1439 = LINE('',#1440,#1441);
#1440 = CARTESIAN_POINT('',(-12.22425038,17.67566188));
#1441 = VECTOR('',#1442,1.);
#1442 = DIRECTION('',(0.514103357152,0.857728242607));
#1443 = ( GEOMETRIC_REPRESENTATION_CONTEXT(2) 
PARAMETRIC_REPRESENTATION_CONTEXT() REPRESENTATION_CONTEXT('2D SPACE',''
  ) );
#1444 = ADVANCED_FACE('',(#1445),#1412,.F.);
#1445 = FACE_BOUND('',#1446,.F.);
#1446 = EDGE_LOOP('',(#1447,#1448,#1471,#1499));
#1447 = ORIENTED_EDGE('',*,*,#1396,.T.);
#1448 = ORIENTED_EDGE('',*,*,#1449,.T.);
#1449 = EDGE_CURVE('',#1374,#1450,#1452,.T.);
#1450 = VERTEX_POINT('',#1451);
#1451 = CARTESIAN_POINT('',(87.30919038,87.60382784,0.7984236));
#1452 = SURFACE_CURVE('',#1453,(#1457,#1464),.PCURVE_S1.);
#1453 = LINE('',#1454,#1455);
#1454 = CARTESIAN_POINT('',(87.90921712,86.79478704,0.7984236));
#1455 = VECTOR('',#1456,1.);
#1456 = DIRECTION('',(-0.595700065858,0.803206966813,0.E+000));
#1457 = PCURVE('',#1412,#1458);
#1458 = DEFINITIONAL_REPRESENTATION('',(#1459),#1463);
#1459 = LINE('',#1460,#1461);
#1460 = CARTESIAN_POINT('',(0.E+000,-0.7984236));
#1461 = VECTOR('',#1462,1.);
#1462 = DIRECTION('',(1.,0.E+000));
#1463 = ( GEOMETRIC_REPRESENTATION_CONTEXT(2) 
PARAMETRIC_REPRESENTATION_CONTEXT() REPRESENTATION_CONTEXT('2D SPACE',''
  ) );
#1464 = PCURVE('',#163,#1465);
#1465 = DEFINITIONAL_REPRESENTATION('',(#1466),#1470);
#1466 = LINE('',#1467,#1468);
#1467 = CARTESIAN_POINT('',(-11.70641296,18.53962002));
#1468 = VECTOR('',#1469,1.);
#1469 = DIRECTION('',(0.595700065858,0.803206966813));
#1470 = ( GEOMETRIC_REPRESENTATION_CONTEXT(2) 
PARAMETRIC_REPRESENTATION_CONTEXT() REPRESENTATION_CONTEXT('2D SPACE',''
  ) );
#1471 = ORIENTED_EDGE('',*,*,#1472,.F.);
#1472 = EDGE_CURVE('',#1473,#1450,#1475,.T.);
#1473 = VERTEX_POINT('',#1474);
#1474 = CARTESIAN_POINT('',(87.30919038,87.60382784,0.E+000));
#1475 = SURFACE_CURVE('',#1476,(#1480,#1487),.PCURVE_S1.);
#1476 = LINE('',#1477,#1478);
#1477 = CARTESIAN_POINT('',(87.30919038,87.60382784,0.E+000));
#1478 = VECTOR('',#1479,1.);
#1479 = DIRECTION('',(0.E+000,0.E+000,1.));
#1480 = PCURVE('',#1412,#1481);
#1481 = DEFINITIONAL_REPRESENTATION('',(#1482),#1486);
#1482 = LINE('',#1483,#1484);
#1483 = CARTESIAN_POINT('',(1.00726317553,0.E+000));
#1484 = VECTOR('',#1485,1.);
#1485 = DIRECTION('',(0.E+000,-1.));
#1486 = ( GEOMETRIC_REPRESENTATION_CONTEXT(2) 
PARAMETRIC_REPRESENTATION_CONTEXT() REPRESENTATION_CONTEXT('2D SPACE',''
  ) );
#1487 = PCURVE('',#1488,#1493);
#1488 = PLANE('',#1489);
#1489 = AXIS2_PLACEMENT_3D('',#1490,#1491,#1492);
#1490 = CARTESIAN_POINT('',(87.30919038,87.60382784,0.E+000));
#1491 = DIRECTION('',(-0.740952130887,-0.671557845412,0.E+000));
#1492 = DIRECTION('',(-0.671557845412,0.740952130887,0.E+000));
#1493 = DEFINITIONAL_REPRESENTATION('',(#1494),#1498);
#1494 = LINE('',#1495,#1496);
#1495 = CARTESIAN_POINT('',(0.E+000,0.E+000));
#1496 = VECTOR('',#1497,1.);
#1497 = DIRECTION('',(0.E+000,-1.));
#1498 = ( GEOMETRIC_REPRESENTATION_CONTEXT(2) 
PARAMETRIC_REPRESENTATION_CONTEXT() REPRESENTATION_CONTEXT('2D SPACE',''
  ) );
#1499 = ORIENTED_EDGE('',*,*,#1500,.F.);
#1500 = EDGE_CURVE('',#1397,#1473,#1501,.T.);
#1501 = SURFACE_CURVE('',#1502,(#1506,#1513),.PCURVE_S1.);
#1502 = LINE('',#1503,#1504);
#1503 = CARTESIAN_POINT('',(87.90921712,86.79478704,0.E+000));
#1504 = VECTOR('',#1505,1.);
#1505 = DIRECTION('',(-0.595700065858,0.803206966813,0.E+000));
#1506 = PCURVE('',#1412,#1507);
#1507 = DEFINITIONAL_REPRESENTATION('',(#1508),#1512);
#1508 = LINE('',#1509,#1510);
#1509 = CARTESIAN_POINT('',(0.E+000,0.E+000));
#1510 = VECTOR('',#1511,1.);
#1511 = DIRECTION('',(1.,0.E+000));
#1512 = ( GEOMETRIC_REPRESENTATION_CONTEXT(2) 
PARAMETRIC_REPRESENTATION_CONTEXT() REPRESENTATION_CONTEXT('2D SPACE',''
  ) );
#1513 = PCURVE('',#217,#1514);
#1514 = DEFINITIONAL_REPRESENTATION('',(#1515),#1519);
#1515 = LINE('',#1516,#1517);
#1516 = CARTESIAN_POINT('',(-11.70641296,18.53962002));
#1517 = VECTOR('',#1518,1.);
#1518 = DIRECTION('',(0.595700065858,0.803206966813));
#1519 = ( GEOMETRIC_REPRESENTATION_CONTEXT(2) 
PARAMETRIC_REPRESENTATION_CONTEXT() REPRESENTATION_CONTEXT('2D SPACE',''
  ) );
#1520 = ADVANCED_FACE('',(#1521),#1488,.F.);
#1521 = FACE_BOUND('',#1522,.F.);
#1522 = EDGE_LOOP('',(#1523,#1524,#1547,#1575));
#1523 = ORIENTED_EDGE('',*,*,#1472,.T.);
#1524 = ORIENTED_EDGE('',*,*,#1525,.T.);
#1525 = EDGE_CURVE('',#1450,#1526,#1528,.T.);
#1526 = VERTEX_POINT('',#1527);
#1527 = CARTESIAN_POINT('',(86.63275536,88.35016112,0.7984236));
#1528 = SURFACE_CURVE('',#1529,(#1533,#1540),.PCURVE_S1.);
#1529 = LINE('',#1530,#1531);
#1530 = CARTESIAN_POINT('',(87.30919038,87.60382784,0.7984236));
#1531 = VECTOR('',#1532,1.);
#1532 = DIRECTION('',(-0.671557845412,0.740952130887,0.E+000));
#1533 = PCURVE('',#1488,#1534);
#1534 = DEFINITIONAL_REPRESENTATION('',(#1535),#1539);
#1535 = LINE('',#1536,#1537);
#1536 = CARTESIAN_POINT('',(0.E+000,-0.7984236));
#1537 = VECTOR('',#1538,1.);
#1538 = DIRECTION('',(1.,0.E+000));
#1539 = ( GEOMETRIC_REPRESENTATION_CONTEXT(2) 
PARAMETRIC_REPRESENTATION_CONTEXT() REPRESENTATION_CONTEXT('2D SPACE',''
  ) );
#1540 = PCURVE('',#163,#1541);
#1541 = DEFINITIONAL_REPRESENTATION('',(#1542),#1546);
#1542 = LINE('',#1543,#1544);
#1543 = CARTESIAN_POINT('',(-11.10638622,19.34866082));
#1544 = VECTOR('',#1545,1.);
#1545 = DIRECTION('',(0.671557845412,0.740952130887));
#1546 = ( GEOMETRIC_REPRESENTATION_CONTEXT(2) 
PARAMETRIC_REPRESENTATION_CONTEXT() REPRESENTATION_CONTEXT('2D SPACE',''
  ) );
#1547 = ORIENTED_EDGE('',*,*,#1548,.F.);
#1548 = EDGE_CURVE('',#1549,#1526,#1551,.T.);
#1549 = VERTEX_POINT('',#1550);
#1550 = CARTESIAN_POINT('',(86.63275536,88.35016112,0.E+000));
#1551 = SURFACE_CURVE('',#1552,(#1556,#1563),.PCURVE_S1.);
#1552 = LINE('',#1553,#1554);
#1553 = CARTESIAN_POINT('',(86.63275536,88.35016112,0.E+000));
#1554 = VECTOR('',#1555,1.);
#1555 = DIRECTION('',(0.E+000,0.E+000,1.));
#1556 = PCURVE('',#1488,#1557);
#1557 = DEFINITIONAL_REPRESENTATION('',(#1558),#1562);
#1558 = LINE('',#1559,#1560);
#1559 = CARTESIAN_POINT('',(1.00726247876,0.E+000));
#1560 = VECTOR('',#1561,1.);
#1561 = DIRECTION('',(0.E+000,-1.));
#1562 = ( GEOMETRIC_REPRESENTATION_CONTEXT(2) 
PARAMETRIC_REPRESENTATION_CONTEXT() REPRESENTATION_CONTEXT('2D SPACE',''
  ) );
#1563 = PCURVE('',#1564,#1569);
#1564 = PLANE('',#1565);
#1565 = AXIS2_PLACEMENT_3D('',#1566,#1567,#1568);
#1566 = CARTESIAN_POINT('',(86.63275536,88.35016112,0.E+000));
#1567 = DIRECTION('',(-0.671557845412,-0.740952130887,0.E+000));
#1568 = DIRECTION('',(-0.740952130887,0.671557845412,0.E+000));
#1569 = DEFINITIONAL_REPRESENTATION('',(#1570),#1574);
#1570 = LINE('',#1571,#1572);
#1571 = CARTESIAN_POINT('',(0.E+000,0.E+000));
#1572 = VECTOR('',#1573,1.);
#1573 = DIRECTION('',(0.E+000,-1.));
#1574 = ( GEOMETRIC_REPRESENTATION_CONTEXT(2) 
PARAMETRIC_REPRESENTATION_CONTEXT() REPRESENTATION_CONTEXT('2D SPACE',''
  ) );
#1575 = ORIENTED_EDGE('',*,*,#1576,.F.);
#1576 = EDGE_CURVE('',#1473,#1549,#1577,.T.);
#1577 = SURFACE_CURVE('',#1578,(#1582,#1589),.PCURVE_S1.);
#1578 = LINE('',#1579,#1580);
#1579 = CARTESIAN_POINT('',(87.30919038,87.60382784,0.E+000));
#1580 = VECTOR('',#1581,1.);
#1581 = DIRECTION('',(-0.671557845412,0.740952130887,0.E+000));
#1582 = PCURVE('',#1488,#1583);
#1583 = DEFINITIONAL_REPRESENTATION('',(#1584),#1588);
#1584 = LINE('',#1585,#1586);
#1585 = CARTESIAN_POINT('',(0.E+000,0.E+000));
#1586 = VECTOR('',#1587,1.);
#1587 = DIRECTION('',(1.,0.E+000));
#1588 = ( GEOMETRIC_REPRESENTATION_CONTEXT(2) 
PARAMETRIC_REPRESENTATION_CONTEXT() REPRESENTATION_CONTEXT('2D SPACE',''
  ) );
#1589 = PCURVE('',#217,#1590);
#1590 = DEFINITIONAL_REPRESENTATION('',(#1591),#1595);
#1591 = LINE('',#1592,#1593);
#1592 = CARTESIAN_POINT('',(-11.10638622,19.34866082));
#1593 = VECTOR('',#1594,1.);
#1594 = DIRECTION('',(0.671557845412,0.740952130887));
#1595 = ( GEOMETRIC_REPRESENTATION_CONTEXT(2) 
PARAMETRIC_REPRESENTATION_CONTEXT() REPRESENTATION_CONTEXT('2D SPACE',''
  ) );
#1596 = ADVANCED_FACE('',(#1597),#1564,.F.);
#1597 = FACE_BOUND('',#1598,.F.);
#1598 = EDGE_LOOP('',(#1599,#1600,#1623,#1651));
#1599 = ORIENTED_EDGE('',*,*,#1548,.T.);
#1600 = ORIENTED_EDGE('',*,*,#1601,.T.);
#1601 = EDGE_CURVE('',#1526,#1602,#1604,.T.);
#1602 = VERTEX_POINT('',#1603);
#1603 = CARTESIAN_POINT('',(85.88642208,89.02659614,0.7984236));
#1604 = SURFACE_CURVE('',#1605,(#1609,#1616),.PCURVE_S1.);
#1605 = LINE('',#1606,#1607);
#1606 = CARTESIAN_POINT('',(86.63275536,88.35016112,0.7984236));
#1607 = VECTOR('',#1608,1.);
#1608 = DIRECTION('',(-0.740952130887,0.671557845412,0.E+000));
#1609 = PCURVE('',#1564,#1610);
#1610 = DEFINITIONAL_REPRESENTATION('',(#1611),#1615);
#1611 = LINE('',#1612,#1613);
#1612 = CARTESIAN_POINT('',(0.E+000,-0.7984236));
#1613 = VECTOR('',#1614,1.);
#1614 = DIRECTION('',(1.,0.E+000));
#1615 = ( GEOMETRIC_REPRESENTATION_CONTEXT(2) 
PARAMETRIC_REPRESENTATION_CONTEXT() REPRESENTATION_CONTEXT('2D SPACE',''
  ) );
#1616 = PCURVE('',#163,#1617);
#1617 = DEFINITIONAL_REPRESENTATION('',(#1618),#1622);
#1618 = LINE('',#1619,#1620);
#1619 = CARTESIAN_POINT('',(-10.4299512,20.0949941));
#1620 = VECTOR('',#1621,1.);
#1621 = DIRECTION('',(0.740952130887,0.671557845412));
#1622 = ( GEOMETRIC_REPRESENTATION_CONTEXT(2) 
PARAMETRIC_REPRESENTATION_CONTEXT() REPRESENTATION_CONTEXT('2D SPACE',''
  ) );
#1623 = ORIENTED_EDGE('',*,*,#1624,.F.);
#1624 = EDGE_CURVE('',#1625,#1602,#1627,.T.);
#1625 = VERTEX_POINT('',#1626);
#1626 = CARTESIAN_POINT('',(85.88642208,89.02659614,0.E+000));
#1627 = SURFACE_CURVE('',#1628,(#1632,#1639),.PCURVE_S1.);
#1628 = LINE('',#1629,#1630);
#1629 = CARTESIAN_POINT('',(85.88642208,89.02659614,0.E+000));
#1630 = VECTOR('',#1631,1.);
#1631 = DIRECTION('',(0.E+000,0.E+000,1.));
#1632 = PCURVE('',#1564,#1633);
#1633 = DEFINITIONAL_REPRESENTATION('',(#1634),#1638);
#1634 = LINE('',#1635,#1636);
#1635 = CARTESIAN_POINT('',(1.00726247876,0.E+000));
#1636 = VECTOR('',#1637,1.);
#1637 = DIRECTION('',(0.E+000,-1.));
#1638 = ( GEOMETRIC_REPRESENTATION_CONTEXT(2) 
PARAMETRIC_REPRESENTATION_CONTEXT() REPRESENTATION_CONTEXT('2D SPACE',''
  ) );
#1639 = PCURVE('',#1640,#1645);
#1640 = PLANE('',#1641);
#1641 = AXIS2_PLACEMENT_3D('',#1642,#1643,#1644);
#1642 = CARTESIAN_POINT('',(85.88642208,89.02659614,0.E+000));
#1643 = DIRECTION('',(-0.595700065858,-0.803206966813,0.E+000));
#1644 = DIRECTION('',(-0.803206966813,0.595700065858,0.E+000));
#1645 = DEFINITIONAL_REPRESENTATION('',(#1646),#1650);
#1646 = LINE('',#1647,#1648);
#1647 = CARTESIAN_POINT('',(0.E+000,0.E+000));
#1648 = VECTOR('',#1649,1.);
#1649 = DIRECTION('',(0.E+000,-1.));
#1650 = ( GEOMETRIC_REPRESENTATION_CONTEXT(2) 
PARAMETRIC_REPRESENTATION_CONTEXT() REPRESENTATION_CONTEXT('2D SPACE',''
  ) );
#1651 = ORIENTED_EDGE('',*,*,#1652,.F.);
#1652 = EDGE_CURVE('',#1549,#1625,#1653,.T.);
#1653 = SURFACE_CURVE('',#1654,(#1658,#1665),.PCURVE_S1.);
#1654 = LINE('',#1655,#1656);
#1655 = CARTESIAN_POINT('',(86.63275536,88.35016112,0.E+000));
#1656 = VECTOR('',#1657,1.);
#1657 = DIRECTION('',(-0.740952130887,0.671557845412,0.E+000));
#1658 = PCURVE('',#1564,#1659);
#1659 = DEFINITIONAL_REPRESENTATION('',(#1660),#1664);
#1660 = LINE('',#1661,#1662);
#1661 = CARTESIAN_POINT('',(0.E+000,0.E+000));
#1662 = VECTOR('',#1663,1.);
#1663 = DIRECTION('',(1.,0.E+000));
#1664 = ( GEOMETRIC_REPRESENTATION_CONTEXT(2) 
PARAMETRIC_REPRESENTATION_CONTEXT() REPRESENTATION_CONTEXT('2D SPACE',''
  ) );
#1665 = PCURVE('',#217,#1666);
#1666 = DEFINITIONAL_REPRESENTATION('',(#1667),#1671);
#1667 = LINE('',#1668,#1669);
#1668 = CARTESIAN_POINT('',(-10.4299512,20.0949941));
#1669 = VECTOR('',#1670,1.);
#1670 = DIRECTION('',(0.740952130887,0.671557845412));
#1671 = ( GEOMETRIC_REPRESENTATION_CONTEXT(2) 
PARAMETRIC_REPRESENTATION_CONTEXT() REPRESENTATION_CONTEXT('2D SPACE',''
  ) );
#1672 = ADVANCED_FACE('',(#1673),#1640,.F.);
#1673 = FACE_BOUND('',#1674,.F.);
#1674 = EDGE_LOOP('',(#1675,#1676,#1699,#1727));
#1675 = ORIENTED_EDGE('',*,*,#1624,.T.);
#1676 = ORIENTED_EDGE('',*,*,#1677,.T.);
#1677 = EDGE_CURVE('',#1602,#1678,#1680,.T.);
#1678 = VERTEX_POINT('',#1679);
#1679 = CARTESIAN_POINT('',(85.07738128,89.62662288,0.7984236));
#1680 = SURFACE_CURVE('',#1681,(#1685,#1692),.PCURVE_S1.);
#1681 = LINE('',#1682,#1683);
#1682 = CARTESIAN_POINT('',(85.88642208,89.02659614,0.7984236));
#1683 = VECTOR('',#1684,1.);
#1684 = DIRECTION('',(-0.803206966813,0.595700065858,0.E+000));
#1685 = PCURVE('',#1640,#1686);
#1686 = DEFINITIONAL_REPRESENTATION('',(#1687),#1691);
#1687 = LINE('',#1688,#1689);
#1688 = CARTESIAN_POINT('',(0.E+000,-0.7984236));
#1689 = VECTOR('',#1690,1.);
#1690 = DIRECTION('',(1.,0.E+000));
#1691 = ( GEOMETRIC_REPRESENTATION_CONTEXT(2) 
PARAMETRIC_REPRESENTATION_CONTEXT() REPRESENTATION_CONTEXT('2D SPACE',''
  ) );
#1692 = PCURVE('',#163,#1693);
#1693 = DEFINITIONAL_REPRESENTATION('',(#1694),#1698);
#1694 = LINE('',#1695,#1696);
#1695 = CARTESIAN_POINT('',(-9.68361792,20.77142912));
#1696 = VECTOR('',#1697,1.);
#1697 = DIRECTION('',(0.803206966813,0.595700065858));
#1698 = ( GEOMETRIC_REPRESENTATION_CONTEXT(2) 
PARAMETRIC_REPRESENTATION_CONTEXT() REPRESENTATION_CONTEXT('2D SPACE',''
  ) );
#1699 = ORIENTED_EDGE('',*,*,#1700,.F.);
#1700 = EDGE_CURVE('',#1701,#1678,#1703,.T.);
#1701 = VERTEX_POINT('',#1702);
#1702 = CARTESIAN_POINT('',(85.07738128,89.62662288,0.E+000));
#1703 = SURFACE_CURVE('',#1704,(#1708,#1715),.PCURVE_S1.);
#1704 = LINE('',#1705,#1706);
#1705 = CARTESIAN_POINT('',(85.07738128,89.62662288,0.E+000));
#1706 = VECTOR('',#1707,1.);
#1707 = DIRECTION('',(0.E+000,0.E+000,1.));
#1708 = PCURVE('',#1640,#1709);
#1709 = DEFINITIONAL_REPRESENTATION('',(#1710),#1714);
#1710 = LINE('',#1711,#1712);
#1711 = CARTESIAN_POINT('',(1.00726317553,0.E+000));
#1712 = VECTOR('',#1713,1.);
#1713 = DIRECTION('',(0.E+000,-1.));
#1714 = ( GEOMETRIC_REPRESENTATION_CONTEXT(2) 
PARAMETRIC_REPRESENTATION_CONTEXT() REPRESENTATION_CONTEXT('2D SPACE',''
  ) );
#1715 = PCURVE('',#1716,#1721);
#1716 = PLANE('',#1717);
#1717 = AXIS2_PLACEMENT_3D('',#1718,#1719,#1720);
#1718 = CARTESIAN_POINT('',(85.07738128,89.62662288,0.E+000));
#1719 = DIRECTION('',(-0.514103357152,-0.857728242607,0.E+000));
#1720 = DIRECTION('',(-0.857728242607,0.514103357152,0.E+000));
#1721 = DEFINITIONAL_REPRESENTATION('',(#1722),#1726);
#1722 = LINE('',#1723,#1724);
#1723 = CARTESIAN_POINT('',(0.E+000,0.E+000));
#1724 = VECTOR('',#1725,1.);
#1725 = DIRECTION('',(0.E+000,-1.));
#1726 = ( GEOMETRIC_REPRESENTATION_CONTEXT(2) 
PARAMETRIC_REPRESENTATION_CONTEXT() REPRESENTATION_CONTEXT('2D SPACE',''
  ) );
#1727 = ORIENTED_EDGE('',*,*,#1728,.F.);
#1728 = EDGE_CURVE('',#1625,#1701,#1729,.T.);
#1729 = SURFACE_CURVE('',#1730,(#1734,#1741),.PCURVE_S1.);
#1730 = LINE('',#1731,#1732);
#1731 = CARTESIAN_POINT('',(85.88642208,89.02659614,0.E+000));
#1732 = VECTOR('',#1733,1.);
#1733 = DIRECTION('',(-0.803206966813,0.595700065858,0.E+000));
#1734 = PCURVE('',#1640,#1735);
#1735 = DEFINITIONAL_REPRESENTATION('',(#1736),#1740);
#1736 = LINE('',#1737,#1738);
#1737 = CARTESIAN_POINT('',(0.E+000,0.E+000));
#1738 = VECTOR('',#1739,1.);
#1739 = DIRECTION('',(1.,0.E+000));
#1740 = ( GEOMETRIC_REPRESENTATION_CONTEXT(2) 
PARAMETRIC_REPRESENTATION_CONTEXT() REPRESENTATION_CONTEXT('2D SPACE',''
  ) );
#1741 = PCURVE('',#217,#1742);
#1742 = DEFINITIONAL_REPRESENTATION('',(#1743),#1747);
#1743 = LINE('',#1744,#1745);
#1744 = CARTESIAN_POINT('',(-9.68361792,20.77142912));
#1745 = VECTOR('',#1746,1.);
#1746 = DIRECTION('',(0.803206966813,0.595700065858));
#1747 = ( GEOMETRIC_REPRESENTATION_CONTEXT(2) 
PARAMETRIC_REPRESENTATION_CONTEXT() REPRESENTATION_CONTEXT('2D SPACE',''
  ) );
#1748 = ADVANCED_FACE('',(#1749),#1716,.F.);
#1749 = FACE_BOUND('',#1750,.F.);
#1750 = EDGE_LOOP('',(#1751,#1752,#1775,#1803));
#1751 = ORIENTED_EDGE('',*,*,#1700,.T.);
#1752 = ORIENTED_EDGE('',*,*,#1753,.T.);
#1753 = EDGE_CURVE('',#1678,#1754,#1756,.T.);
#1754 = VERTEX_POINT('',#1755);
#1755 = CARTESIAN_POINT('',(84.21342314,90.1444603,0.7984236));
#1756 = SURFACE_CURVE('',#1757,(#1761,#1768),.PCURVE_S1.);
#1757 = LINE('',#1758,#1759);
#1758 = CARTESIAN_POINT('',(85.07738128,89.62662288,0.7984236));
#1759 = VECTOR('',#1760,1.);
#1760 = DIRECTION('',(-0.857728242607,0.514103357152,0.E+000));
#1761 = PCURVE('',#1716,#1762);
#1762 = DEFINITIONAL_REPRESENTATION('',(#1763),#1767);
#1763 = LINE('',#1764,#1765);
#1764 = CARTESIAN_POINT('',(0.E+000,-0.7984236));
#1765 = VECTOR('',#1766,1.);
#1766 = DIRECTION('',(1.,0.E+000));
#1767 = ( GEOMETRIC_REPRESENTATION_CONTEXT(2) 
PARAMETRIC_REPRESENTATION_CONTEXT() REPRESENTATION_CONTEXT('2D SPACE',''
  ) );
#1768 = PCURVE('',#163,#1769);
#1769 = DEFINITIONAL_REPRESENTATION('',(#1770),#1774);
#1770 = LINE('',#1771,#1772);
#1771 = CARTESIAN_POINT('',(-8.87457712,21.37145586));
#1772 = VECTOR('',#1773,1.);
#1773 = DIRECTION('',(0.857728242607,0.514103357152));
#1774 = ( GEOMETRIC_REPRESENTATION_CONTEXT(2) 
PARAMETRIC_REPRESENTATION_CONTEXT() REPRESENTATION_CONTEXT('2D SPACE',''
  ) );
#1775 = ORIENTED_EDGE('',*,*,#1776,.F.);
#1776 = EDGE_CURVE('',#1777,#1754,#1779,.T.);
#1777 = VERTEX_POINT('',#1778);
#1778 = CARTESIAN_POINT('',(84.21342314,90.1444603,0.E+000));
#1779 = SURFACE_CURVE('',#1780,(#1784,#1791),.PCURVE_S1.);
#1780 = LINE('',#1781,#1782);
#1781 = CARTESIAN_POINT('',(84.21342314,90.1444603,0.E+000));
#1782 = VECTOR('',#1783,1.);
#1783 = DIRECTION('',(0.E+000,0.E+000,1.));
#1784 = PCURVE('',#1716,#1785);
#1785 = DEFINITIONAL_REPRESENTATION('',(#1786),#1790);
#1786 = LINE('',#1787,#1788);
#1787 = CARTESIAN_POINT('',(1.007263253189,0.E+000));
#1788 = VECTOR('',#1789,1.);
#1789 = DIRECTION('',(0.E+000,-1.));
#1790 = ( GEOMETRIC_REPRESENTATION_CONTEXT(2) 
PARAMETRIC_REPRESENTATION_CONTEXT() REPRESENTATION_CONTEXT('2D SPACE',''
  ) );
#1791 = PCURVE('',#1792,#1797);
#1792 = PLANE('',#1793);
#1793 = AXIS2_PLACEMENT_3D('',#1794,#1795,#1796);
#1794 = CARTESIAN_POINT('',(84.21342314,90.1444603,0.E+000));
#1795 = DIRECTION('',(-0.427554576912,-0.903989537418,0.E+000));
#1796 = DIRECTION('',(-0.903989537418,0.427554576912,0.E+000));
#1797 = DEFINITIONAL_REPRESENTATION('',(#1798),#1802);
#1798 = LINE('',#1799,#1800);
#1799 = CARTESIAN_POINT('',(0.E+000,0.E+000));
#1800 = VECTOR('',#1801,1.);
#1801 = DIRECTION('',(0.E+000,-1.));
#1802 = ( GEOMETRIC_REPRESENTATION_CONTEXT(2) 
PARAMETRIC_REPRESENTATION_CONTEXT() REPRESENTATION_CONTEXT('2D SPACE',''
  ) );
#1803 = ORIENTED_EDGE('',*,*,#1804,.F.);
#1804 = EDGE_CURVE('',#1701,#1777,#1805,.T.);
#1805 = SURFACE_CURVE('',#1806,(#1810,#1817),.PCURVE_S1.);
#1806 = LINE('',#1807,#1808);
#1807 = CARTESIAN_POINT('',(85.07738128,89.62662288,0.E+000));
#1808 = VECTOR('',#1809,1.);
#1809 = DIRECTION('',(-0.857728242607,0.514103357152,0.E+000));
#1810 = PCURVE('',#1716,#1811);
#1811 = DEFINITIONAL_REPRESENTATION('',(#1812),#1816);
#1812 = LINE('',#1813,#1814);
#1813 = CARTESIAN_POINT('',(0.E+000,0.E+000));
#1814 = VECTOR('',#1815,1.);
#1815 = DIRECTION('',(1.,0.E+000));
#1816 = ( GEOMETRIC_REPRESENTATION_CONTEXT(2) 
PARAMETRIC_REPRESENTATION_CONTEXT() REPRESENTATION_CONTEXT('2D SPACE',''
  ) );
#1817 = PCURVE('',#217,#1818);
#1818 = DEFINITIONAL_REPRESENTATION('',(#1819),#1823);
#1819 = LINE('',#1820,#1821);
#1820 = CARTESIAN_POINT('',(-8.87457712,21.37145586));
#1821 = VECTOR('',#1822,1.);
#1822 = DIRECTION('',(0.857728242607,0.514103357152));
#1823 = ( GEOMETRIC_REPRESENTATION_CONTEXT(2) 
PARAMETRIC_REPRESENTATION_CONTEXT() REPRESENTATION_CONTEXT('2D SPACE',''
  ) );
#1824 = ADVANCED_FACE('',(#1825),#1792,.F.);
#1825 = FACE_BOUND('',#1826,.F.);
#1826 = EDGE_LOOP('',(#1827,#1828,#1851,#1879));
#1827 = ORIENTED_EDGE('',*,*,#1776,.T.);
#1828 = ORIENTED_EDGE('',*,*,#1829,.T.);
#1829 = EDGE_CURVE('',#1754,#1830,#1832,.T.);
#1830 = VERTEX_POINT('',#1831);
#1831 = CARTESIAN_POINT('',(83.3028687,90.57511984,0.7984236));
#1832 = SURFACE_CURVE('',#1833,(#1837,#1844),.PCURVE_S1.);
#1833 = LINE('',#1834,#1835);
#1834 = CARTESIAN_POINT('',(84.21342314,90.1444603,0.7984236));
#1835 = VECTOR('',#1836,1.);
#1836 = DIRECTION('',(-0.903989537418,0.427554576912,0.E+000));
#1837 = PCURVE('',#1792,#1838);
#1838 = DEFINITIONAL_REPRESENTATION('',(#1839),#1843);
#1839 = LINE('',#1840,#1841);
#1840 = CARTESIAN_POINT('',(0.E+000,-0.7984236));
#1841 = VECTOR('',#1842,1.);
#1842 = DIRECTION('',(1.,0.E+000));
#1843 = ( GEOMETRIC_REPRESENTATION_CONTEXT(2) 
PARAMETRIC_REPRESENTATION_CONTEXT() REPRESENTATION_CONTEXT('2D SPACE',''
  ) );
#1844 = PCURVE('',#163,#1845);
#1845 = DEFINITIONAL_REPRESENTATION('',(#1846),#1850);
#1846 = LINE('',#1847,#1848);
#1847 = CARTESIAN_POINT('',(-8.01061898,21.88929328));
#1848 = VECTOR('',#1849,1.);
#1849 = DIRECTION('',(0.903989537418,0.427554576912));
#1850 = ( GEOMETRIC_REPRESENTATION_CONTEXT(2) 
PARAMETRIC_REPRESENTATION_CONTEXT() REPRESENTATION_CONTEXT('2D SPACE',''
  ) );
#1851 = ORIENTED_EDGE('',*,*,#1852,.F.);
#1852 = EDGE_CURVE('',#1853,#1830,#1855,.T.);
#1853 = VERTEX_POINT('',#1854);
#1854 = CARTESIAN_POINT('',(83.3028687,90.57511984,0.E+000));
#1855 = SURFACE_CURVE('',#1856,(#1860,#1867),.PCURVE_S1.);
#1856 = LINE('',#1857,#1858);
#1857 = CARTESIAN_POINT('',(83.3028687,90.57511984,0.E+000));
#1858 = VECTOR('',#1859,1.);
#1859 = DIRECTION('',(0.E+000,0.E+000,1.));
#1860 = PCURVE('',#1792,#1861);
#1861 = DEFINITIONAL_REPRESENTATION('',(#1862),#1866);
#1862 = LINE('',#1863,#1864);
#1863 = CARTESIAN_POINT('',(1.007262144428,0.E+000));
#1864 = VECTOR('',#1865,1.);
#1865 = DIRECTION('',(0.E+000,-1.));
#1866 = ( GEOMETRIC_REPRESENTATION_CONTEXT(2) 
PARAMETRIC_REPRESENTATION_CONTEXT() REPRESENTATION_CONTEXT('2D SPACE',''
  ) );
#1867 = PCURVE('',#1868,#1873);
#1868 = PLANE('',#1869);
#1869 = AXIS2_PLACEMENT_3D('',#1870,#1871,#1872);
#1870 = CARTESIAN_POINT('',(83.3028687,90.57511984,0.E+000));
#1871 = DIRECTION('',(-0.336889535017,-0.941544179099,0.E+000));
#1872 = DIRECTION('',(-0.941544179099,0.336889535017,0.E+000));
#1873 = DEFINITIONAL_REPRESENTATION('',(#1874),#1878);
#1874 = LINE('',#1875,#1876);
#1875 = CARTESIAN_POINT('',(0.E+000,0.E+000));
#1876 = VECTOR('',#1877,1.);
#1877 = DIRECTION('',(0.E+000,-1.));
#1878 = ( GEOMETRIC_REPRESENTATION_CONTEXT(2) 
PARAMETRIC_REPRESENTATION_CONTEXT() REPRESENTATION_CONTEXT('2D SPACE',''
  ) );
#1879 = ORIENTED_EDGE('',*,*,#1880,.F.);
#1880 = EDGE_CURVE('',#1777,#1853,#1881,.T.);
#1881 = SURFACE_CURVE('',#1882,(#1886,#1893),.PCURVE_S1.);
#1882 = LINE('',#1883,#1884);
#1883 = CARTESIAN_POINT('',(84.21342314,90.1444603,0.E+000));
#1884 = VECTOR('',#1885,1.);
#1885 = DIRECTION('',(-0.903989537418,0.427554576912,0.E+000));
#1886 = PCURVE('',#1792,#1887);
#1887 = DEFINITIONAL_REPRESENTATION('',(#1888),#1892);
#1888 = LINE('',#1889,#1890);
#1889 = CARTESIAN_POINT('',(0.E+000,0.E+000));
#1890 = VECTOR('',#1891,1.);
#1891 = DIRECTION('',(1.,0.E+000));
#1892 = ( GEOMETRIC_REPRESENTATION_CONTEXT(2) 
PARAMETRIC_REPRESENTATION_CONTEXT() REPRESENTATION_CONTEXT('2D SPACE',''
  ) );
#1893 = PCURVE('',#217,#1894);
#1894 = DEFINITIONAL_REPRESENTATION('',(#1895),#1899);
#1895 = LINE('',#1896,#1897);
#1896 = CARTESIAN_POINT('',(-8.01061898,21.88929328));
#1897 = VECTOR('',#1898,1.);
#1898 = DIRECTION('',(0.903989537418,0.427554576912));
#1899 = ( GEOMETRIC_REPRESENTATION_CONTEXT(2) 
PARAMETRIC_REPRESENTATION_CONTEXT() REPRESENTATION_CONTEXT('2D SPACE',''
  ) );
#1900 = ADVANCED_FACE('',(#1901),#1868,.F.);
#1901 = FACE_BOUND('',#1902,.F.);
#1902 = EDGE_LOOP('',(#1903,#1904,#1927,#1955));
#1903 = ORIENTED_EDGE('',*,*,#1852,.T.);
#1904 = ORIENTED_EDGE('',*,*,#1905,.T.);
#1905 = EDGE_CURVE('',#1830,#1906,#1908,.T.);
#1906 = VERTEX_POINT('',#1907);
#1907 = CARTESIAN_POINT('',(82.35448604,90.91445622,0.7984236));
#1908 = SURFACE_CURVE('',#1909,(#1913,#1920),.PCURVE_S1.);
#1909 = LINE('',#1910,#1911);
#1910 = CARTESIAN_POINT('',(83.3028687,90.57511984,0.7984236));
#1911 = VECTOR('',#1912,1.);
#1912 = DIRECTION('',(-0.941544179099,0.336889535017,0.E+000));
#1913 = PCURVE('',#1868,#1914);
#1914 = DEFINITIONAL_REPRESENTATION('',(#1915),#1919);
#1915 = LINE('',#1916,#1917);
#1916 = CARTESIAN_POINT('',(0.E+000,-0.7984236));
#1917 = VECTOR('',#1918,1.);
#1918 = DIRECTION('',(1.,0.E+000));
#1919 = ( GEOMETRIC_REPRESENTATION_CONTEXT(2) 
PARAMETRIC_REPRESENTATION_CONTEXT() REPRESENTATION_CONTEXT('2D SPACE',''
  ) );
#1920 = PCURVE('',#163,#1921);
#1921 = DEFINITIONAL_REPRESENTATION('',(#1922),#1926);
#1922 = LINE('',#1923,#1924);
#1923 = CARTESIAN_POINT('',(-7.10006454,22.31995282));
#1924 = VECTOR('',#1925,1.);
#1925 = DIRECTION('',(0.941544179099,0.336889535017));
#1926 = ( GEOMETRIC_REPRESENTATION_CONTEXT(2) 
PARAMETRIC_REPRESENTATION_CONTEXT() REPRESENTATION_CONTEXT('2D SPACE',''
  ) );
#1927 = ORIENTED_EDGE('',*,*,#1928,.F.);
#1928 = EDGE_CURVE('',#1929,#1906,#1931,.T.);
#1929 = VERTEX_POINT('',#1930);
#1930 = CARTESIAN_POINT('',(82.35448604,90.91445622,0.E+000));
#1931 = SURFACE_CURVE('',#1932,(#1936,#1943),.PCURVE_S1.);
#1932 = LINE('',#1933,#1934);
#1933 = CARTESIAN_POINT('',(82.35448604,90.91445622,0.E+000));
#1934 = VECTOR('',#1935,1.);
#1935 = DIRECTION('',(0.E+000,0.E+000,1.));
#1936 = PCURVE('',#1868,#1937);
#1937 = DEFINITIONAL_REPRESENTATION('',(#1938),#1942);
#1938 = LINE('',#1939,#1940);
#1939 = CARTESIAN_POINT('',(1.007263048354,0.E+000));
#1940 = VECTOR('',#1941,1.);
#1941 = DIRECTION('',(0.E+000,-1.));
#1942 = ( GEOMETRIC_REPRESENTATION_CONTEXT(2) 
PARAMETRIC_REPRESENTATION_CONTEXT() REPRESENTATION_CONTEXT('2D SPACE',''
  ) );
#1943 = PCURVE('',#1944,#1949);
#1944 = PLANE('',#1945);
#1945 = AXIS2_PLACEMENT_3D('',#1946,#1947,#1948);
#1946 = CARTESIAN_POINT('',(82.35448604,90.91445622,0.E+000));
#1947 = DIRECTION('',(-0.2429794161,-0.970031444517,0.E+000));
#1948 = DIRECTION('',(-0.970031444517,0.2429794161,0.E+000));
#1949 = DEFINITIONAL_REPRESENTATION('',(#1950),#1954);
#1950 = LINE('',#1951,#1952);
#1951 = CARTESIAN_POINT('',(0.E+000,0.E+000));
#1952 = VECTOR('',#1953,1.);
#1953 = DIRECTION('',(0.E+000,-1.));
#1954 = ( GEOMETRIC_REPRESENTATION_CONTEXT(2) 
PARAMETRIC_REPRESENTATION_CONTEXT() REPRESENTATION_CONTEXT('2D SPACE',''
  ) );
#1955 = ORIENTED_EDGE('',*,*,#1956,.F.);
#1956 = EDGE_CURVE('',#1853,#1929,#1957,.T.);
#1957 = SURFACE_CURVE('',#1958,(#1962,#1969),.PCURVE_S1.);
#1958 = LINE('',#1959,#1960);
#1959 = CARTESIAN_POINT('',(83.3028687,90.57511984,0.E+000));
#1960 = VECTOR('',#1961,1.);
#1961 = DIRECTION('',(-0.941544179099,0.336889535017,0.E+000));
#1962 = PCURVE('',#1868,#1963);
#1963 = DEFINITIONAL_REPRESENTATION('',(#1964),#1968);
#1964 = LINE('',#1965,#1966);
#1965 = CARTESIAN_POINT('',(0.E+000,0.E+000));
#1966 = VECTOR('',#1967,1.);
#1967 = DIRECTION('',(1.,0.E+000));
#1968 = ( GEOMETRIC_REPRESENTATION_CONTEXT(2) 
PARAMETRIC_REPRESENTATION_CONTEXT() REPRESENTATION_CONTEXT('2D SPACE',''
  ) );
#1969 = PCURVE('',#217,#1970);
#1970 = DEFINITIONAL_REPRESENTATION('',(#1971),#1975);
#1971 = LINE('',#1972,#1973);
#1972 = CARTESIAN_POINT('',(-7.10006454,22.31995282));
#1973 = VECTOR('',#1974,1.);
#1974 = DIRECTION('',(0.941544179099,0.336889535017));
#1975 = ( GEOMETRIC_REPRESENTATION_CONTEXT(2) 
PARAMETRIC_REPRESENTATION_CONTEXT() REPRESENTATION_CONTEXT('2D SPACE',''
  ) );
#1976 = ADVANCED_FACE('',(#1977),#1944,.F.);
#1977 = FACE_BOUND('',#1978,.F.);
#1978 = EDGE_LOOP('',(#1979,#1980,#2003,#2031));
#1979 = ORIENTED_EDGE('',*,*,#1928,.T.);
#1980 = ORIENTED_EDGE('',*,*,#1981,.T.);
#1981 = EDGE_CURVE('',#1906,#1982,#1984,.T.);
#1982 = VERTEX_POINT('',#1983);
#1983 = CARTESIAN_POINT('',(81.377409,91.15920046,0.7984236));
#1984 = SURFACE_CURVE('',#1985,(#1989,#1996),.PCURVE_S1.);
#1985 = LINE('',#1986,#1987);
#1986 = CARTESIAN_POINT('',(82.35448604,90.91445622,0.7984236));
#1987 = VECTOR('',#1988,1.);
#1988 = DIRECTION('',(-0.970031444517,0.2429794161,0.E+000));
#1989 = PCURVE('',#1944,#1990);
#1990 = DEFINITIONAL_REPRESENTATION('',(#1991),#1995);
#1991 = LINE('',#1992,#1993);
#1992 = CARTESIAN_POINT('',(0.E+000,-0.7984236));
#1993 = VECTOR('',#1994,1.);
#1994 = DIRECTION('',(1.,0.E+000));
#1995 = ( GEOMETRIC_REPRESENTATION_CONTEXT(2) 
PARAMETRIC_REPRESENTATION_CONTEXT() REPRESENTATION_CONTEXT('2D SPACE',''
  ) );
#1996 = PCURVE('',#163,#1997);
#1997 = DEFINITIONAL_REPRESENTATION('',(#1998),#2002);
#1998 = LINE('',#1999,#2000);
#1999 = CARTESIAN_POINT('',(-6.15168188,22.6592892));
#2000 = VECTOR('',#2001,1.);
#2001 = DIRECTION('',(0.970031444517,0.2429794161));
#2002 = ( GEOMETRIC_REPRESENTATION_CONTEXT(2) 
PARAMETRIC_REPRESENTATION_CONTEXT() REPRESENTATION_CONTEXT('2D SPACE',''
  ) );
#2003 = ORIENTED_EDGE('',*,*,#2004,.F.);
#2004 = EDGE_CURVE('',#2005,#1982,#2007,.T.);
#2005 = VERTEX_POINT('',#2006);
#2006 = CARTESIAN_POINT('',(81.377409,91.15920046,0.E+000));
#2007 = SURFACE_CURVE('',#2008,(#2012,#2019),.PCURVE_S1.);
#2008 = LINE('',#2009,#2010);
#2009 = CARTESIAN_POINT('',(81.377409,91.15920046,0.E+000));
#2010 = VECTOR('',#2011,1.);
#2011 = DIRECTION('',(0.E+000,0.E+000,1.));
#2012 = PCURVE('',#1944,#2013);
#2013 = DEFINITIONAL_REPRESENTATION('',(#2014),#2018);
#2014 = LINE('',#2015,#2016);
#2015 = CARTESIAN_POINT('',(1.007263265045,0.E+000));
#2016 = VECTOR('',#2017,1.);
#2017 = DIRECTION('',(0.E+000,-1.));
#2018 = ( GEOMETRIC_REPRESENTATION_CONTEXT(2) 
PARAMETRIC_REPRESENTATION_CONTEXT() REPRESENTATION_CONTEXT('2D SPACE',''
  ) );
#2019 = PCURVE('',#2020,#2025);
#2020 = PLANE('',#2021);
#2021 = AXIS2_PLACEMENT_3D('',#2022,#2023,#2024);
#2022 = CARTESIAN_POINT('',(81.377409,91.15920046,0.E+000));
#2023 = DIRECTION('',(-0.146731803986,-0.989176312747,0.E+000));
#2024 = DIRECTION('',(-0.989176312747,0.146731803986,0.E+000));
#2025 = DEFINITIONAL_REPRESENTATION('',(#2026),#2030);
#2026 = LINE('',#2027,#2028);
#2027 = CARTESIAN_POINT('',(0.E+000,0.E+000));
#2028 = VECTOR('',#2029,1.);
#2029 = DIRECTION('',(0.E+000,-1.));
#2030 = ( GEOMETRIC_REPRESENTATION_CONTEXT(2) 
PARAMETRIC_REPRESENTATION_CONTEXT() REPRESENTATION_CONTEXT('2D SPACE',''
  ) );
#2031 = ORIENTED_EDGE('',*,*,#2032,.F.);
#2032 = EDGE_CURVE('',#1929,#2005,#2033,.T.);
#2033 = SURFACE_CURVE('',#2034,(#2038,#2045),.PCURVE_S1.);
#2034 = LINE('',#2035,#2036);
#2035 = CARTESIAN_POINT('',(82.35448604,90.91445622,0.E+000));
#2036 = VECTOR('',#2037,1.);
#2037 = DIRECTION('',(-0.970031444517,0.2429794161,0.E+000));
#2038 = PCURVE('',#1944,#2039);
#2039 = DEFINITIONAL_REPRESENTATION('',(#2040),#2044);
#2040 = LINE('',#2041,#2042);
#2041 = CARTESIAN_POINT('',(0.E+000,0.E+000));
#2042 = VECTOR('',#2043,1.);
#2043 = DIRECTION('',(1.,0.E+000));
#2044 = ( GEOMETRIC_REPRESENTATION_CONTEXT(2) 
PARAMETRIC_REPRESENTATION_CONTEXT() REPRESENTATION_CONTEXT('2D SPACE',''
  ) );
#2045 = PCURVE('',#217,#2046);
#2046 = DEFINITIONAL_REPRESENTATION('',(#2047),#2051);
#2047 = LINE('',#2048,#2049);
#2048 = CARTESIAN_POINT('',(-6.15168188,22.6592892));
#2049 = VECTOR('',#2050,1.);
#2050 = DIRECTION('',(0.970031444517,0.2429794161));
#2051 = ( GEOMETRIC_REPRESENTATION_CONTEXT(2) 
PARAMETRIC_REPRESENTATION_CONTEXT() REPRESENTATION_CONTEXT('2D SPACE',''
  ) );
#2052 = ADVANCED_FACE('',(#2053),#2020,.F.);
#2053 = FACE_BOUND('',#2054,.F.);
#2054 = EDGE_LOOP('',(#2055,#2056,#2079,#2107));
#2055 = ORIENTED_EDGE('',*,*,#2004,.T.);
#2056 = ORIENTED_EDGE('',*,*,#2057,.T.);
#2057 = EDGE_CURVE('',#1982,#2058,#2060,.T.);
#2058 = VERTEX_POINT('',#2059);
#2059 = CARTESIAN_POINT('',(80.38104828,91.30699798,0.7984236));
#2060 = SURFACE_CURVE('',#2061,(#2065,#2072),.PCURVE_S1.);
#2061 = LINE('',#2062,#2063);
#2062 = CARTESIAN_POINT('',(81.377409,91.15920046,0.7984236));
#2063 = VECTOR('',#2064,1.);
#2064 = DIRECTION('',(-0.989176312747,0.146731803986,0.E+000));
#2065 = PCURVE('',#2020,#2066);
#2066 = DEFINITIONAL_REPRESENTATION('',(#2067),#2071);
#2067 = LINE('',#2068,#2069);
#2068 = CARTESIAN_POINT('',(0.E+000,-0.7984236));
#2069 = VECTOR('',#2070,1.);
#2070 = DIRECTION('',(1.,0.E+000));
#2071 = ( GEOMETRIC_REPRESENTATION_CONTEXT(2) 
PARAMETRIC_REPRESENTATION_CONTEXT() REPRESENTATION_CONTEXT('2D SPACE',''
  ) );
#2072 = PCURVE('',#163,#2073);
#2073 = DEFINITIONAL_REPRESENTATION('',(#2074),#2078);
#2074 = LINE('',#2075,#2076);
#2075 = CARTESIAN_POINT('',(-5.17460484,22.90403344));
#2076 = VECTOR('',#2077,1.);
#2077 = DIRECTION('',(0.989176312747,0.146731803986));
#2078 = ( GEOMETRIC_REPRESENTATION_CONTEXT(2) 
PARAMETRIC_REPRESENTATION_CONTEXT() REPRESENTATION_CONTEXT('2D SPACE',''
  ) );
#2079 = ORIENTED_EDGE('',*,*,#2080,.F.);
#2080 = EDGE_CURVE('',#2081,#2058,#2083,.T.);
#2081 = VERTEX_POINT('',#2082);
#2082 = CARTESIAN_POINT('',(80.38104828,91.30699798,0.E+000));
#2083 = SURFACE_CURVE('',#2084,(#2088,#2095),.PCURVE_S1.);
#2084 = LINE('',#2085,#2086);
#2085 = CARTESIAN_POINT('',(80.38104828,91.30699798,0.E+000));
#2086 = VECTOR('',#2087,1.);
#2087 = DIRECTION('',(0.E+000,0.E+000,1.));
#2088 = PCURVE('',#2020,#2089);
#2089 = DEFINITIONAL_REPRESENTATION('',(#2090),#2094);
#2090 = LINE('',#2091,#2092);
#2091 = CARTESIAN_POINT('',(1.007263019909,0.E+000));
#2092 = VECTOR('',#2093,1.);
#2093 = DIRECTION('',(0.E+000,-1.));
#2094 = ( GEOMETRIC_REPRESENTATION_CONTEXT(2) 
PARAMETRIC_REPRESENTATION_CONTEXT() REPRESENTATION_CONTEXT('2D SPACE',''
  ) );
#2095 = PCURVE('',#2096,#2101);
#2096 = PLANE('',#2097);
#2097 = AXIS2_PLACEMENT_3D('',#2098,#2099,#2100);
#2098 = CARTESIAN_POINT('',(80.38104828,91.30699798,0.E+000));
#2099 = DIRECTION('',(-4.906701797669E-002,-0.998795488449,0.E+000));
#2100 = DIRECTION('',(-0.998795488449,4.906701797669E-002,0.E+000));
#2101 = DEFINITIONAL_REPRESENTATION('',(#2102),#2106);
#2102 = LINE('',#2103,#2104);
#2103 = CARTESIAN_POINT('',(0.E+000,0.E+000));
#2104 = VECTOR('',#2105,1.);
#2105 = DIRECTION('',(0.E+000,-1.));
#2106 = ( GEOMETRIC_REPRESENTATION_CONTEXT(2) 
PARAMETRIC_REPRESENTATION_CONTEXT() REPRESENTATION_CONTEXT('2D SPACE',''
  ) );
#2107 = ORIENTED_EDGE('',*,*,#2108,.F.);
#2108 = EDGE_CURVE('',#2005,#2081,#2109,.T.);
#2109 = SURFACE_CURVE('',#2110,(#2114,#2121),.PCURVE_S1.);
#2110 = LINE('',#2111,#2112);
#2111 = CARTESIAN_POINT('',(81.377409,91.15920046,0.E+000));
#2112 = VECTOR('',#2113,1.);
#2113 = DIRECTION('',(-0.989176312747,0.146731803986,0.E+000));
#2114 = PCURVE('',#2020,#2115);
#2115 = DEFINITIONAL_REPRESENTATION('',(#2116),#2120);
#2116 = LINE('',#2117,#2118);
#2117 = CARTESIAN_POINT('',(0.E+000,0.E+000));
#2118 = VECTOR('',#2119,1.);
#2119 = DIRECTION('',(1.,0.E+000));
#2120 = ( GEOMETRIC_REPRESENTATION_CONTEXT(2) 
PARAMETRIC_REPRESENTATION_CONTEXT() REPRESENTATION_CONTEXT('2D SPACE',''
  ) );
#2121 = PCURVE('',#217,#2122);
#2122 = DEFINITIONAL_REPRESENTATION('',(#2123),#2127);
#2123 = LINE('',#2124,#2125);
#2124 = CARTESIAN_POINT('',(-5.17460484,22.90403344));
#2125 = VECTOR('',#2126,1.);
#2126 = DIRECTION('',(0.989176312747,0.146731803986));
#2127 = ( GEOMETRIC_REPRESENTATION_CONTEXT(2) 
PARAMETRIC_REPRESENTATION_CONTEXT() REPRESENTATION_CONTEXT('2D SPACE',''
  ) );
#2128 = ADVANCED_FACE('',(#2129),#2096,.F.);
#2129 = FACE_BOUND('',#2130,.F.);
#2130 = EDGE_LOOP('',(#2131,#2132,#2155,#2183));
#2131 = ORIENTED_EDGE('',*,*,#2080,.T.);
#2132 = ORIENTED_EDGE('',*,*,#2133,.T.);
#2133 = EDGE_CURVE('',#2058,#2134,#2136,.T.);
#2134 = VERTEX_POINT('',#2135);
#2135 = CARTESIAN_POINT('',(79.375,91.3564213,0.7984236));
#2136 = SURFACE_CURVE('',#2137,(#2141,#2148),.PCURVE_S1.);
#2137 = LINE('',#2138,#2139);
#2138 = CARTESIAN_POINT('',(80.38104828,91.30699798,0.7984236));
#2139 = VECTOR('',#2140,1.);
#2140 = DIRECTION('',(-0.998795488449,4.906701797669E-002,0.E+000));
#2141 = PCURVE('',#2096,#2142);
#2142 = DEFINITIONAL_REPRESENTATION('',(#2143),#2147);
#2143 = LINE('',#2144,#2145);
#2144 = CARTESIAN_POINT('',(0.E+000,-0.7984236));
#2145 = VECTOR('',#2146,1.);
#2146 = DIRECTION('',(1.,0.E+000));
#2147 = ( GEOMETRIC_REPRESENTATION_CONTEXT(2) 
PARAMETRIC_REPRESENTATION_CONTEXT() REPRESENTATION_CONTEXT('2D SPACE',''
  ) );
#2148 = PCURVE('',#163,#2149);
#2149 = DEFINITIONAL_REPRESENTATION('',(#2150),#2154);
#2150 = LINE('',#2151,#2152);
#2151 = CARTESIAN_POINT('',(-4.17824412,23.05183096));
#2152 = VECTOR('',#2153,1.);
#2153 = DIRECTION('',(0.998795488449,4.906701797669E-002));
#2154 = ( GEOMETRIC_REPRESENTATION_CONTEXT(2) 
PARAMETRIC_REPRESENTATION_CONTEXT() REPRESENTATION_CONTEXT('2D SPACE',''
  ) );
#2155 = ORIENTED_EDGE('',*,*,#2156,.F.);
#2156 = EDGE_CURVE('',#2157,#2134,#2159,.T.);
#2157 = VERTEX_POINT('',#2158);
#2158 = CARTESIAN_POINT('',(79.375,91.3564213,0.E+000));
#2159 = SURFACE_CURVE('',#2160,(#2164,#2171),.PCURVE_S1.);
#2160 = LINE('',#2161,#2162);
#2161 = CARTESIAN_POINT('',(79.375,91.3564213,0.E+000));
#2162 = VECTOR('',#2163,1.);
#2163 = DIRECTION('',(0.E+000,0.E+000,1.));
#2164 = PCURVE('',#2096,#2165);
#2165 = DEFINITIONAL_REPRESENTATION('',(#2166),#2170);
#2166 = LINE('',#2167,#2168);
#2167 = CARTESIAN_POINT('',(1.007261538157,0.E+000));
#2168 = VECTOR('',#2169,1.);
#2169 = DIRECTION('',(0.E+000,-1.));
#2170 = ( GEOMETRIC_REPRESENTATION_CONTEXT(2) 
PARAMETRIC_REPRESENTATION_CONTEXT() REPRESENTATION_CONTEXT('2D SPACE',''
  ) );
#2171 = PCURVE('',#2172,#2177);
#2172 = PLANE('',#2173);
#2173 = AXIS2_PLACEMENT_3D('',#2174,#2175,#2176);
#2174 = CARTESIAN_POINT('',(79.375,91.3564213,0.E+000));
#2175 = DIRECTION('',(4.906701797669E-002,-0.998795488449,0.E+000));
#2176 = DIRECTION('',(-0.998795488449,-4.906701797669E-002,0.E+000));
#2177 = DEFINITIONAL_REPRESENTATION('',(#2178),#2182);
#2178 = LINE('',#2179,#2180);
#2179 = CARTESIAN_POINT('',(0.E+000,0.E+000));
#2180 = VECTOR('',#2181,1.);
#2181 = DIRECTION('',(0.E+000,-1.));
#2182 = ( GEOMETRIC_REPRESENTATION_CONTEXT(2) 
PARAMETRIC_REPRESENTATION_CONTEXT() REPRESENTATION_CONTEXT('2D SPACE',''
  ) );
#2183 = ORIENTED_EDGE('',*,*,#2184,.F.);
#2184 = EDGE_CURVE('',#2081,#2157,#2185,.T.);
#2185 = SURFACE_CURVE('',#2186,(#2190,#2197),.PCURVE_S1.);
#2186 = LINE('',#2187,#2188);
#2187 = CARTESIAN_POINT('',(80.38104828,91.30699798,0.E+000));
#2188 = VECTOR('',#2189,1.);
#2189 = DIRECTION('',(-0.998795488449,4.906701797669E-002,0.E+000));
#2190 = PCURVE('',#2096,#2191);
#2191 = DEFINITIONAL_REPRESENTATION('',(#2192),#2196);
#2192 = LINE('',#2193,#2194);
#2193 = CARTESIAN_POINT('',(0.E+000,0.E+000));
#2194 = VECTOR('',#2195,1.);
#2195 = DIRECTION('',(1.,0.E+000));
#2196 = ( GEOMETRIC_REPRESENTATION_CONTEXT(2) 
PARAMETRIC_REPRESENTATION_CONTEXT() REPRESENTATION_CONTEXT('2D SPACE',''
  ) );
#2197 = PCURVE('',#217,#2198);
#2198 = DEFINITIONAL_REPRESENTATION('',(#2199),#2203);
#2199 = LINE('',#2200,#2201);
#2200 = CARTESIAN_POINT('',(-4.17824412,23.05183096));
#2201 = VECTOR('',#2202,1.);
#2202 = DIRECTION('',(0.998795488449,4.906701797669E-002));
#2203 = ( GEOMETRIC_REPRESENTATION_CONTEXT(2) 
PARAMETRIC_REPRESENTATION_CONTEXT() REPRESENTATION_CONTEXT('2D SPACE',''
  ) );
#2204 = ADVANCED_FACE('',(#2205),#2172,.F.);
#2205 = FACE_BOUND('',#2206,.F.);
#2206 = EDGE_LOOP('',(#2207,#2208,#2231,#2259));
#2207 = ORIENTED_EDGE('',*,*,#2156,.T.);
#2208 = ORIENTED_EDGE('',*,*,#2209,.T.);
#2209 = EDGE_CURVE('',#2134,#2210,#2212,.T.);
#2210 = VERTEX_POINT('',#2211);
#2211 = CARTESIAN_POINT('',(78.36895172,91.30699798,0.7984236));
#2212 = SURFACE_CURVE('',#2213,(#2217,#2224),.PCURVE_S1.);
#2213 = LINE('',#2214,#2215);
#2214 = CARTESIAN_POINT('',(79.375,91.3564213,0.7984236));
#2215 = VECTOR('',#2216,1.);
#2216 = DIRECTION('',(-0.998795488449,-4.906701797669E-002,0.E+000));
#2217 = PCURVE('',#2172,#2218);
#2218 = DEFINITIONAL_REPRESENTATION('',(#2219),#2223);
#2219 = LINE('',#2220,#2221);
#2220 = CARTESIAN_POINT('',(0.E+000,-0.7984236));
#2221 = VECTOR('',#2222,1.);
#2222 = DIRECTION('',(1.,0.E+000));
#2223 = ( GEOMETRIC_REPRESENTATION_CONTEXT(2) 
PARAMETRIC_REPRESENTATION_CONTEXT() REPRESENTATION_CONTEXT('2D SPACE',''
  ) );
#2224 = PCURVE('',#163,#2225);
#2225 = DEFINITIONAL_REPRESENTATION('',(#2226),#2230);
#2226 = LINE('',#2227,#2228);
#2227 = CARTESIAN_POINT('',(-3.17219584,23.10125428));
#2228 = VECTOR('',#2229,1.);
#2229 = DIRECTION('',(0.998795488449,-4.906701797669E-002));
#2230 = ( GEOMETRIC_REPRESENTATION_CONTEXT(2) 
PARAMETRIC_REPRESENTATION_CONTEXT() REPRESENTATION_CONTEXT('2D SPACE',''
  ) );
#2231 = ORIENTED_EDGE('',*,*,#2232,.F.);
#2232 = EDGE_CURVE('',#2233,#2210,#2235,.T.);
#2233 = VERTEX_POINT('',#2234);
#2234 = CARTESIAN_POINT('',(78.36895172,91.30699798,0.E+000));
#2235 = SURFACE_CURVE('',#2236,(#2240,#2247),.PCURVE_S1.);
#2236 = LINE('',#2237,#2238);
#2237 = CARTESIAN_POINT('',(78.36895172,91.30699798,0.E+000));
#2238 = VECTOR('',#2239,1.);
#2239 = DIRECTION('',(0.E+000,0.E+000,1.));
#2240 = PCURVE('',#2172,#2241);
#2241 = DEFINITIONAL_REPRESENTATION('',(#2242),#2246);
#2242 = LINE('',#2243,#2244);
#2243 = CARTESIAN_POINT('',(1.007261538157,0.E+000));
#2244 = VECTOR('',#2245,1.);
#2245 = DIRECTION('',(0.E+000,-1.));
#2246 = ( GEOMETRIC_REPRESENTATION_CONTEXT(2) 
PARAMETRIC_REPRESENTATION_CONTEXT() REPRESENTATION_CONTEXT('2D SPACE',''
  ) );
#2247 = PCURVE('',#2248,#2253);
#2248 = PLANE('',#2249);
#2249 = AXIS2_PLACEMENT_3D('',#2250,#2251,#2252);
#2250 = CARTESIAN_POINT('',(78.36895172,91.30699798,0.E+000));
#2251 = DIRECTION('',(0.146731803986,-0.989176312747,0.E+000));
#2252 = DIRECTION('',(-0.989176312747,-0.146731803986,0.E+000));
#2253 = DEFINITIONAL_REPRESENTATION('',(#2254),#2258);
#2254 = LINE('',#2255,#2256);
#2255 = CARTESIAN_POINT('',(0.E+000,0.E+000));
#2256 = VECTOR('',#2257,1.);
#2257 = DIRECTION('',(0.E+000,-1.));
#2258 = ( GEOMETRIC_REPRESENTATION_CONTEXT(2) 
PARAMETRIC_REPRESENTATION_CONTEXT() REPRESENTATION_CONTEXT('2D SPACE',''
  ) );
#2259 = ORIENTED_EDGE('',*,*,#2260,.F.);
#2260 = EDGE_CURVE('',#2157,#2233,#2261,.T.);
#2261 = SURFACE_CURVE('',#2262,(#2266,#2273),.PCURVE_S1.);
#2262 = LINE('',#2263,#2264);
#2263 = CARTESIAN_POINT('',(79.375,91.3564213,0.E+000));
#2264 = VECTOR('',#2265,1.);
#2265 = DIRECTION('',(-0.998795488449,-4.906701797669E-002,0.E+000));
#2266 = PCURVE('',#2172,#2267);
#2267 = DEFINITIONAL_REPRESENTATION('',(#2268),#2272);
#2268 = LINE('',#2269,#2270);
#2269 = CARTESIAN_POINT('',(0.E+000,0.E+000));
#2270 = VECTOR('',#2271,1.);
#2271 = DIRECTION('',(1.,0.E+000));
#2272 = ( GEOMETRIC_REPRESENTATION_CONTEXT(2) 
PARAMETRIC_REPRESENTATION_CONTEXT() REPRESENTATION_CONTEXT('2D SPACE',''
  ) );
#2273 = PCURVE('',#217,#2274);
#2274 = DEFINITIONAL_REPRESENTATION('',(#2275),#2279);
#2275 = LINE('',#2276,#2277);
#2276 = CARTESIAN_POINT('',(-3.17219584,23.10125428));
#2277 = VECTOR('',#2278,1.);
#2278 = DIRECTION('',(0.998795488449,-4.906701797669E-002));
#2279 = ( GEOMETRIC_REPRESENTATION_CONTEXT(2) 
PARAMETRIC_REPRESENTATION_CONTEXT() REPRESENTATION_CONTEXT('2D SPACE',''
  ) );
#2280 = ADVANCED_FACE('',(#2281),#2248,.F.);
#2281 = FACE_BOUND('',#2282,.F.);
#2282 = EDGE_LOOP('',(#2283,#2284,#2307,#2335));
#2283 = ORIENTED_EDGE('',*,*,#2232,.T.);
#2284 = ORIENTED_EDGE('',*,*,#2285,.T.);
#2285 = EDGE_CURVE('',#2210,#2286,#2288,.T.);
#2286 = VERTEX_POINT('',#2287);
#2287 = CARTESIAN_POINT('',(77.372591,91.15920046,0.7984236));
#2288 = SURFACE_CURVE('',#2289,(#2293,#2300),.PCURVE_S1.);
#2289 = LINE('',#2290,#2291);
#2290 = CARTESIAN_POINT('',(78.36895172,91.30699798,0.7984236));
#2291 = VECTOR('',#2292,1.);
#2292 = DIRECTION('',(-0.989176312747,-0.146731803986,0.E+000));
#2293 = PCURVE('',#2248,#2294);
#2294 = DEFINITIONAL_REPRESENTATION('',(#2295),#2299);
#2295 = LINE('',#2296,#2297);
#2296 = CARTESIAN_POINT('',(0.E+000,-0.7984236));
#2297 = VECTOR('',#2298,1.);
#2298 = DIRECTION('',(1.,0.E+000));
#2299 = ( GEOMETRIC_REPRESENTATION_CONTEXT(2) 
PARAMETRIC_REPRESENTATION_CONTEXT() REPRESENTATION_CONTEXT('2D SPACE',''
  ) );
#2300 = PCURVE('',#163,#2301);
#2301 = DEFINITIONAL_REPRESENTATION('',(#2302),#2306);
#2302 = LINE('',#2303,#2304);
#2303 = CARTESIAN_POINT('',(-2.16614756,23.05183096));
#2304 = VECTOR('',#2305,1.);
#2305 = DIRECTION('',(0.989176312747,-0.146731803986));
#2306 = ( GEOMETRIC_REPRESENTATION_CONTEXT(2) 
PARAMETRIC_REPRESENTATION_CONTEXT() REPRESENTATION_CONTEXT('2D SPACE',''
  ) );
#2307 = ORIENTED_EDGE('',*,*,#2308,.F.);
#2308 = EDGE_CURVE('',#2309,#2286,#2311,.T.);
#2309 = VERTEX_POINT('',#2310);
#2310 = CARTESIAN_POINT('',(77.372591,91.15920046,0.E+000));
#2311 = SURFACE_CURVE('',#2312,(#2316,#2323),.PCURVE_S1.);
#2312 = LINE('',#2313,#2314);
#2313 = CARTESIAN_POINT('',(77.372591,91.15920046,0.E+000));
#2314 = VECTOR('',#2315,1.);
#2315 = DIRECTION('',(0.E+000,0.E+000,1.));
#2316 = PCURVE('',#2248,#2317);
#2317 = DEFINITIONAL_REPRESENTATION('',(#2318),#2322);
#2318 = LINE('',#2319,#2320);
#2319 = CARTESIAN_POINT('',(1.007263019909,0.E+000));
#2320 = VECTOR('',#2321,1.);
#2321 = DIRECTION('',(0.E+000,-1.));
#2322 = ( GEOMETRIC_REPRESENTATION_CONTEXT(2) 
PARAMETRIC_REPRESENTATION_CONTEXT() REPRESENTATION_CONTEXT('2D SPACE',''
  ) );
#2323 = PCURVE('',#2324,#2329);
#2324 = PLANE('',#2325);
#2325 = AXIS2_PLACEMENT_3D('',#2326,#2327,#2328);
#2326 = CARTESIAN_POINT('',(77.372591,91.15920046,0.E+000));
#2327 = DIRECTION('',(0.2429794161,-0.970031444517,0.E+000));
#2328 = DIRECTION('',(-0.970031444517,-0.2429794161,0.E+000));
#2329 = DEFINITIONAL_REPRESENTATION('',(#2330),#2334);
#2330 = LINE('',#2331,#2332);
#2331 = CARTESIAN_POINT('',(0.E+000,0.E+000));
#2332 = VECTOR('',#2333,1.);
#2333 = DIRECTION('',(0.E+000,-1.));
#2334 = ( GEOMETRIC_REPRESENTATION_CONTEXT(2) 
PARAMETRIC_REPRESENTATION_CONTEXT() REPRESENTATION_CONTEXT('2D SPACE',''
  ) );
#2335 = ORIENTED_EDGE('',*,*,#2336,.F.);
#2336 = EDGE_CURVE('',#2233,#2309,#2337,.T.);
#2337 = SURFACE_CURVE('',#2338,(#2342,#2349),.PCURVE_S1.);
#2338 = LINE('',#2339,#2340);
#2339 = CARTESIAN_POINT('',(78.36895172,91.30699798,0.E+000));
#2340 = VECTOR('',#2341,1.);
#2341 = DIRECTION('',(-0.989176312747,-0.146731803986,0.E+000));
#2342 = PCURVE('',#2248,#2343);
#2343 = DEFINITIONAL_REPRESENTATION('',(#2344),#2348);
#2344 = LINE('',#2345,#2346);
#2345 = CARTESIAN_POINT('',(0.E+000,0.E+000));
#2346 = VECTOR('',#2347,1.);
#2347 = DIRECTION('',(1.,0.E+000));
#2348 = ( GEOMETRIC_REPRESENTATION_CONTEXT(2) 
PARAMETRIC_REPRESENTATION_CONTEXT() REPRESENTATION_CONTEXT('2D SPACE',''
  ) );
#2349 = PCURVE('',#217,#2350);
#2350 = DEFINITIONAL_REPRESENTATION('',(#2351),#2355);
#2351 = LINE('',#2352,#2353);
#2352 = CARTESIAN_POINT('',(-2.16614756,23.05183096));
#2353 = VECTOR('',#2354,1.);
#2354 = DIRECTION('',(0.989176312747,-0.146731803986));
#2355 = ( GEOMETRIC_REPRESENTATION_CONTEXT(2) 
PARAMETRIC_REPRESENTATION_CONTEXT() REPRESENTATION_CONTEXT('2D SPACE',''
  ) );
#2356 = ADVANCED_FACE('',(#2357),#2324,.F.);
#2357 = FACE_BOUND('',#2358,.F.);
#2358 = EDGE_LOOP('',(#2359,#2360,#2383,#2411));
#2359 = ORIENTED_EDGE('',*,*,#2308,.T.);
#2360 = ORIENTED_EDGE('',*,*,#2361,.T.);
#2361 = EDGE_CURVE('',#2286,#2362,#2364,.T.);
#2362 = VERTEX_POINT('',#2363);
#2363 = CARTESIAN_POINT('',(76.39551396,90.91445622,0.7984236));
#2364 = SURFACE_CURVE('',#2365,(#2369,#2376),.PCURVE_S1.);
#2365 = LINE('',#2366,#2367);
#2366 = CARTESIAN_POINT('',(77.372591,91.15920046,0.7984236));
#2367 = VECTOR('',#2368,1.);
#2368 = DIRECTION('',(-0.970031444517,-0.2429794161,0.E+000));
#2369 = PCURVE('',#2324,#2370);
#2370 = DEFINITIONAL_REPRESENTATION('',(#2371),#2375);
#2371 = LINE('',#2372,#2373);
#2372 = CARTESIAN_POINT('',(0.E+000,-0.7984236));
#2373 = VECTOR('',#2374,1.);
#2374 = DIRECTION('',(1.,0.E+000));
#2375 = ( GEOMETRIC_REPRESENTATION_CONTEXT(2) 
PARAMETRIC_REPRESENTATION_CONTEXT() REPRESENTATION_CONTEXT('2D SPACE',''
  ) );
#2376 = PCURVE('',#163,#2377);
#2377 = DEFINITIONAL_REPRESENTATION('',(#2378),#2382);
#2378 = LINE('',#2379,#2380);
#2379 = CARTESIAN_POINT('',(-1.16978684,22.90403344));
#2380 = VECTOR('',#2381,1.);
#2381 = DIRECTION('',(0.970031444517,-0.2429794161));
#2382 = ( GEOMETRIC_REPRESENTATION_CONTEXT(2) 
PARAMETRIC_REPRESENTATION_CONTEXT() REPRESENTATION_CONTEXT('2D SPACE',''
  ) );
#2383 = ORIENTED_EDGE('',*,*,#2384,.F.);
#2384 = EDGE_CURVE('',#2385,#2362,#2387,.T.);
#2385 = VERTEX_POINT('',#2386);
#2386 = CARTESIAN_POINT('',(76.39551396,90.91445622,0.E+000));
#2387 = SURFACE_CURVE('',#2388,(#2392,#2399),.PCURVE_S1.);
#2388 = LINE('',#2389,#2390);
#2389 = CARTESIAN_POINT('',(76.39551396,90.91445622,0.E+000));
#2390 = VECTOR('',#2391,1.);
#2391 = DIRECTION('',(0.E+000,0.E+000,1.));
#2392 = PCURVE('',#2324,#2393);
#2393 = DEFINITIONAL_REPRESENTATION('',(#2394),#2398);
#2394 = LINE('',#2395,#2396);
#2395 = CARTESIAN_POINT('',(1.007263265045,0.E+000));
#2396 = VECTOR('',#2397,1.);
#2397 = DIRECTION('',(0.E+000,-1.));
#2398 = ( GEOMETRIC_REPRESENTATION_CONTEXT(2) 
PARAMETRIC_REPRESENTATION_CONTEXT() REPRESENTATION_CONTEXT('2D SPACE',''
  ) );
#2399 = PCURVE('',#2400,#2405);
#2400 = PLANE('',#2401);
#2401 = AXIS2_PLACEMENT_3D('',#2402,#2403,#2404);
#2402 = CARTESIAN_POINT('',(76.39551396,90.91445622,0.E+000));
#2403 = DIRECTION('',(0.336889535017,-0.941544179099,0.E+000));
#2404 = DIRECTION('',(-0.941544179099,-0.336889535017,0.E+000));
#2405 = DEFINITIONAL_REPRESENTATION('',(#2406),#2410);
#2406 = LINE('',#2407,#2408);
#2407 = CARTESIAN_POINT('',(0.E+000,0.E+000));
#2408 = VECTOR('',#2409,1.);
#2409 = DIRECTION('',(0.E+000,-1.));
#2410 = ( GEOMETRIC_REPRESENTATION_CONTEXT(2) 
PARAMETRIC_REPRESENTATION_CONTEXT() REPRESENTATION_CONTEXT('2D SPACE',''
  ) );
#2411 = ORIENTED_EDGE('',*,*,#2412,.F.);
#2412 = EDGE_CURVE('',#2309,#2385,#2413,.T.);
#2413 = SURFACE_CURVE('',#2414,(#2418,#2425),.PCURVE_S1.);
#2414 = LINE('',#2415,#2416);
#2415 = CARTESIAN_POINT('',(77.372591,91.15920046,0.E+000));
#2416 = VECTOR('',#2417,1.);
#2417 = DIRECTION('',(-0.970031444517,-0.2429794161,0.E+000));
#2418 = PCURVE('',#2324,#2419);
#2419 = DEFINITIONAL_REPRESENTATION('',(#2420),#2424);
#2420 = LINE('',#2421,#2422);
#2421 = CARTESIAN_POINT('',(0.E+000,0.E+000));
#2422 = VECTOR('',#2423,1.);
#2423 = DIRECTION('',(1.,0.E+000));
#2424 = ( GEOMETRIC_REPRESENTATION_CONTEXT(2) 
PARAMETRIC_REPRESENTATION_CONTEXT() REPRESENTATION_CONTEXT('2D SPACE',''
  ) );
#2425 = PCURVE('',#217,#2426);
#2426 = DEFINITIONAL_REPRESENTATION('',(#2427),#2431);
#2427 = LINE('',#2428,#2429);
#2428 = CARTESIAN_POINT('',(-1.16978684,22.90403344));
#2429 = VECTOR('',#2430,1.);
#2430 = DIRECTION('',(0.970031444517,-0.2429794161));
#2431 = ( GEOMETRIC_REPRESENTATION_CONTEXT(2) 
PARAMETRIC_REPRESENTATION_CONTEXT() REPRESENTATION_CONTEXT('2D SPACE',''
  ) );
#2432 = ADVANCED_FACE('',(#2433),#2400,.F.);
#2433 = FACE_BOUND('',#2434,.F.);
#2434 = EDGE_LOOP('',(#2435,#2436,#2459,#2487));
#2435 = ORIENTED_EDGE('',*,*,#2384,.T.);
#2436 = ORIENTED_EDGE('',*,*,#2437,.T.);
#2437 = EDGE_CURVE('',#2362,#2438,#2440,.T.);
#2438 = VERTEX_POINT('',#2439);
#2439 = CARTESIAN_POINT('',(75.4471313,90.57511984,0.7984236));
#2440 = SURFACE_CURVE('',#2441,(#2445,#2452),.PCURVE_S1.);
#2441 = LINE('',#2442,#2443);
#2442 = CARTESIAN_POINT('',(76.39551396,90.91445622,0.7984236));
#2443 = VECTOR('',#2444,1.);
#2444 = DIRECTION('',(-0.941544179099,-0.336889535017,0.E+000));
#2445 = PCURVE('',#2400,#2446);
#2446 = DEFINITIONAL_REPRESENTATION('',(#2447),#2451);
#2447 = LINE('',#2448,#2449);
#2448 = CARTESIAN_POINT('',(0.E+000,-0.7984236));
#2449 = VECTOR('',#2450,1.);
#2450 = DIRECTION('',(1.,0.E+000));
#2451 = ( GEOMETRIC_REPRESENTATION_CONTEXT(2) 
PARAMETRIC_REPRESENTATION_CONTEXT() REPRESENTATION_CONTEXT('2D SPACE',''
  ) );
#2452 = PCURVE('',#163,#2453);
#2453 = DEFINITIONAL_REPRESENTATION('',(#2454),#2458);
#2454 = LINE('',#2455,#2456);
#2455 = CARTESIAN_POINT('',(-0.1927098,22.6592892));
#2456 = VECTOR('',#2457,1.);
#2457 = DIRECTION('',(0.941544179099,-0.336889535017));
#2458 = ( GEOMETRIC_REPRESENTATION_CONTEXT(2) 
PARAMETRIC_REPRESENTATION_CONTEXT() REPRESENTATION_CONTEXT('2D SPACE',''
  ) );
#2459 = ORIENTED_EDGE('',*,*,#2460,.F.);
#2460 = EDGE_CURVE('',#2461,#2438,#2463,.T.);
#2461 = VERTEX_POINT('',#2462);
#2462 = CARTESIAN_POINT('',(75.4471313,90.57511984,0.E+000));
#2463 = SURFACE_CURVE('',#2464,(#2468,#2475),.PCURVE_S1.);
#2464 = LINE('',#2465,#2466);
#2465 = CARTESIAN_POINT('',(75.4471313,90.57511984,0.E+000));
#2466 = VECTOR('',#2467,1.);
#2467 = DIRECTION('',(0.E+000,0.E+000,1.));
#2468 = PCURVE('',#2400,#2469);
#2469 = DEFINITIONAL_REPRESENTATION('',(#2470),#2474);
#2470 = LINE('',#2471,#2472);
#2471 = CARTESIAN_POINT('',(1.007263048354,0.E+000));
#2472 = VECTOR('',#2473,1.);
#2473 = DIRECTION('',(0.E+000,-1.));
#2474 = ( GEOMETRIC_REPRESENTATION_CONTEXT(2) 
PARAMETRIC_REPRESENTATION_CONTEXT() REPRESENTATION_CONTEXT('2D SPACE',''
  ) );
#2475 = PCURVE('',#2476,#2481);
#2476 = PLANE('',#2477);
#2477 = AXIS2_PLACEMENT_3D('',#2478,#2479,#2480);
#2478 = CARTESIAN_POINT('',(75.4471313,90.57511984,0.E+000));
#2479 = DIRECTION('',(0.427554576912,-0.903989537418,0.E+000));
#2480 = DIRECTION('',(-0.903989537418,-0.427554576912,0.E+000));
#2481 = DEFINITIONAL_REPRESENTATION('',(#2482),#2486);
#2482 = LINE('',#2483,#2484);
#2483 = CARTESIAN_POINT('',(0.E+000,0.E+000));
#2484 = VECTOR('',#2485,1.);
#2485 = DIRECTION('',(0.E+000,-1.));
#2486 = ( GEOMETRIC_REPRESENTATION_CONTEXT(2) 
PARAMETRIC_REPRESENTATION_CONTEXT() REPRESENTATION_CONTEXT('2D SPACE',''
  ) );
#2487 = ORIENTED_EDGE('',*,*,#2488,.F.);
#2488 = EDGE_CURVE('',#2385,#2461,#2489,.T.);
#2489 = SURFACE_CURVE('',#2490,(#2494,#2501),.PCURVE_S1.);
#2490 = LINE('',#2491,#2492);
#2491 = CARTESIAN_POINT('',(76.39551396,90.91445622,0.E+000));
#2492 = VECTOR('',#2493,1.);
#2493 = DIRECTION('',(-0.941544179099,-0.336889535017,0.E+000));
#2494 = PCURVE('',#2400,#2495);
#2495 = DEFINITIONAL_REPRESENTATION('',(#2496),#2500);
#2496 = LINE('',#2497,#2498);
#2497 = CARTESIAN_POINT('',(0.E+000,0.E+000));
#2498 = VECTOR('',#2499,1.);
#2499 = DIRECTION('',(1.,0.E+000));
#2500 = ( GEOMETRIC_REPRESENTATION_CONTEXT(2) 
PARAMETRIC_REPRESENTATION_CONTEXT() REPRESENTATION_CONTEXT('2D SPACE',''
  ) );
#2501 = PCURVE('',#217,#2502);
#2502 = DEFINITIONAL_REPRESENTATION('',(#2503),#2507);
#2503 = LINE('',#2504,#2505);
#2504 = CARTESIAN_POINT('',(-0.1927098,22.6592892));
#2505 = VECTOR('',#2506,1.);
#2506 = DIRECTION('',(0.941544179099,-0.336889535017));
#2507 = ( GEOMETRIC_REPRESENTATION_CONTEXT(2) 
PARAMETRIC_REPRESENTATION_CONTEXT() REPRESENTATION_CONTEXT('2D SPACE',''
  ) );
#2508 = ADVANCED_FACE('',(#2509),#2476,.F.);
#2509 = FACE_BOUND('',#2510,.F.);
#2510 = EDGE_LOOP('',(#2511,#2512,#2535,#2563));
#2511 = ORIENTED_EDGE('',*,*,#2460,.T.);
#2512 = ORIENTED_EDGE('',*,*,#2513,.T.);
#2513 = EDGE_CURVE('',#2438,#2514,#2516,.T.);
#2514 = VERTEX_POINT('',#2515);
#2515 = CARTESIAN_POINT('',(74.53657686,90.1444603,0.7984236));
#2516 = SURFACE_CURVE('',#2517,(#2521,#2528),.PCURVE_S1.);
#2517 = LINE('',#2518,#2519);
#2518 = CARTESIAN_POINT('',(75.4471313,90.57511984,0.7984236));
#2519 = VECTOR('',#2520,1.);
#2520 = DIRECTION('',(-0.903989537418,-0.427554576912,0.E+000));
#2521 = PCURVE('',#2476,#2522);
#2522 = DEFINITIONAL_REPRESENTATION('',(#2523),#2527);
#2523 = LINE('',#2524,#2525);
#2524 = CARTESIAN_POINT('',(0.E+000,-0.7984236));
#2525 = VECTOR('',#2526,1.);
#2526 = DIRECTION('',(1.,0.E+000));
#2527 = ( GEOMETRIC_REPRESENTATION_CONTEXT(2) 
PARAMETRIC_REPRESENTATION_CONTEXT() REPRESENTATION_CONTEXT('2D SPACE',''
  ) );
#2528 = PCURVE('',#163,#2529);
#2529 = DEFINITIONAL_REPRESENTATION('',(#2530),#2534);
#2530 = LINE('',#2531,#2532);
#2531 = CARTESIAN_POINT('',(0.75567286,22.31995282));
#2532 = VECTOR('',#2533,1.);
#2533 = DIRECTION('',(0.903989537418,-0.427554576912));
#2534 = ( GEOMETRIC_REPRESENTATION_CONTEXT(2) 
PARAMETRIC_REPRESENTATION_CONTEXT() REPRESENTATION_CONTEXT('2D SPACE',''
  ) );
#2535 = ORIENTED_EDGE('',*,*,#2536,.F.);
#2536 = EDGE_CURVE('',#2537,#2514,#2539,.T.);
#2537 = VERTEX_POINT('',#2538);
#2538 = CARTESIAN_POINT('',(74.53657686,90.1444603,0.E+000));
#2539 = SURFACE_CURVE('',#2540,(#2544,#2551),.PCURVE_S1.);
#2540 = LINE('',#2541,#2542);
#2541 = CARTESIAN_POINT('',(74.53657686,90.1444603,0.E+000));
#2542 = VECTOR('',#2543,1.);
#2543 = DIRECTION('',(0.E+000,0.E+000,1.));
#2544 = PCURVE('',#2476,#2545);
#2545 = DEFINITIONAL_REPRESENTATION('',(#2546),#2550);
#2546 = LINE('',#2547,#2548);
#2547 = CARTESIAN_POINT('',(1.007262144428,0.E+000));
#2548 = VECTOR('',#2549,1.);
#2549 = DIRECTION('',(0.E+000,-1.));
#2550 = ( GEOMETRIC_REPRESENTATION_CONTEXT(2) 
PARAMETRIC_REPRESENTATION_CONTEXT() REPRESENTATION_CONTEXT('2D SPACE',''
  ) );
#2551 = PCURVE('',#2552,#2557);
#2552 = PLANE('',#2553);
#2553 = AXIS2_PLACEMENT_3D('',#2554,#2555,#2556);
#2554 = CARTESIAN_POINT('',(74.53657686,90.1444603,0.E+000));
#2555 = DIRECTION('',(0.514103357152,-0.857728242607,0.E+000));
#2556 = DIRECTION('',(-0.857728242607,-0.514103357152,0.E+000));
#2557 = DEFINITIONAL_REPRESENTATION('',(#2558),#2562);
#2558 = LINE('',#2559,#2560);
#2559 = CARTESIAN_POINT('',(0.E+000,0.E+000));
#2560 = VECTOR('',#2561,1.);
#2561 = DIRECTION('',(0.E+000,-1.));
#2562 = ( GEOMETRIC_REPRESENTATION_CONTEXT(2) 
PARAMETRIC_REPRESENTATION_CONTEXT() REPRESENTATION_CONTEXT('2D SPACE',''
  ) );
#2563 = ORIENTED_EDGE('',*,*,#2564,.F.);
#2564 = EDGE_CURVE('',#2461,#2537,#2565,.T.);
#2565 = SURFACE_CURVE('',#2566,(#2570,#2577),.PCURVE_S1.);
#2566 = LINE('',#2567,#2568);
#2567 = CARTESIAN_POINT('',(75.4471313,90.57511984,0.E+000));
#2568 = VECTOR('',#2569,1.);
#2569 = DIRECTION('',(-0.903989537418,-0.427554576912,0.E+000));
#2570 = PCURVE('',#2476,#2571);
#2571 = DEFINITIONAL_REPRESENTATION('',(#2572),#2576);
#2572 = LINE('',#2573,#2574);
#2573 = CARTESIAN_POINT('',(0.E+000,0.E+000));
#2574 = VECTOR('',#2575,1.);
#2575 = DIRECTION('',(1.,0.E+000));
#2576 = ( GEOMETRIC_REPRESENTATION_CONTEXT(2) 
PARAMETRIC_REPRESENTATION_CONTEXT() REPRESENTATION_CONTEXT('2D SPACE',''
  ) );
#2577 = PCURVE('',#217,#2578);
#2578 = DEFINITIONAL_REPRESENTATION('',(#2579),#2583);
#2579 = LINE('',#2580,#2581);
#2580 = CARTESIAN_POINT('',(0.75567286,22.31995282));
#2581 = VECTOR('',#2582,1.);
#2582 = DIRECTION('',(0.903989537418,-0.427554576912));
#2583 = ( GEOMETRIC_REPRESENTATION_CONTEXT(2) 
PARAMETRIC_REPRESENTATION_CONTEXT() REPRESENTATION_CONTEXT('2D SPACE',''
  ) );
#2584 = ADVANCED_FACE('',(#2585),#2552,.F.);
#2585 = FACE_BOUND('',#2586,.F.);
#2586 = EDGE_LOOP('',(#2587,#2588,#2611,#2639));
#2587 = ORIENTED_EDGE('',*,*,#2536,.T.);
#2588 = ORIENTED_EDGE('',*,*,#2589,.T.);
#2589 = EDGE_CURVE('',#2514,#2590,#2592,.T.);
#2590 = VERTEX_POINT('',#2591);
#2591 = CARTESIAN_POINT('',(73.67261872,89.62662288,0.7984236));
#2592 = SURFACE_CURVE('',#2593,(#2597,#2604),.PCURVE_S1.);
#2593 = LINE('',#2594,#2595);
#2594 = CARTESIAN_POINT('',(74.53657686,90.1444603,0.7984236));
#2595 = VECTOR('',#2596,1.);
#2596 = DIRECTION('',(-0.857728242607,-0.514103357152,0.E+000));
#2597 = PCURVE('',#2552,#2598);
#2598 = DEFINITIONAL_REPRESENTATION('',(#2599),#2603);
#2599 = LINE('',#2600,#2601);
#2600 = CARTESIAN_POINT('',(0.E+000,-0.7984236));
#2601 = VECTOR('',#2602,1.);
#2602 = DIRECTION('',(1.,0.E+000));
#2603 = ( GEOMETRIC_REPRESENTATION_CONTEXT(2) 
PARAMETRIC_REPRESENTATION_CONTEXT() REPRESENTATION_CONTEXT('2D SPACE',''
  ) );
#2604 = PCURVE('',#163,#2605);
#2605 = DEFINITIONAL_REPRESENTATION('',(#2606),#2610);
#2606 = LINE('',#2607,#2608);
#2607 = CARTESIAN_POINT('',(1.6662273,21.88929328));
#2608 = VECTOR('',#2609,1.);
#2609 = DIRECTION('',(0.857728242607,-0.514103357152));
#2610 = ( GEOMETRIC_REPRESENTATION_CONTEXT(2) 
PARAMETRIC_REPRESENTATION_CONTEXT() REPRESENTATION_CONTEXT('2D SPACE',''
  ) );
#2611 = ORIENTED_EDGE('',*,*,#2612,.F.);
#2612 = EDGE_CURVE('',#2613,#2590,#2615,.T.);
#2613 = VERTEX_POINT('',#2614);
#2614 = CARTESIAN_POINT('',(73.67261872,89.62662288,0.E+000));
#2615 = SURFACE_CURVE('',#2616,(#2620,#2627),.PCURVE_S1.);
#2616 = LINE('',#2617,#2618);
#2617 = CARTESIAN_POINT('',(73.67261872,89.62662288,0.E+000));
#2618 = VECTOR('',#2619,1.);
#2619 = DIRECTION('',(0.E+000,0.E+000,1.));
#2620 = PCURVE('',#2552,#2621);
#2621 = DEFINITIONAL_REPRESENTATION('',(#2622),#2626);
#2622 = LINE('',#2623,#2624);
#2623 = CARTESIAN_POINT('',(1.007263253189,0.E+000));
#2624 = VECTOR('',#2625,1.);
#2625 = DIRECTION('',(0.E+000,-1.));
#2626 = ( GEOMETRIC_REPRESENTATION_CONTEXT(2) 
PARAMETRIC_REPRESENTATION_CONTEXT() REPRESENTATION_CONTEXT('2D SPACE',''
  ) );
#2627 = PCURVE('',#2628,#2633);
#2628 = PLANE('',#2629);
#2629 = AXIS2_PLACEMENT_3D('',#2630,#2631,#2632);
#2630 = CARTESIAN_POINT('',(73.67261872,89.62662288,0.E+000));
#2631 = DIRECTION('',(0.595700065858,-0.803206966813,0.E+000));
#2632 = DIRECTION('',(-0.803206966813,-0.595700065858,0.E+000));
#2633 = DEFINITIONAL_REPRESENTATION('',(#2634),#2638);
#2634 = LINE('',#2635,#2636);
#2635 = CARTESIAN_POINT('',(0.E+000,0.E+000));
#2636 = VECTOR('',#2637,1.);
#2637 = DIRECTION('',(0.E+000,-1.));
#2638 = ( GEOMETRIC_REPRESENTATION_CONTEXT(2) 
PARAMETRIC_REPRESENTATION_CONTEXT() REPRESENTATION_CONTEXT('2D SPACE',''
  ) );
#2639 = ORIENTED_EDGE('',*,*,#2640,.F.);
#2640 = EDGE_CURVE('',#2537,#2613,#2641,.T.);
#2641 = SURFACE_CURVE('',#2642,(#2646,#2653),.PCURVE_S1.);
#2642 = LINE('',#2643,#2644);
#2643 = CARTESIAN_POINT('',(74.53657686,90.1444603,0.E+000));
#2644 = VECTOR('',#2645,1.);
#2645 = DIRECTION('',(-0.857728242607,-0.514103357152,0.E+000));
#2646 = PCURVE('',#2552,#2647);
#2647 = DEFINITIONAL_REPRESENTATION('',(#2648),#2652);
#2648 = LINE('',#2649,#2650);
#2649 = CARTESIAN_POINT('',(0.E+000,0.E+000));
#2650 = VECTOR('',#2651,1.);
#2651 = DIRECTION('',(1.,0.E+000));
#2652 = ( GEOMETRIC_REPRESENTATION_CONTEXT(2) 
PARAMETRIC_REPRESENTATION_CONTEXT() REPRESENTATION_CONTEXT('2D SPACE',''
  ) );
#2653 = PCURVE('',#217,#2654);
#2654 = DEFINITIONAL_REPRESENTATION('',(#2655),#2659);
#2655 = LINE('',#2656,#2657);
#2656 = CARTESIAN_POINT('',(1.6662273,21.88929328));
#2657 = VECTOR('',#2658,1.);
#2658 = DIRECTION('',(0.857728242607,-0.514103357152));
#2659 = ( GEOMETRIC_REPRESENTATION_CONTEXT(2) 
PARAMETRIC_REPRESENTATION_CONTEXT() REPRESENTATION_CONTEXT('2D SPACE',''
  ) );
#2660 = ADVANCED_FACE('',(#2661),#2628,.F.);
#2661 = FACE_BOUND('',#2662,.F.);
#2662 = EDGE_LOOP('',(#2663,#2664,#2687,#2715));
#2663 = ORIENTED_EDGE('',*,*,#2612,.T.);
#2664 = ORIENTED_EDGE('',*,*,#2665,.T.);
#2665 = EDGE_CURVE('',#2590,#2666,#2668,.T.);
#2666 = VERTEX_POINT('',#2667);
#2667 = CARTESIAN_POINT('',(72.86357792,89.02659614,0.7984236));
#2668 = SURFACE_CURVE('',#2669,(#2673,#2680),.PCURVE_S1.);
#2669 = LINE('',#2670,#2671);
#2670 = CARTESIAN_POINT('',(73.67261872,89.62662288,0.7984236));
#2671 = VECTOR('',#2672,1.);
#2672 = DIRECTION('',(-0.803206966813,-0.595700065858,0.E+000));
#2673 = PCURVE('',#2628,#2674);
#2674 = DEFINITIONAL_REPRESENTATION('',(#2675),#2679);
#2675 = LINE('',#2676,#2677);
#2676 = CARTESIAN_POINT('',(0.E+000,-0.7984236));
#2677 = VECTOR('',#2678,1.);
#2678 = DIRECTION('',(1.,0.E+000));
#2679 = ( GEOMETRIC_REPRESENTATION_CONTEXT(2) 
PARAMETRIC_REPRESENTATION_CONTEXT() REPRESENTATION_CONTEXT('2D SPACE',''
  ) );
#2680 = PCURVE('',#163,#2681);
#2681 = DEFINITIONAL_REPRESENTATION('',(#2682),#2686);
#2682 = LINE('',#2683,#2684);
#2683 = CARTESIAN_POINT('',(2.53018544,21.37145586));
#2684 = VECTOR('',#2685,1.);
#2685 = DIRECTION('',(0.803206966813,-0.595700065858));
#2686 = ( GEOMETRIC_REPRESENTATION_CONTEXT(2) 
PARAMETRIC_REPRESENTATION_CONTEXT() REPRESENTATION_CONTEXT('2D SPACE',''
  ) );
#2687 = ORIENTED_EDGE('',*,*,#2688,.F.);
#2688 = EDGE_CURVE('',#2689,#2666,#2691,.T.);
#2689 = VERTEX_POINT('',#2690);
#2690 = CARTESIAN_POINT('',(72.86357792,89.02659614,0.E+000));
#2691 = SURFACE_CURVE('',#2692,(#2696,#2703),.PCURVE_S1.);
#2692 = LINE('',#2693,#2694);
#2693 = CARTESIAN_POINT('',(72.86357792,89.02659614,0.E+000));
#2694 = VECTOR('',#2695,1.);
#2695 = DIRECTION('',(0.E+000,0.E+000,1.));
#2696 = PCURVE('',#2628,#2697);
#2697 = DEFINITIONAL_REPRESENTATION('',(#2698),#2702);
#2698 = LINE('',#2699,#2700);
#2699 = CARTESIAN_POINT('',(1.00726317553,0.E+000));
#2700 = VECTOR('',#2701,1.);
#2701 = DIRECTION('',(0.E+000,-1.));
#2702 = ( GEOMETRIC_REPRESENTATION_CONTEXT(2) 
PARAMETRIC_REPRESENTATION_CONTEXT() REPRESENTATION_CONTEXT('2D SPACE',''
  ) );
#2703 = PCURVE('',#2704,#2709);
#2704 = PLANE('',#2705);
#2705 = AXIS2_PLACEMENT_3D('',#2706,#2707,#2708);
#2706 = CARTESIAN_POINT('',(72.86357792,89.02659614,0.E+000));
#2707 = DIRECTION('',(0.671557845412,-0.740952130887,0.E+000));
#2708 = DIRECTION('',(-0.740952130887,-0.671557845412,0.E+000));
#2709 = DEFINITIONAL_REPRESENTATION('',(#2710),#2714);
#2710 = LINE('',#2711,#2712);
#2711 = CARTESIAN_POINT('',(0.E+000,0.E+000));
#2712 = VECTOR('',#2713,1.);
#2713 = DIRECTION('',(0.E+000,-1.));
#2714 = ( GEOMETRIC_REPRESENTATION_CONTEXT(2) 
PARAMETRIC_REPRESENTATION_CONTEXT() REPRESENTATION_CONTEXT('2D SPACE',''
  ) );
#2715 = ORIENTED_EDGE('',*,*,#2716,.F.);
#2716 = EDGE_CURVE('',#2613,#2689,#2717,.T.);
#2717 = SURFACE_CURVE('',#2718,(#2722,#2729),.PCURVE_S1.);
#2718 = LINE('',#2719,#2720);
#2719 = CARTESIAN_POINT('',(73.67261872,89.62662288,0.E+000));
#2720 = VECTOR('',#2721,1.);
#2721 = DIRECTION('',(-0.803206966813,-0.595700065858,0.E+000));
#2722 = PCURVE('',#2628,#2723);
#2723 = DEFINITIONAL_REPRESENTATION('',(#2724),#2728);
#2724 = LINE('',#2725,#2726);
#2725 = CARTESIAN_POINT('',(0.E+000,0.E+000));
#2726 = VECTOR('',#2727,1.);
#2727 = DIRECTION('',(1.,0.E+000));
#2728 = ( GEOMETRIC_REPRESENTATION_CONTEXT(2) 
PARAMETRIC_REPRESENTATION_CONTEXT() REPRESENTATION_CONTEXT('2D SPACE',''
  ) );
#2729 = PCURVE('',#217,#2730);
#2730 = DEFINITIONAL_REPRESENTATION('',(#2731),#2735);
#2731 = LINE('',#2732,#2733);
#2732 = CARTESIAN_POINT('',(2.53018544,21.37145586));
#2733 = VECTOR('',#2734,1.);
#2734 = DIRECTION('',(0.803206966813,-0.595700065858));
#2735 = ( GEOMETRIC_REPRESENTATION_CONTEXT(2) 
PARAMETRIC_REPRESENTATION_CONTEXT() REPRESENTATION_CONTEXT('2D SPACE',''
  ) );
#2736 = ADVANCED_FACE('',(#2737),#2704,.F.);
#2737 = FACE_BOUND('',#2738,.F.);
#2738 = EDGE_LOOP('',(#2739,#2740,#2763,#2791));
#2739 = ORIENTED_EDGE('',*,*,#2688,.T.);
#2740 = ORIENTED_EDGE('',*,*,#2741,.T.);
#2741 = EDGE_CURVE('',#2666,#2742,#2744,.T.);
#2742 = VERTEX_POINT('',#2743);
#2743 = CARTESIAN_POINT('',(72.11724464,88.35016112,0.7984236));
#2744 = SURFACE_CURVE('',#2745,(#2749,#2756),.PCURVE_S1.);
#2745 = LINE('',#2746,#2747);
#2746 = CARTESIAN_POINT('',(72.86357792,89.02659614,0.7984236));
#2747 = VECTOR('',#2748,1.);
#2748 = DIRECTION('',(-0.740952130887,-0.671557845412,0.E+000));
#2749 = PCURVE('',#2704,#2750);
#2750 = DEFINITIONAL_REPRESENTATION('',(#2751),#2755);
#2751 = LINE('',#2752,#2753);
#2752 = CARTESIAN_POINT('',(0.E+000,-0.7984236));
#2753 = VECTOR('',#2754,1.);
#2754 = DIRECTION('',(1.,0.E+000));
#2755 = ( GEOMETRIC_REPRESENTATION_CONTEXT(2) 
PARAMETRIC_REPRESENTATION_CONTEXT() REPRESENTATION_CONTEXT('2D SPACE',''
  ) );
#2756 = PCURVE('',#163,#2757);
#2757 = DEFINITIONAL_REPRESENTATION('',(#2758),#2762);
#2758 = LINE('',#2759,#2760);
#2759 = CARTESIAN_POINT('',(3.33922624,20.77142912));
#2760 = VECTOR('',#2761,1.);
#2761 = DIRECTION('',(0.740952130887,-0.671557845412));
#2762 = ( GEOMETRIC_REPRESENTATION_CONTEXT(2) 
PARAMETRIC_REPRESENTATION_CONTEXT() REPRESENTATION_CONTEXT('2D SPACE',''
  ) );
#2763 = ORIENTED_EDGE('',*,*,#2764,.F.);
#2764 = EDGE_CURVE('',#2765,#2742,#2767,.T.);
#2765 = VERTEX_POINT('',#2766);
#2766 = CARTESIAN_POINT('',(72.11724464,88.35016112,0.E+000));
#2767 = SURFACE_CURVE('',#2768,(#2772,#2779),.PCURVE_S1.);
#2768 = LINE('',#2769,#2770);
#2769 = CARTESIAN_POINT('',(72.11724464,88.35016112,0.E+000));
#2770 = VECTOR('',#2771,1.);
#2771 = DIRECTION('',(0.E+000,0.E+000,1.));
#2772 = PCURVE('',#2704,#2773);
#2773 = DEFINITIONAL_REPRESENTATION('',(#2774),#2778);
#2774 = LINE('',#2775,#2776);
#2775 = CARTESIAN_POINT('',(1.00726247876,0.E+000));
#2776 = VECTOR('',#2777,1.);
#2777 = DIRECTION('',(0.E+000,-1.));
#2778 = ( GEOMETRIC_REPRESENTATION_CONTEXT(2) 
PARAMETRIC_REPRESENTATION_CONTEXT() REPRESENTATION_CONTEXT('2D SPACE',''
  ) );
#2779 = PCURVE('',#2780,#2785);
#2780 = PLANE('',#2781);
#2781 = AXIS2_PLACEMENT_3D('',#2782,#2783,#2784);
#2782 = CARTESIAN_POINT('',(72.11724464,88.35016112,0.E+000));
#2783 = DIRECTION('',(0.740952130887,-0.671557845412,0.E+000));
#2784 = DIRECTION('',(-0.671557845412,-0.740952130887,0.E+000));
#2785 = DEFINITIONAL_REPRESENTATION('',(#2786),#2790);
#2786 = LINE('',#2787,#2788);
#2787 = CARTESIAN_POINT('',(0.E+000,0.E+000));
#2788 = VECTOR('',#2789,1.);
#2789 = DIRECTION('',(0.E+000,-1.));
#2790 = ( GEOMETRIC_REPRESENTATION_CONTEXT(2) 
PARAMETRIC_REPRESENTATION_CONTEXT() REPRESENTATION_CONTEXT('2D SPACE',''
  ) );
#2791 = ORIENTED_EDGE('',*,*,#2792,.F.);
#2792 = EDGE_CURVE('',#2689,#2765,#2793,.T.);
#2793 = SURFACE_CURVE('',#2794,(#2798,#2805),.PCURVE_S1.);
#2794 = LINE('',#2795,#2796);
#2795 = CARTESIAN_POINT('',(72.86357792,89.02659614,0.E+000));
#2796 = VECTOR('',#2797,1.);
#2797 = DIRECTION('',(-0.740952130887,-0.671557845412,0.E+000));
#2798 = PCURVE('',#2704,#2799);
#2799 = DEFINITIONAL_REPRESENTATION('',(#2800),#2804);
#2800 = LINE('',#2801,#2802);
#2801 = CARTESIAN_POINT('',(0.E+000,0.E+000));
#2802 = VECTOR('',#2803,1.);
#2803 = DIRECTION('',(1.,0.E+000));
#2804 = ( GEOMETRIC_REPRESENTATION_CONTEXT(2) 
PARAMETRIC_REPRESENTATION_CONTEXT() REPRESENTATION_CONTEXT('2D SPACE',''
  ) );
#2805 = PCURVE('',#217,#2806);
#2806 = DEFINITIONAL_REPRESENTATION('',(#2807),#2811);
#2807 = LINE('',#2808,#2809);
#2808 = CARTESIAN_POINT('',(3.33922624,20.77142912));
#2809 = VECTOR('',#2810,1.);
#2810 = DIRECTION('',(0.740952130887,-0.671557845412));
#2811 = ( GEOMETRIC_REPRESENTATION_CONTEXT(2) 
PARAMETRIC_REPRESENTATION_CONTEXT() REPRESENTATION_CONTEXT('2D SPACE',''
  ) );
#2812 = ADVANCED_FACE('',(#2813),#2780,.F.);
#2813 = FACE_BOUND('',#2814,.F.);
#2814 = EDGE_LOOP('',(#2815,#2816,#2839,#2867));
#2815 = ORIENTED_EDGE('',*,*,#2764,.T.);
#2816 = ORIENTED_EDGE('',*,*,#2817,.T.);
#2817 = EDGE_CURVE('',#2742,#2818,#2820,.T.);
#2818 = VERTEX_POINT('',#2819);
#2819 = CARTESIAN_POINT('',(71.44080962,87.60382784,0.7984236));
#2820 = SURFACE_CURVE('',#2821,(#2825,#2832),.PCURVE_S1.);
#2821 = LINE('',#2822,#2823);
#2822 = CARTESIAN_POINT('',(72.11724464,88.35016112,0.7984236));
#2823 = VECTOR('',#2824,1.);
#2824 = DIRECTION('',(-0.671557845412,-0.740952130887,0.E+000));
#2825 = PCURVE('',#2780,#2826);
#2826 = DEFINITIONAL_REPRESENTATION('',(#2827),#2831);
#2827 = LINE('',#2828,#2829);
#2828 = CARTESIAN_POINT('',(0.E+000,-0.7984236));
#2829 = VECTOR('',#2830,1.);
#2830 = DIRECTION('',(1.,0.E+000));
#2831 = ( GEOMETRIC_REPRESENTATION_CONTEXT(2) 
PARAMETRIC_REPRESENTATION_CONTEXT() REPRESENTATION_CONTEXT('2D SPACE',''
  ) );
#2832 = PCURVE('',#163,#2833);
#2833 = DEFINITIONAL_REPRESENTATION('',(#2834),#2838);
#2834 = LINE('',#2835,#2836);
#2835 = CARTESIAN_POINT('',(4.08555952,20.0949941));
#2836 = VECTOR('',#2837,1.);
#2837 = DIRECTION('',(0.671557845412,-0.740952130887));
#2838 = ( GEOMETRIC_REPRESENTATION_CONTEXT(2) 
PARAMETRIC_REPRESENTATION_CONTEXT() REPRESENTATION_CONTEXT('2D SPACE',''
  ) );
#2839 = ORIENTED_EDGE('',*,*,#2840,.F.);
#2840 = EDGE_CURVE('',#2841,#2818,#2843,.T.);
#2841 = VERTEX_POINT('',#2842);
#2842 = CARTESIAN_POINT('',(71.44080962,87.60382784,0.E+000));
#2843 = SURFACE_CURVE('',#2844,(#2848,#2855),.PCURVE_S1.);
#2844 = LINE('',#2845,#2846);
#2845 = CARTESIAN_POINT('',(71.44080962,87.60382784,0.E+000));
#2846 = VECTOR('',#2847,1.);
#2847 = DIRECTION('',(0.E+000,0.E+000,1.));
#2848 = PCURVE('',#2780,#2849);
#2849 = DEFINITIONAL_REPRESENTATION('',(#2850),#2854);
#2850 = LINE('',#2851,#2852);
#2851 = CARTESIAN_POINT('',(1.00726247876,0.E+000));
#2852 = VECTOR('',#2853,1.);
#2853 = DIRECTION('',(0.E+000,-1.));
#2854 = ( GEOMETRIC_REPRESENTATION_CONTEXT(2) 
PARAMETRIC_REPRESENTATION_CONTEXT() REPRESENTATION_CONTEXT('2D SPACE',''
  ) );
#2855 = PCURVE('',#2856,#2861);
#2856 = PLANE('',#2857);
#2857 = AXIS2_PLACEMENT_3D('',#2858,#2859,#2860);
#2858 = CARTESIAN_POINT('',(71.44080962,87.60382784,0.E+000));
#2859 = DIRECTION('',(0.803206966813,-0.595700065858,0.E+000));
#2860 = DIRECTION('',(-0.595700065858,-0.803206966813,0.E+000));
#2861 = DEFINITIONAL_REPRESENTATION('',(#2862),#2866);
#2862 = LINE('',#2863,#2864);
#2863 = CARTESIAN_POINT('',(0.E+000,0.E+000));
#2864 = VECTOR('',#2865,1.);
#2865 = DIRECTION('',(0.E+000,-1.));
#2866 = ( GEOMETRIC_REPRESENTATION_CONTEXT(2) 
PARAMETRIC_REPRESENTATION_CONTEXT() REPRESENTATION_CONTEXT('2D SPACE',''
  ) );
#2867 = ORIENTED_EDGE('',*,*,#2868,.F.);
#2868 = EDGE_CURVE('',#2765,#2841,#2869,.T.);
#2869 = SURFACE_CURVE('',#2870,(#2874,#2881),.PCURVE_S1.);
#2870 = LINE('',#2871,#2872);
#2871 = CARTESIAN_POINT('',(72.11724464,88.35016112,0.E+000));
#2872 = VECTOR('',#2873,1.);
#2873 = DIRECTION('',(-0.671557845412,-0.740952130887,0.E+000));
#2874 = PCURVE('',#2780,#2875);
#2875 = DEFINITIONAL_REPRESENTATION('',(#2876),#2880);
#2876 = LINE('',#2877,#2878);
#2877 = CARTESIAN_POINT('',(0.E+000,0.E+000));
#2878 = VECTOR('',#2879,1.);
#2879 = DIRECTION('',(1.,0.E+000));
#2880 = ( GEOMETRIC_REPRESENTATION_CONTEXT(2) 
PARAMETRIC_REPRESENTATION_CONTEXT() REPRESENTATION_CONTEXT('2D SPACE',''
  ) );
#2881 = PCURVE('',#217,#2882);
#2882 = DEFINITIONAL_REPRESENTATION('',(#2883),#2887);
#2883 = LINE('',#2884,#2885);
#2884 = CARTESIAN_POINT('',(4.08555952,20.0949941));
#2885 = VECTOR('',#2886,1.);
#2886 = DIRECTION('',(0.671557845412,-0.740952130887));
#2887 = ( GEOMETRIC_REPRESENTATION_CONTEXT(2) 
PARAMETRIC_REPRESENTATION_CONTEXT() REPRESENTATION_CONTEXT('2D SPACE',''
  ) );
#2888 = ADVANCED_FACE('',(#2889),#2856,.F.);
#2889 = FACE_BOUND('',#2890,.F.);
#2890 = EDGE_LOOP('',(#2891,#2892,#2915,#2943));
#2891 = ORIENTED_EDGE('',*,*,#2840,.T.);
#2892 = ORIENTED_EDGE('',*,*,#2893,.T.);
#2893 = EDGE_CURVE('',#2818,#2894,#2896,.T.);
#2894 = VERTEX_POINT('',#2895);
#2895 = CARTESIAN_POINT('',(70.84078288,86.79478704,0.7984236));
#2896 = SURFACE_CURVE('',#2897,(#2901,#2908),.PCURVE_S1.);
#2897 = LINE('',#2898,#2899);
#2898 = CARTESIAN_POINT('',(71.44080962,87.60382784,0.7984236));
#2899 = VECTOR('',#2900,1.);
#2900 = DIRECTION('',(-0.595700065858,-0.803206966813,0.E+000));
#2901 = PCURVE('',#2856,#2902);
#2902 = DEFINITIONAL_REPRESENTATION('',(#2903),#2907);
#2903 = LINE('',#2904,#2905);
#2904 = CARTESIAN_POINT('',(0.E+000,-0.7984236));
#2905 = VECTOR('',#2906,1.);
#2906 = DIRECTION('',(1.,0.E+000));
#2907 = ( GEOMETRIC_REPRESENTATION_CONTEXT(2) 
PARAMETRIC_REPRESENTATION_CONTEXT() REPRESENTATION_CONTEXT('2D SPACE',''
  ) );
#2908 = PCURVE('',#163,#2909);
#2909 = DEFINITIONAL_REPRESENTATION('',(#2910),#2914);
#2910 = LINE('',#2911,#2912);
#2911 = CARTESIAN_POINT('',(4.76199454,19.34866082));
#2912 = VECTOR('',#2913,1.);
#2913 = DIRECTION('',(0.595700065858,-0.803206966813));
#2914 = ( GEOMETRIC_REPRESENTATION_CONTEXT(2) 
PARAMETRIC_REPRESENTATION_CONTEXT() REPRESENTATION_CONTEXT('2D SPACE',''
  ) );
#2915 = ORIENTED_EDGE('',*,*,#2916,.F.);
#2916 = EDGE_CURVE('',#2917,#2894,#2919,.T.);
#2917 = VERTEX_POINT('',#2918);
#2918 = CARTESIAN_POINT('',(70.84078288,86.79478704,0.E+000));
#2919 = SURFACE_CURVE('',#2920,(#2924,#2931),.PCURVE_S1.);
#2920 = LINE('',#2921,#2922);
#2921 = CARTESIAN_POINT('',(70.84078288,86.79478704,0.E+000));
#2922 = VECTOR('',#2923,1.);
#2923 = DIRECTION('',(0.E+000,0.E+000,1.));
#2924 = PCURVE('',#2856,#2925);
#2925 = DEFINITIONAL_REPRESENTATION('',(#2926),#2930);
#2926 = LINE('',#2927,#2928);
#2927 = CARTESIAN_POINT('',(1.00726317553,0.E+000));
#2928 = VECTOR('',#2929,1.);
#2929 = DIRECTION('',(0.E+000,-1.));
#2930 = ( GEOMETRIC_REPRESENTATION_CONTEXT(2) 
PARAMETRIC_REPRESENTATION_CONTEXT() REPRESENTATION_CONTEXT('2D SPACE',''
  ) );
#2931 = PCURVE('',#2932,#2937);
#2932 = PLANE('',#2933);
#2933 = AXIS2_PLACEMENT_3D('',#2934,#2935,#2936);
#2934 = CARTESIAN_POINT('',(70.84078288,86.79478704,0.E+000));
#2935 = DIRECTION('',(0.857728242607,-0.514103357152,0.E+000));
#2936 = DIRECTION('',(-0.514103357152,-0.857728242607,0.E+000));
#2937 = DEFINITIONAL_REPRESENTATION('',(#2938),#2942);
#2938 = LINE('',#2939,#2940);
#2939 = CARTESIAN_POINT('',(0.E+000,0.E+000));
#2940 = VECTOR('',#2941,1.);
#2941 = DIRECTION('',(0.E+000,-1.));
#2942 = ( GEOMETRIC_REPRESENTATION_CONTEXT(2) 
PARAMETRIC_REPRESENTATION_CONTEXT() REPRESENTATION_CONTEXT('2D SPACE',''
  ) );
#2943 = ORIENTED_EDGE('',*,*,#2944,.F.);
#2944 = EDGE_CURVE('',#2841,#2917,#2945,.T.);
#2945 = SURFACE_CURVE('',#2946,(#2950,#2957),.PCURVE_S1.);
#2946 = LINE('',#2947,#2948);
#2947 = CARTESIAN_POINT('',(71.44080962,87.60382784,0.E+000));
#2948 = VECTOR('',#2949,1.);
#2949 = DIRECTION('',(-0.595700065858,-0.803206966813,0.E+000));
#2950 = PCURVE('',#2856,#2951);
#2951 = DEFINITIONAL_REPRESENTATION('',(#2952),#2956);
#2952 = LINE('',#2953,#2954);
#2953 = CARTESIAN_POINT('',(0.E+000,0.E+000));
#2954 = VECTOR('',#2955,1.);
#2955 = DIRECTION('',(1.,0.E+000));
#2956 = ( GEOMETRIC_REPRESENTATION_CONTEXT(2) 
PARAMETRIC_REPRESENTATION_CONTEXT() REPRESENTATION_CONTEXT('2D SPACE',''
  ) );
#2957 = PCURVE('',#217,#2958);
#2958 = DEFINITIONAL_REPRESENTATION('',(#2959),#2963);
#2959 = LINE('',#2960,#2961);
#2960 = CARTESIAN_POINT('',(4.76199454,19.34866082));
#2961 = VECTOR('',#2962,1.);
#2962 = DIRECTION('',(0.595700065858,-0.803206966813));
#2963 = ( GEOMETRIC_REPRESENTATION_CONTEXT(2) 
PARAMETRIC_REPRESENTATION_CONTEXT() REPRESENTATION_CONTEXT('2D SPACE',''
  ) );
#2964 = ADVANCED_FACE('',(#2965),#2932,.F.);
#2965 = FACE_BOUND('',#2966,.F.);
#2966 = EDGE_LOOP('',(#2967,#2968,#2991,#3019));
#2967 = ORIENTED_EDGE('',*,*,#2916,.T.);
#2968 = ORIENTED_EDGE('',*,*,#2969,.T.);
#2969 = EDGE_CURVE('',#2894,#2970,#2972,.T.);
#2970 = VERTEX_POINT('',#2971);
#2971 = CARTESIAN_POINT('',(70.32294546,85.9308289,0.7984236));
#2972 = SURFACE_CURVE('',#2973,(#2977,#2984),.PCURVE_S1.);
#2973 = LINE('',#2974,#2975);
#2974 = CARTESIAN_POINT('',(70.84078288,86.79478704,0.7984236));
#2975 = VECTOR('',#2976,1.);
#2976 = DIRECTION('',(-0.514103357152,-0.857728242607,0.E+000));
#2977 = PCURVE('',#2932,#2978);
#2978 = DEFINITIONAL_REPRESENTATION('',(#2979),#2983);
#2979 = LINE('',#2980,#2981);
#2980 = CARTESIAN_POINT('',(0.E+000,-0.7984236));
#2981 = VECTOR('',#2982,1.);
#2982 = DIRECTION('',(1.,0.E+000));
#2983 = ( GEOMETRIC_REPRESENTATION_CONTEXT(2) 
PARAMETRIC_REPRESENTATION_CONTEXT() REPRESENTATION_CONTEXT('2D SPACE',''
  ) );
#2984 = PCURVE('',#163,#2985);
#2985 = DEFINITIONAL_REPRESENTATION('',(#2986),#2990);
#2986 = LINE('',#2987,#2988);
#2987 = CARTESIAN_POINT('',(5.36202128,18.53962002));
#2988 = VECTOR('',#2989,1.);
#2989 = DIRECTION('',(0.514103357152,-0.857728242607));
#2990 = ( GEOMETRIC_REPRESENTATION_CONTEXT(2) 
PARAMETRIC_REPRESENTATION_CONTEXT() REPRESENTATION_CONTEXT('2D SPACE',''
  ) );
#2991 = ORIENTED_EDGE('',*,*,#2992,.F.);
#2992 = EDGE_CURVE('',#2993,#2970,#2995,.T.);
#2993 = VERTEX_POINT('',#2994);
#2994 = CARTESIAN_POINT('',(70.32294546,85.9308289,0.E+000));
#2995 = SURFACE_CURVE('',#2996,(#3000,#3007),.PCURVE_S1.);
#2996 = LINE('',#2997,#2998);
#2997 = CARTESIAN_POINT('',(70.32294546,85.9308289,0.E+000));
#2998 = VECTOR('',#2999,1.);
#2999 = DIRECTION('',(0.E+000,0.E+000,1.));
#3000 = PCURVE('',#2932,#3001);
#3001 = DEFINITIONAL_REPRESENTATION('',(#3002),#3006);
#3002 = LINE('',#3003,#3004);
#3003 = CARTESIAN_POINT('',(1.007263253189,0.E+000));
#3004 = VECTOR('',#3005,1.);
#3005 = DIRECTION('',(0.E+000,-1.));
#3006 = ( GEOMETRIC_REPRESENTATION_CONTEXT(2) 
PARAMETRIC_REPRESENTATION_CONTEXT() REPRESENTATION_CONTEXT('2D SPACE',''
  ) );
#3007 = PCURVE('',#3008,#3013);
#3008 = PLANE('',#3009);
#3009 = AXIS2_PLACEMENT_3D('',#3010,#3011,#3012);
#3010 = CARTESIAN_POINT('',(70.32294546,85.9308289,0.E+000));
#3011 = DIRECTION('',(0.903989537418,-0.427554576912,0.E+000));
#3012 = DIRECTION('',(-0.427554576912,-0.903989537418,0.E+000));
#3013 = DEFINITIONAL_REPRESENTATION('',(#3014),#3018);
#3014 = LINE('',#3015,#3016);
#3015 = CARTESIAN_POINT('',(0.E+000,0.E+000));
#3016 = VECTOR('',#3017,1.);
#3017 = DIRECTION('',(0.E+000,-1.));
#3018 = ( GEOMETRIC_REPRESENTATION_CONTEXT(2) 
PARAMETRIC_REPRESENTATION_CONTEXT() REPRESENTATION_CONTEXT('2D SPACE',''
  ) );
#3019 = ORIENTED_EDGE('',*,*,#3020,.F.);
#3020 = EDGE_CURVE('',#2917,#2993,#3021,.T.);
#3021 = SURFACE_CURVE('',#3022,(#3026,#3033),.PCURVE_S1.);
#3022 = LINE('',#3023,#3024);
#3023 = CARTESIAN_POINT('',(70.84078288,86.79478704,0.E+000));
#3024 = VECTOR('',#3025,1.);
#3025 = DIRECTION('',(-0.514103357152,-0.857728242607,0.E+000));
#3026 = PCURVE('',#2932,#3027);
#3027 = DEFINITIONAL_REPRESENTATION('',(#3028),#3032);
#3028 = LINE('',#3029,#3030);
#3029 = CARTESIAN_POINT('',(0.E+000,0.E+000));
#3030 = VECTOR('',#3031,1.);
#3031 = DIRECTION('',(1.,0.E+000));
#3032 = ( GEOMETRIC_REPRESENTATION_CONTEXT(2) 
PARAMETRIC_REPRESENTATION_CONTEXT() REPRESENTATION_CONTEXT('2D SPACE',''
  ) );
#3033 = PCURVE('',#217,#3034);
#3034 = DEFINITIONAL_REPRESENTATION('',(#3035),#3039);
#3035 = LINE('',#3036,#3037);
#3036 = CARTESIAN_POINT('',(5.36202128,18.53962002));
#3037 = VECTOR('',#3038,1.);
#3038 = DIRECTION('',(0.514103357152,-0.857728242607));
#3039 = ( GEOMETRIC_REPRESENTATION_CONTEXT(2) 
PARAMETRIC_REPRESENTATION_CONTEXT() REPRESENTATION_CONTEXT('2D SPACE',''
  ) );
#3040 = ADVANCED_FACE('',(#3041),#3008,.F.);
#3041 = FACE_BOUND('',#3042,.F.);
#3042 = EDGE_LOOP('',(#3043,#3044,#3067,#3095));
#3043 = ORIENTED_EDGE('',*,*,#2992,.T.);
#3044 = ORIENTED_EDGE('',*,*,#3045,.T.);
#3045 = EDGE_CURVE('',#2970,#3046,#3048,.T.);
#3046 = VERTEX_POINT('',#3047);
#3047 = CARTESIAN_POINT('',(69.89228592,85.02027446,0.7984236));
#3048 = SURFACE_CURVE('',#3049,(#3053,#3060),.PCURVE_S1.);
#3049 = LINE('',#3050,#3051);
#3050 = CARTESIAN_POINT('',(70.32294546,85.9308289,0.7984236));
#3051 = VECTOR('',#3052,1.);
#3052 = DIRECTION('',(-0.427554576912,-0.903989537418,0.E+000));
#3053 = PCURVE('',#3008,#3054);
#3054 = DEFINITIONAL_REPRESENTATION('',(#3055),#3059);
#3055 = LINE('',#3056,#3057);
#3056 = CARTESIAN_POINT('',(0.E+000,-0.7984236));
#3057 = VECTOR('',#3058,1.);
#3058 = DIRECTION('',(1.,0.E+000));
#3059 = ( GEOMETRIC_REPRESENTATION_CONTEXT(2) 
PARAMETRIC_REPRESENTATION_CONTEXT() REPRESENTATION_CONTEXT('2D SPACE',''
  ) );
#3060 = PCURVE('',#163,#3061);
#3061 = DEFINITIONAL_REPRESENTATION('',(#3062),#3066);
#3062 = LINE('',#3063,#3064);
#3063 = CARTESIAN_POINT('',(5.8798587,17.67566188));
#3064 = VECTOR('',#3065,1.);
#3065 = DIRECTION('',(0.427554576912,-0.903989537418));
#3066 = ( GEOMETRIC_REPRESENTATION_CONTEXT(2) 
PARAMETRIC_REPRESENTATION_CONTEXT() REPRESENTATION_CONTEXT('2D SPACE',''
  ) );
#3067 = ORIENTED_EDGE('',*,*,#3068,.F.);
#3068 = EDGE_CURVE('',#3069,#3046,#3071,.T.);
#3069 = VERTEX_POINT('',#3070);
#3070 = CARTESIAN_POINT('',(69.89228592,85.02027446,0.E+000));
#3071 = SURFACE_CURVE('',#3072,(#3076,#3083),.PCURVE_S1.);
#3072 = LINE('',#3073,#3074);
#3073 = CARTESIAN_POINT('',(69.89228592,85.02027446,0.E+000));
#3074 = VECTOR('',#3075,1.);
#3075 = DIRECTION('',(0.E+000,0.E+000,1.));
#3076 = PCURVE('',#3008,#3077);
#3077 = DEFINITIONAL_REPRESENTATION('',(#3078),#3082);
#3078 = LINE('',#3079,#3080);
#3079 = CARTESIAN_POINT('',(1.007262144428,0.E+000));
#3080 = VECTOR('',#3081,1.);
#3081 = DIRECTION('',(0.E+000,-1.));
#3082 = ( GEOMETRIC_REPRESENTATION_CONTEXT(2) 
PARAMETRIC_REPRESENTATION_CONTEXT() REPRESENTATION_CONTEXT('2D SPACE',''
  ) );
#3083 = PCURVE('',#3084,#3089);
#3084 = PLANE('',#3085);
#3085 = AXIS2_PLACEMENT_3D('',#3086,#3087,#3088);
#3086 = CARTESIAN_POINT('',(69.89228592,85.02027446,0.E+000));
#3087 = DIRECTION('',(0.941544179099,-0.336889535017,0.E+000));
#3088 = DIRECTION('',(-0.336889535017,-0.941544179099,0.E+000));
#3089 = DEFINITIONAL_REPRESENTATION('',(#3090),#3094);
#3090 = LINE('',#3091,#3092);
#3091 = CARTESIAN_POINT('',(0.E+000,0.E+000));
#3092 = VECTOR('',#3093,1.);
#3093 = DIRECTION('',(0.E+000,-1.));
#3094 = ( GEOMETRIC_REPRESENTATION_CONTEXT(2) 
PARAMETRIC_REPRESENTATION_CONTEXT() REPRESENTATION_CONTEXT('2D SPACE',''
  ) );
#3095 = ORIENTED_EDGE('',*,*,#3096,.F.);
#3096 = EDGE_CURVE('',#2993,#3069,#3097,.T.);
#3097 = SURFACE_CURVE('',#3098,(#3102,#3109),.PCURVE_S1.);
#3098 = LINE('',#3099,#3100);
#3099 = CARTESIAN_POINT('',(70.32294546,85.9308289,0.E+000));
#3100 = VECTOR('',#3101,1.);
#3101 = DIRECTION('',(-0.427554576912,-0.903989537418,0.E+000));
#3102 = PCURVE('',#3008,#3103);
#3103 = DEFINITIONAL_REPRESENTATION('',(#3104),#3108);
#3104 = LINE('',#3105,#3106);
#3105 = CARTESIAN_POINT('',(0.E+000,0.E+000));
#3106 = VECTOR('',#3107,1.);
#3107 = DIRECTION('',(1.,0.E+000));
#3108 = ( GEOMETRIC_REPRESENTATION_CONTEXT(2) 
PARAMETRIC_REPRESENTATION_CONTEXT() REPRESENTATION_CONTEXT('2D SPACE',''
  ) );
#3109 = PCURVE('',#217,#3110);
#3110 = DEFINITIONAL_REPRESENTATION('',(#3111),#3115);
#3111 = LINE('',#3112,#3113);
#3112 = CARTESIAN_POINT('',(5.8798587,17.67566188));
#3113 = VECTOR('',#3114,1.);
#3114 = DIRECTION('',(0.427554576912,-0.903989537418));
#3115 = ( GEOMETRIC_REPRESENTATION_CONTEXT(2) 
PARAMETRIC_REPRESENTATION_CONTEXT() REPRESENTATION_CONTEXT('2D SPACE',''
  ) );
#3116 = ADVANCED_FACE('',(#3117),#3084,.F.);
#3117 = FACE_BOUND('',#3118,.F.);
#3118 = EDGE_LOOP('',(#3119,#3120,#3143,#3171));
#3119 = ORIENTED_EDGE('',*,*,#3068,.T.);
#3120 = ORIENTED_EDGE('',*,*,#3121,.T.);
#3121 = EDGE_CURVE('',#3046,#3122,#3124,.T.);
#3122 = VERTEX_POINT('',#3123);
#3123 = CARTESIAN_POINT('',(69.55294954,84.0718918,0.7984236));
#3124 = SURFACE_CURVE('',#3125,(#3129,#3136),.PCURVE_S1.);
#3125 = LINE('',#3126,#3127);
#3126 = CARTESIAN_POINT('',(69.89228592,85.02027446,0.7984236));
#3127 = VECTOR('',#3128,1.);
#3128 = DIRECTION('',(-0.336889535017,-0.941544179099,0.E+000));
#3129 = PCURVE('',#3084,#3130);
#3130 = DEFINITIONAL_REPRESENTATION('',(#3131),#3135);
#3131 = LINE('',#3132,#3133);
#3132 = CARTESIAN_POINT('',(0.E+000,-0.7984236));
#3133 = VECTOR('',#3134,1.);
#3134 = DIRECTION('',(1.,0.E+000));
#3135 = ( GEOMETRIC_REPRESENTATION_CONTEXT(2) 
PARAMETRIC_REPRESENTATION_CONTEXT() REPRESENTATION_CONTEXT('2D SPACE',''
  ) );
#3136 = PCURVE('',#163,#3137);
#3137 = DEFINITIONAL_REPRESENTATION('',(#3138),#3142);
#3138 = LINE('',#3139,#3140);
#3139 = CARTESIAN_POINT('',(6.31051824,16.76510744));
#3140 = VECTOR('',#3141,1.);
#3141 = DIRECTION('',(0.336889535017,-0.941544179099));
#3142 = ( GEOMETRIC_REPRESENTATION_CONTEXT(2) 
PARAMETRIC_REPRESENTATION_CONTEXT() REPRESENTATION_CONTEXT('2D SPACE',''
  ) );
#3143 = ORIENTED_EDGE('',*,*,#3144,.F.);
#3144 = EDGE_CURVE('',#3145,#3122,#3147,.T.);
#3145 = VERTEX_POINT('',#3146);
#3146 = CARTESIAN_POINT('',(69.55294954,84.0718918,0.E+000));
#3147 = SURFACE_CURVE('',#3148,(#3152,#3159),.PCURVE_S1.);
#3148 = LINE('',#3149,#3150);
#3149 = CARTESIAN_POINT('',(69.55294954,84.0718918,0.E+000));
#3150 = VECTOR('',#3151,1.);
#3151 = DIRECTION('',(0.E+000,0.E+000,1.));
#3152 = PCURVE('',#3084,#3153);
#3153 = DEFINITIONAL_REPRESENTATION('',(#3154),#3158);
#3154 = LINE('',#3155,#3156);
#3155 = CARTESIAN_POINT('',(1.007263048354,0.E+000));
#3156 = VECTOR('',#3157,1.);
#3157 = DIRECTION('',(0.E+000,-1.));
#3158 = ( GEOMETRIC_REPRESENTATION_CONTEXT(2) 
PARAMETRIC_REPRESENTATION_CONTEXT() REPRESENTATION_CONTEXT('2D SPACE',''
  ) );
#3159 = PCURVE('',#3160,#3165);
#3160 = PLANE('',#3161);
#3161 = AXIS2_PLACEMENT_3D('',#3162,#3163,#3164);
#3162 = CARTESIAN_POINT('',(69.55294954,84.0718918,0.E+000));
#3163 = DIRECTION('',(0.970031444517,-0.2429794161,0.E+000));
#3164 = DIRECTION('',(-0.2429794161,-0.970031444517,0.E+000));
#3165 = DEFINITIONAL_REPRESENTATION('',(#3166),#3170);
#3166 = LINE('',#3167,#3168);
#3167 = CARTESIAN_POINT('',(0.E+000,0.E+000));
#3168 = VECTOR('',#3169,1.);
#3169 = DIRECTION('',(0.E+000,-1.));
#3170 = ( GEOMETRIC_REPRESENTATION_CONTEXT(2) 
PARAMETRIC_REPRESENTATION_CONTEXT() REPRESENTATION_CONTEXT('2D SPACE',''
  ) );
#3171 = ORIENTED_EDGE('',*,*,#3172,.F.);
#3172 = EDGE_CURVE('',#3069,#3145,#3173,.T.);
#3173 = SURFACE_CURVE('',#3174,(#3178,#3185),.PCURVE_S1.);
#3174 = LINE('',#3175,#3176);
#3175 = CARTESIAN_POINT('',(69.89228592,85.02027446,0.E+000));
#3176 = VECTOR('',#3177,1.);
#3177 = DIRECTION('',(-0.336889535017,-0.941544179099,0.E+000));
#3178 = PCURVE('',#3084,#3179);
#3179 = DEFINITIONAL_REPRESENTATION('',(#3180),#3184);
#3180 = LINE('',#3181,#3182);
#3181 = CARTESIAN_POINT('',(0.E+000,0.E+000));
#3182 = VECTOR('',#3183,1.);
#3183 = DIRECTION('',(1.,0.E+000));
#3184 = ( GEOMETRIC_REPRESENTATION_CONTEXT(2) 
PARAMETRIC_REPRESENTATION_CONTEXT() REPRESENTATION_CONTEXT('2D SPACE',''
  ) );
#3185 = PCURVE('',#217,#3186);
#3186 = DEFINITIONAL_REPRESENTATION('',(#3187),#3191);
#3187 = LINE('',#3188,#3189);
#3188 = CARTESIAN_POINT('',(6.31051824,16.76510744));
#3189 = VECTOR('',#3190,1.);
#3190 = DIRECTION('',(0.336889535017,-0.941544179099));
#3191 = ( GEOMETRIC_REPRESENTATION_CONTEXT(2) 
PARAMETRIC_REPRESENTATION_CONTEXT() REPRESENTATION_CONTEXT('2D SPACE',''
  ) );
#3192 = ADVANCED_FACE('',(#3193),#3160,.F.);
#3193 = FACE_BOUND('',#3194,.F.);
#3194 = EDGE_LOOP('',(#3195,#3196,#3219,#3247));
#3195 = ORIENTED_EDGE('',*,*,#3144,.T.);
#3196 = ORIENTED_EDGE('',*,*,#3197,.T.);
#3197 = EDGE_CURVE('',#3122,#3198,#3200,.T.);
#3198 = VERTEX_POINT('',#3199);
#3199 = CARTESIAN_POINT('',(69.3082053,83.09481476,0.7984236));
#3200 = SURFACE_CURVE('',#3201,(#3205,#3212),.PCURVE_S1.);
#3201 = LINE('',#3202,#3203);
#3202 = CARTESIAN_POINT('',(69.55294954,84.0718918,0.7984236));
#3203 = VECTOR('',#3204,1.);
#3204 = DIRECTION('',(-0.2429794161,-0.970031444517,0.E+000));
#3205 = PCURVE('',#3160,#3206);
#3206 = DEFINITIONAL_REPRESENTATION('',(#3207),#3211);
#3207 = LINE('',#3208,#3209);
#3208 = CARTESIAN_POINT('',(0.E+000,-0.7984236));
#3209 = VECTOR('',#3210,1.);
#3210 = DIRECTION('',(1.,0.E+000));
#3211 = ( GEOMETRIC_REPRESENTATION_CONTEXT(2) 
PARAMETRIC_REPRESENTATION_CONTEXT() REPRESENTATION_CONTEXT('2D SPACE',''
  ) );
#3212 = PCURVE('',#163,#3213);
#3213 = DEFINITIONAL_REPRESENTATION('',(#3214),#3218);
#3214 = LINE('',#3215,#3216);
#3215 = CARTESIAN_POINT('',(6.64985462,15.81672478));
#3216 = VECTOR('',#3217,1.);
#3217 = DIRECTION('',(0.2429794161,-0.970031444517));
#3218 = ( GEOMETRIC_REPRESENTATION_CONTEXT(2) 
PARAMETRIC_REPRESENTATION_CONTEXT() REPRESENTATION_CONTEXT('2D SPACE',''
  ) );
#3219 = ORIENTED_EDGE('',*,*,#3220,.F.);
#3220 = EDGE_CURVE('',#3221,#3198,#3223,.T.);
#3221 = VERTEX_POINT('',#3222);
#3222 = CARTESIAN_POINT('',(69.3082053,83.09481476,0.E+000));
#3223 = SURFACE_CURVE('',#3224,(#3228,#3235),.PCURVE_S1.);
#3224 = LINE('',#3225,#3226);
#3225 = CARTESIAN_POINT('',(69.3082053,83.09481476,0.E+000));
#3226 = VECTOR('',#3227,1.);
#3227 = DIRECTION('',(0.E+000,0.E+000,1.));
#3228 = PCURVE('',#3160,#3229);
#3229 = DEFINITIONAL_REPRESENTATION('',(#3230),#3234);
#3230 = LINE('',#3231,#3232);
#3231 = CARTESIAN_POINT('',(1.007263265045,0.E+000));
#3232 = VECTOR('',#3233,1.);
#3233 = DIRECTION('',(0.E+000,-1.));
#3234 = ( GEOMETRIC_REPRESENTATION_CONTEXT(2) 
PARAMETRIC_REPRESENTATION_CONTEXT() REPRESENTATION_CONTEXT('2D SPACE',''
  ) );
#3235 = PCURVE('',#3236,#3241);
#3236 = PLANE('',#3237);
#3237 = AXIS2_PLACEMENT_3D('',#3238,#3239,#3240);
#3238 = CARTESIAN_POINT('',(69.3082053,83.09481476,0.E+000));
#3239 = DIRECTION('',(0.989176312747,-0.146731803986,0.E+000));
#3240 = DIRECTION('',(-0.146731803986,-0.989176312747,0.E+000));
#3241 = DEFINITIONAL_REPRESENTATION('',(#3242),#3246);
#3242 = LINE('',#3243,#3244);
#3243 = CARTESIAN_POINT('',(0.E+000,0.E+000));
#3244 = VECTOR('',#3245,1.);
#3245 = DIRECTION('',(0.E+000,-1.));
#3246 = ( GEOMETRIC_REPRESENTATION_CONTEXT(2) 
PARAMETRIC_REPRESENTATION_CONTEXT() REPRESENTATION_CONTEXT('2D SPACE',''
  ) );
#3247 = ORIENTED_EDGE('',*,*,#3248,.F.);
#3248 = EDGE_CURVE('',#3145,#3221,#3249,.T.);
#3249 = SURFACE_CURVE('',#3250,(#3254,#3261),.PCURVE_S1.);
#3250 = LINE('',#3251,#3252);
#3251 = CARTESIAN_POINT('',(69.55294954,84.0718918,0.E+000));
#3252 = VECTOR('',#3253,1.);
#3253 = DIRECTION('',(-0.2429794161,-0.970031444517,0.E+000));
#3254 = PCURVE('',#3160,#3255);
#3255 = DEFINITIONAL_REPRESENTATION('',(#3256),#3260);
#3256 = LINE('',#3257,#3258);
#3257 = CARTESIAN_POINT('',(0.E+000,0.E+000));
#3258 = VECTOR('',#3259,1.);
#3259 = DIRECTION('',(1.,0.E+000));
#3260 = ( GEOMETRIC_REPRESENTATION_CONTEXT(2) 
PARAMETRIC_REPRESENTATION_CONTEXT() REPRESENTATION_CONTEXT('2D SPACE',''
  ) );
#3261 = PCURVE('',#217,#3262);
#3262 = DEFINITIONAL_REPRESENTATION('',(#3263),#3267);
#3263 = LINE('',#3264,#3265);
#3264 = CARTESIAN_POINT('',(6.64985462,15.81672478));
#3265 = VECTOR('',#3266,1.);
#3266 = DIRECTION('',(0.2429794161,-0.970031444517));
#3267 = ( GEOMETRIC_REPRESENTATION_CONTEXT(2) 
PARAMETRIC_REPRESENTATION_CONTEXT() REPRESENTATION_CONTEXT('2D SPACE',''
  ) );
#3268 = ADVANCED_FACE('',(#3269),#3236,.F.);
#3269 = FACE_BOUND('',#3270,.F.);
#3270 = EDGE_LOOP('',(#3271,#3272,#3295,#3323));
#3271 = ORIENTED_EDGE('',*,*,#3220,.T.);
#3272 = ORIENTED_EDGE('',*,*,#3273,.T.);
#3273 = EDGE_CURVE('',#3198,#3274,#3276,.T.);
#3274 = VERTEX_POINT('',#3275);
#3275 = CARTESIAN_POINT('',(69.16040778,82.09845404,0.7984236));
#3276 = SURFACE_CURVE('',#3277,(#3281,#3288),.PCURVE_S1.);
#3277 = LINE('',#3278,#3279);
#3278 = CARTESIAN_POINT('',(69.3082053,83.09481476,0.7984236));
#3279 = VECTOR('',#3280,1.);
#3280 = DIRECTION('',(-0.146731803986,-0.989176312747,0.E+000));
#3281 = PCURVE('',#3236,#3282);
#3282 = DEFINITIONAL_REPRESENTATION('',(#3283),#3287);
#3283 = LINE('',#3284,#3285);
#3284 = CARTESIAN_POINT('',(0.E+000,-0.7984236));
#3285 = VECTOR('',#3286,1.);
#3286 = DIRECTION('',(1.,0.E+000));
#3287 = ( GEOMETRIC_REPRESENTATION_CONTEXT(2) 
PARAMETRIC_REPRESENTATION_CONTEXT() REPRESENTATION_CONTEXT('2D SPACE',''
  ) );
#3288 = PCURVE('',#163,#3289);
#3289 = DEFINITIONAL_REPRESENTATION('',(#3290),#3294);
#3290 = LINE('',#3291,#3292);
#3291 = CARTESIAN_POINT('',(6.89459886,14.83964774));
#3292 = VECTOR('',#3293,1.);
#3293 = DIRECTION('',(0.146731803986,-0.989176312747));
#3294 = ( GEOMETRIC_REPRESENTATION_CONTEXT(2) 
PARAMETRIC_REPRESENTATION_CONTEXT() REPRESENTATION_CONTEXT('2D SPACE',''
  ) );
#3295 = ORIENTED_EDGE('',*,*,#3296,.F.);
#3296 = EDGE_CURVE('',#3297,#3274,#3299,.T.);
#3297 = VERTEX_POINT('',#3298);
#3298 = CARTESIAN_POINT('',(69.16040778,82.09845404,0.E+000));
#3299 = SURFACE_CURVE('',#3300,(#3304,#3311),.PCURVE_S1.);
#3300 = LINE('',#3301,#3302);
#3301 = CARTESIAN_POINT('',(69.16040778,82.09845404,0.E+000));
#3302 = VECTOR('',#3303,1.);
#3303 = DIRECTION('',(0.E+000,0.E+000,1.));
#3304 = PCURVE('',#3236,#3305);
#3305 = DEFINITIONAL_REPRESENTATION('',(#3306),#3310);
#3306 = LINE('',#3307,#3308);
#3307 = CARTESIAN_POINT('',(1.007263019909,0.E+000));
#3308 = VECTOR('',#3309,1.);
#3309 = DIRECTION('',(0.E+000,-1.));
#3310 = ( GEOMETRIC_REPRESENTATION_CONTEXT(2) 
PARAMETRIC_REPRESENTATION_CONTEXT() REPRESENTATION_CONTEXT('2D SPACE',''
  ) );
#3311 = PCURVE('',#3312,#3317);
#3312 = PLANE('',#3313);
#3313 = AXIS2_PLACEMENT_3D('',#3314,#3315,#3316);
#3314 = CARTESIAN_POINT('',(69.16040778,82.09845404,0.E+000));
#3315 = DIRECTION('',(0.998796402455,-4.904840916942E-002,0.E+000));
#3316 = DIRECTION('',(-4.904840916942E-002,-0.998796402455,0.E+000));
#3317 = DEFINITIONAL_REPRESENTATION('',(#3318),#3322);
#3318 = LINE('',#3319,#3320);
#3319 = CARTESIAN_POINT('',(0.E+000,0.E+000));
#3320 = VECTOR('',#3321,1.);
#3321 = DIRECTION('',(0.E+000,-1.));
#3322 = ( GEOMETRIC_REPRESENTATION_CONTEXT(2) 
PARAMETRIC_REPRESENTATION_CONTEXT() REPRESENTATION_CONTEXT('2D SPACE',''
  ) );
#3323 = ORIENTED_EDGE('',*,*,#3324,.F.);
#3324 = EDGE_CURVE('',#3221,#3297,#3325,.T.);
#3325 = SURFACE_CURVE('',#3326,(#3330,#3337),.PCURVE_S1.);
#3326 = LINE('',#3327,#3328);
#3327 = CARTESIAN_POINT('',(69.3082053,83.09481476,0.E+000));
#3328 = VECTOR('',#3329,1.);
#3329 = DIRECTION('',(-0.146731803986,-0.989176312747,0.E+000));
#3330 = PCURVE('',#3236,#3331);
#3331 = DEFINITIONAL_REPRESENTATION('',(#3332),#3336);
#3332 = LINE('',#3333,#3334);
#3333 = CARTESIAN_POINT('',(0.E+000,0.E+000));
#3334 = VECTOR('',#3335,1.);
#3335 = DIRECTION('',(1.,0.E+000));
#3336 = ( GEOMETRIC_REPRESENTATION_CONTEXT(2) 
PARAMETRIC_REPRESENTATION_CONTEXT() REPRESENTATION_CONTEXT('2D SPACE',''
  ) );
#3337 = PCURVE('',#217,#3338);
#3338 = DEFINITIONAL_REPRESENTATION('',(#3339),#3343);
#3339 = LINE('',#3340,#3341);
#3340 = CARTESIAN_POINT('',(6.89459886,14.83964774));
#3341 = VECTOR('',#3342,1.);
#3342 = DIRECTION('',(0.146731803986,-0.989176312747));
#3343 = ( GEOMETRIC_REPRESENTATION_CONTEXT(2) 
PARAMETRIC_REPRESENTATION_CONTEXT() REPRESENTATION_CONTEXT('2D SPACE',''
  ) );
#3344 = ADVANCED_FACE('',(#3345),#3312,.F.);
#3345 = FACE_BOUND('',#3346,.F.);
#3346 = EDGE_LOOP('',(#3347,#3348,#3371,#3399));
#3347 = ORIENTED_EDGE('',*,*,#3296,.T.);
#3348 = ORIENTED_EDGE('',*,*,#3349,.T.);
#3349 = EDGE_CURVE('',#3274,#3350,#3352,.T.);
#3350 = VERTEX_POINT('',#3351);
#3351 = CARTESIAN_POINT('',(69.11100986,81.09254038,0.7984236));
#3352 = SURFACE_CURVE('',#3353,(#3357,#3364),.PCURVE_S1.);
#3353 = LINE('',#3354,#3355);
#3354 = CARTESIAN_POINT('',(69.16040778,82.09845404,0.7984236));
#3355 = VECTOR('',#3356,1.);
#3356 = DIRECTION('',(-4.904840916942E-002,-0.998796402455,0.E+000));
#3357 = PCURVE('',#3312,#3358);
#3358 = DEFINITIONAL_REPRESENTATION('',(#3359),#3363);
#3359 = LINE('',#3360,#3361);
#3360 = CARTESIAN_POINT('',(0.E+000,-0.7984236));
#3361 = VECTOR('',#3362,1.);
#3362 = DIRECTION('',(1.,0.E+000));
#3363 = ( GEOMETRIC_REPRESENTATION_CONTEXT(2) 
PARAMETRIC_REPRESENTATION_CONTEXT() REPRESENTATION_CONTEXT('2D SPACE',''
  ) );
#3364 = PCURVE('',#163,#3365);
#3365 = DEFINITIONAL_REPRESENTATION('',(#3366),#3370);
#3366 = LINE('',#3367,#3368);
#3367 = CARTESIAN_POINT('',(7.04239638,13.84328702));
#3368 = VECTOR('',#3369,1.);
#3369 = DIRECTION('',(4.904840916942E-002,-0.998796402455));
#3370 = ( GEOMETRIC_REPRESENTATION_CONTEXT(2) 
PARAMETRIC_REPRESENTATION_CONTEXT() REPRESENTATION_CONTEXT('2D SPACE',''
  ) );
#3371 = ORIENTED_EDGE('',*,*,#3372,.F.);
#3372 = EDGE_CURVE('',#3373,#3350,#3375,.T.);
#3373 = VERTEX_POINT('',#3374);
#3374 = CARTESIAN_POINT('',(69.11100986,81.09254038,0.E+000));
#3375 = SURFACE_CURVE('',#3376,(#3380,#3387),.PCURVE_S1.);
#3376 = LINE('',#3377,#3378);
#3377 = CARTESIAN_POINT('',(69.11100986,81.09254038,0.E+000));
#3378 = VECTOR('',#3379,1.);
#3379 = DIRECTION('',(0.E+000,0.E+000,1.));
#3380 = PCURVE('',#3312,#3381);
#3381 = DEFINITIONAL_REPRESENTATION('',(#3382),#3386);
#3382 = LINE('',#3383,#3384);
#3383 = CARTESIAN_POINT('',(1.007125834181,0.E+000));
#3384 = VECTOR('',#3385,1.);
#3385 = DIRECTION('',(0.E+000,-1.));
#3386 = ( GEOMETRIC_REPRESENTATION_CONTEXT(2) 
PARAMETRIC_REPRESENTATION_CONTEXT() REPRESENTATION_CONTEXT('2D SPACE',''
  ) );
#3387 = PCURVE('',#3388,#3393);
#3388 = PLANE('',#3389);
#3389 = AXIS2_PLACEMENT_3D('',#3390,#3391,#3392);
#3390 = CARTESIAN_POINT('',(69.11100986,81.09254038,0.E+000));
#3391 = DIRECTION('',(0.99879550782,4.906662366459E-002,-0.E+000));
#3392 = DIRECTION('',(4.906662366459E-002,-0.99879550782,0.E+000));
#3393 = DEFINITIONAL_REPRESENTATION('',(#3394),#3398);
#3394 = LINE('',#3395,#3396);
#3395 = CARTESIAN_POINT('',(0.E+000,0.E+000));
#3396 = VECTOR('',#3397,1.);
#3397 = DIRECTION('',(0.E+000,-1.));
#3398 = ( GEOMETRIC_REPRESENTATION_CONTEXT(2) 
PARAMETRIC_REPRESENTATION_CONTEXT() REPRESENTATION_CONTEXT('2D SPACE',''
  ) );
#3399 = ORIENTED_EDGE('',*,*,#3400,.F.);
#3400 = EDGE_CURVE('',#3297,#3373,#3401,.T.);
#3401 = SURFACE_CURVE('',#3402,(#3406,#3413),.PCURVE_S1.);
#3402 = LINE('',#3403,#3404);
#3403 = CARTESIAN_POINT('',(69.16040778,82.09845404,0.E+000));
#3404 = VECTOR('',#3405,1.);
#3405 = DIRECTION('',(-4.904840916942E-002,-0.998796402455,0.E+000));
#3406 = PCURVE('',#3312,#3407);
#3407 = DEFINITIONAL_REPRESENTATION('',(#3408),#3412);
#3408 = LINE('',#3409,#3410);
#3409 = CARTESIAN_POINT('',(0.E+000,0.E+000));
#3410 = VECTOR('',#3411,1.);
#3411 = DIRECTION('',(1.,0.E+000));
#3412 = ( GEOMETRIC_REPRESENTATION_CONTEXT(2) 
PARAMETRIC_REPRESENTATION_CONTEXT() REPRESENTATION_CONTEXT('2D SPACE',''
  ) );
#3413 = PCURVE('',#217,#3414);
#3414 = DEFINITIONAL_REPRESENTATION('',(#3415),#3419);
#3415 = LINE('',#3416,#3417);
#3416 = CARTESIAN_POINT('',(7.04239638,13.84328702));
#3417 = VECTOR('',#3418,1.);
#3418 = DIRECTION('',(4.904840916942E-002,-0.998796402455));
#3419 = ( GEOMETRIC_REPRESENTATION_CONTEXT(2) 
PARAMETRIC_REPRESENTATION_CONTEXT() REPRESENTATION_CONTEXT('2D SPACE',''
  ) );
#3420 = ADVANCED_FACE('',(#3421),#3388,.F.);
#3421 = FACE_BOUND('',#3422,.F.);
#3422 = EDGE_LOOP('',(#3423,#3424,#3447,#3475));
#3423 = ORIENTED_EDGE('',*,*,#3372,.T.);
#3424 = ORIENTED_EDGE('',*,*,#3425,.T.);
#3425 = EDGE_CURVE('',#3350,#3426,#3428,.T.);
#3426 = VERTEX_POINT('',#3427);
#3427 = CARTESIAN_POINT('',(69.16082434,80.07852158,0.7984236));
#3428 = SURFACE_CURVE('',#3429,(#3433,#3440),.PCURVE_S1.);
#3429 = LINE('',#3430,#3431);
#3430 = CARTESIAN_POINT('',(69.11100986,81.09254038,0.7984236));
#3431 = VECTOR('',#3432,1.);
#3432 = DIRECTION('',(4.906662366459E-002,-0.99879550782,0.E+000));
#3433 = PCURVE('',#3388,#3434);
#3434 = DEFINITIONAL_REPRESENTATION('',(#3435),#3439);
#3435 = LINE('',#3436,#3437);
#3436 = CARTESIAN_POINT('',(0.E+000,-0.7984236));
#3437 = VECTOR('',#3438,1.);
#3438 = DIRECTION('',(1.,0.E+000));
#3439 = ( GEOMETRIC_REPRESENTATION_CONTEXT(2) 
PARAMETRIC_REPRESENTATION_CONTEXT() REPRESENTATION_CONTEXT('2D SPACE',''
  ) );
#3440 = PCURVE('',#163,#3441);
#3441 = DEFINITIONAL_REPRESENTATION('',(#3442),#3446);
#3442 = LINE('',#3443,#3444);
#3443 = CARTESIAN_POINT('',(7.0917943,12.83737336));
#3444 = VECTOR('',#3445,1.);
#3445 = DIRECTION('',(-4.906662366459E-002,-0.99879550782));
#3446 = ( GEOMETRIC_REPRESENTATION_CONTEXT(2) 
PARAMETRIC_REPRESENTATION_CONTEXT() REPRESENTATION_CONTEXT('2D SPACE',''
  ) );
#3447 = ORIENTED_EDGE('',*,*,#3448,.F.);
#3448 = EDGE_CURVE('',#3449,#3426,#3451,.T.);
#3449 = VERTEX_POINT('',#3450);
#3450 = CARTESIAN_POINT('',(69.16082434,80.07852158,0.E+000));
#3451 = SURFACE_CURVE('',#3452,(#3456,#3463),.PCURVE_S1.);
#3452 = LINE('',#3453,#3454);
#3453 = CARTESIAN_POINT('',(69.16082434,80.07852158,0.E+000));
#3454 = VECTOR('',#3455,1.);
#3455 = DIRECTION('',(0.E+000,0.E+000,1.));
#3456 = PCURVE('',#3388,#3457);
#3457 = DEFINITIONAL_REPRESENTATION('',(#3458),#3462);
#3458 = LINE('',#3459,#3460);
#3459 = CARTESIAN_POINT('',(1.015241650629,0.E+000));
#3460 = VECTOR('',#3461,1.);
#3461 = DIRECTION('',(0.E+000,-1.));
#3462 = ( GEOMETRIC_REPRESENTATION_CONTEXT(2) 
PARAMETRIC_REPRESENTATION_CONTEXT() REPRESENTATION_CONTEXT('2D SPACE',''
  ) );
#3463 = PCURVE('',#3464,#3469);
#3464 = PLANE('',#3465);
#3465 = AXIS2_PLACEMENT_3D('',#3466,#3467,#3468);
#3466 = CARTESIAN_POINT('',(69.16082434,80.07852158,0.E+000));
#3467 = DIRECTION('',(0.989176500757,0.146730536528,-0.E+000));
#3468 = DIRECTION('',(0.146730536528,-0.989176500757,0.E+000));
#3469 = DEFINITIONAL_REPRESENTATION('',(#3470),#3474);
#3470 = LINE('',#3471,#3472);
#3471 = CARTESIAN_POINT('',(0.E+000,0.E+000));
#3472 = VECTOR('',#3473,1.);
#3473 = DIRECTION('',(0.E+000,-1.));
#3474 = ( GEOMETRIC_REPRESENTATION_CONTEXT(2) 
PARAMETRIC_REPRESENTATION_CONTEXT() REPRESENTATION_CONTEXT('2D SPACE',''
  ) );
#3475 = ORIENTED_EDGE('',*,*,#3476,.F.);
#3476 = EDGE_CURVE('',#3373,#3449,#3477,.T.);
#3477 = SURFACE_CURVE('',#3478,(#3482,#3489),.PCURVE_S1.);
#3478 = LINE('',#3479,#3480);
#3479 = CARTESIAN_POINT('',(69.11100986,81.09254038,0.E+000));
#3480 = VECTOR('',#3481,1.);
#3481 = DIRECTION('',(4.906662366459E-002,-0.99879550782,0.E+000));
#3482 = PCURVE('',#3388,#3483);
#3483 = DEFINITIONAL_REPRESENTATION('',(#3484),#3488);
#3484 = LINE('',#3485,#3486);
#3485 = CARTESIAN_POINT('',(0.E+000,0.E+000));
#3486 = VECTOR('',#3487,1.);
#3487 = DIRECTION('',(1.,0.E+000));
#3488 = ( GEOMETRIC_REPRESENTATION_CONTEXT(2) 
PARAMETRIC_REPRESENTATION_CONTEXT() REPRESENTATION_CONTEXT('2D SPACE',''
  ) );
#3489 = PCURVE('',#217,#3490);
#3490 = DEFINITIONAL_REPRESENTATION('',(#3491),#3495);
#3491 = LINE('',#3492,#3493);
#3492 = CARTESIAN_POINT('',(7.0917943,12.83737336));
#3493 = VECTOR('',#3494,1.);
#3494 = DIRECTION('',(-4.906662366459E-002,-0.99879550782));
#3495 = ( GEOMETRIC_REPRESENTATION_CONTEXT(2) 
PARAMETRIC_REPRESENTATION_CONTEXT() REPRESENTATION_CONTEXT('2D SPACE',''
  ) );
#3496 = ADVANCED_FACE('',(#3497),#3464,.F.);
#3497 = FACE_BOUND('',#3498,.F.);
#3498 = EDGE_LOOP('',(#3499,#3500,#3523,#3551));
#3499 = ORIENTED_EDGE('',*,*,#3448,.T.);
#3500 = ORIENTED_EDGE('',*,*,#3501,.T.);
#3501 = EDGE_CURVE('',#3426,#3502,#3504,.T.);
#3502 = VERTEX_POINT('',#3503);
#3503 = CARTESIAN_POINT('',(69.31121012,79.06470344,0.7984236));
#3504 = SURFACE_CURVE('',#3505,(#3509,#3516),.PCURVE_S1.);
#3505 = LINE('',#3506,#3507);
#3506 = CARTESIAN_POINT('',(69.16082434,80.07852158,0.7984236));
#3507 = VECTOR('',#3508,1.);
#3508 = DIRECTION('',(0.146730536528,-0.989176500757,0.E+000));
#3509 = PCURVE('',#3464,#3510);
#3510 = DEFINITIONAL_REPRESENTATION('',(#3511),#3515);
#3511 = LINE('',#3512,#3513);
#3512 = CARTESIAN_POINT('',(0.E+000,-0.7984236));
#3513 = VECTOR('',#3514,1.);
#3514 = DIRECTION('',(1.,0.E+000));
#3515 = ( GEOMETRIC_REPRESENTATION_CONTEXT(2) 
PARAMETRIC_REPRESENTATION_CONTEXT() REPRESENTATION_CONTEXT('2D SPACE',''
  ) );
#3516 = PCURVE('',#163,#3517);
#3517 = DEFINITIONAL_REPRESENTATION('',(#3518),#3522);
#3518 = LINE('',#3519,#3520);
#3519 = CARTESIAN_POINT('',(7.04197982,11.82335456));
#3520 = VECTOR('',#3521,1.);
#3521 = DIRECTION('',(-0.146730536528,-0.989176500757));
#3522 = ( GEOMETRIC_REPRESENTATION_CONTEXT(2) 
PARAMETRIC_REPRESENTATION_CONTEXT() REPRESENTATION_CONTEXT('2D SPACE',''
  ) );
#3523 = ORIENTED_EDGE('',*,*,#3524,.F.);
#3524 = EDGE_CURVE('',#3525,#3502,#3527,.T.);
#3525 = VERTEX_POINT('',#3526);
#3526 = CARTESIAN_POINT('',(69.31121012,79.06470344,0.E+000));
#3527 = SURFACE_CURVE('',#3528,(#3532,#3539),.PCURVE_S1.);
#3528 = LINE('',#3529,#3530);
#3529 = CARTESIAN_POINT('',(69.31121012,79.06470344,0.E+000));
#3530 = VECTOR('',#3531,1.);
#3531 = DIRECTION('',(0.E+000,0.E+000,1.));
#3532 = PCURVE('',#3464,#3533);
#3533 = DEFINITIONAL_REPRESENTATION('',(#3534),#3538);
#3534 = LINE('',#3535,#3536);
#3535 = CARTESIAN_POINT('',(1.024911266315,0.E+000));
#3536 = VECTOR('',#3537,1.);
#3537 = DIRECTION('',(0.E+000,-1.));
#3538 = ( GEOMETRIC_REPRESENTATION_CONTEXT(2) 
PARAMETRIC_REPRESENTATION_CONTEXT() REPRESENTATION_CONTEXT('2D SPACE',''
  ) );
#3539 = PCURVE('',#3540,#3545);
#3540 = PLANE('',#3541);
#3541 = AXIS2_PLACEMENT_3D('',#3542,#3543,#3544);
#3542 = CARTESIAN_POINT('',(69.31121012,79.06470344,0.E+000));
#3543 = DIRECTION('',(0.970031021888,0.24298110333,-0.E+000));
#3544 = DIRECTION('',(0.24298110333,-0.970031021888,0.E+000));
#3545 = DEFINITIONAL_REPRESENTATION('',(#3546),#3550);
#3546 = LINE('',#3547,#3548);
#3547 = CARTESIAN_POINT('',(0.E+000,0.E+000));
#3548 = VECTOR('',#3549,1.);
#3549 = DIRECTION('',(0.E+000,-1.));
#3550 = ( GEOMETRIC_REPRESENTATION_CONTEXT(2) 
PARAMETRIC_REPRESENTATION_CONTEXT() REPRESENTATION_CONTEXT('2D SPACE',''
  ) );
#3551 = ORIENTED_EDGE('',*,*,#3552,.F.);
#3552 = EDGE_CURVE('',#3449,#3525,#3553,.T.);
#3553 = SURFACE_CURVE('',#3554,(#3558,#3565),.PCURVE_S1.);
#3554 = LINE('',#3555,#3556);
#3555 = CARTESIAN_POINT('',(69.16082434,80.07852158,0.E+000));
#3556 = VECTOR('',#3557,1.);
#3557 = DIRECTION('',(0.146730536528,-0.989176500757,0.E+000));
#3558 = PCURVE('',#3464,#3559);
#3559 = DEFINITIONAL_REPRESENTATION('',(#3560),#3564);
#3560 = LINE('',#3561,#3562);
#3561 = CARTESIAN_POINT('',(0.E+000,0.E+000));
#3562 = VECTOR('',#3563,1.);
#3563 = DIRECTION('',(1.,0.E+000));
#3564 = ( GEOMETRIC_REPRESENTATION_CONTEXT(2) 
PARAMETRIC_REPRESENTATION_CONTEXT() REPRESENTATION_CONTEXT('2D SPACE',''
  ) );
#3565 = PCURVE('',#217,#3566);
#3566 = DEFINITIONAL_REPRESENTATION('',(#3567),#3571);
#3567 = LINE('',#3568,#3569);
#3568 = CARTESIAN_POINT('',(7.04197982,11.82335456));
#3569 = VECTOR('',#3570,1.);
#3570 = DIRECTION('',(-0.146730536528,-0.989176500757));
#3571 = ( GEOMETRIC_REPRESENTATION_CONTEXT(2) 
PARAMETRIC_REPRESENTATION_CONTEXT() REPRESENTATION_CONTEXT('2D SPACE',''
  ) );
#3572 = ADVANCED_FACE('',(#3573),#3540,.F.);
#3573 = FACE_BOUND('',#3574,.F.);
#3574 = EDGE_LOOP('',(#3575,#3576,#3599,#3627));
#3575 = ORIENTED_EDGE('',*,*,#3524,.T.);
#3576 = ORIENTED_EDGE('',*,*,#3577,.T.);
#3577 = EDGE_CURVE('',#3502,#3578,#3580,.T.);
#3578 = VERTEX_POINT('',#3579);
#3579 = CARTESIAN_POINT('',(69.56024442,78.0705068,0.7984236));
#3580 = SURFACE_CURVE('',#3581,(#3585,#3592),.PCURVE_S1.);
#3581 = LINE('',#3582,#3583);
#3582 = CARTESIAN_POINT('',(69.31121012,79.06470344,0.7984236));
#3583 = VECTOR('',#3584,1.);
#3584 = DIRECTION('',(0.24298110333,-0.970031021888,0.E+000));
#3585 = PCURVE('',#3540,#3586);
#3586 = DEFINITIONAL_REPRESENTATION('',(#3587),#3591);
#3587 = LINE('',#3588,#3589);
#3588 = CARTESIAN_POINT('',(0.E+000,-0.7984236));
#3589 = VECTOR('',#3590,1.);
#3590 = DIRECTION('',(1.,0.E+000));
#3591 = ( GEOMETRIC_REPRESENTATION_CONTEXT(2) 
PARAMETRIC_REPRESENTATION_CONTEXT() REPRESENTATION_CONTEXT('2D SPACE',''
  ) );
#3592 = PCURVE('',#163,#3593);
#3593 = DEFINITIONAL_REPRESENTATION('',(#3594),#3598);
#3594 = LINE('',#3595,#3596);
#3595 = CARTESIAN_POINT('',(6.89159404,10.80953642));
#3596 = VECTOR('',#3597,1.);
#3597 = DIRECTION('',(-0.24298110333,-0.970031021888));
#3598 = ( GEOMETRIC_REPRESENTATION_CONTEXT(2) 
PARAMETRIC_REPRESENTATION_CONTEXT() REPRESENTATION_CONTEXT('2D SPACE',''
  ) );
#3599 = ORIENTED_EDGE('',*,*,#3600,.F.);
#3600 = EDGE_CURVE('',#3601,#3578,#3603,.T.);
#3601 = VERTEX_POINT('',#3602);
#3602 = CARTESIAN_POINT('',(69.56024442,78.0705068,0.E+000));
#3603 = SURFACE_CURVE('',#3604,(#3608,#3615),.PCURVE_S1.);
#3604 = LINE('',#3605,#3606);
#3605 = CARTESIAN_POINT('',(69.56024442,78.0705068,0.E+000));
#3606 = VECTOR('',#3607,1.);
#3607 = DIRECTION('',(0.E+000,0.E+000,1.));
#3608 = PCURVE('',#3540,#3609);
#3609 = DEFINITIONAL_REPRESENTATION('',(#3610),#3614);
#3610 = LINE('',#3611,#3612);
#3611 = CARTESIAN_POINT('',(1.024912211638,0.E+000));
#3612 = VECTOR('',#3613,1.);
#3613 = DIRECTION('',(0.E+000,-1.));
#3614 = ( GEOMETRIC_REPRESENTATION_CONTEXT(2) 
PARAMETRIC_REPRESENTATION_CONTEXT() REPRESENTATION_CONTEXT('2D SPACE',''
  ) );
#3615 = PCURVE('',#3616,#3621);
#3616 = PLANE('',#3617);
#3617 = AXIS2_PLACEMENT_3D('',#3618,#3619,#3620);
#3618 = CARTESIAN_POINT('',(69.56024442,78.0705068,0.E+000));
#3619 = DIRECTION('',(0.941544273697,0.336889270634,-0.E+000));
#3620 = DIRECTION('',(0.336889270634,-0.941544273697,0.E+000));
#3621 = DEFINITIONAL_REPRESENTATION('',(#3622),#3626);
#3622 = LINE('',#3623,#3624);
#3623 = CARTESIAN_POINT('',(0.E+000,0.E+000));
#3624 = VECTOR('',#3625,1.);
#3625 = DIRECTION('',(0.E+000,-1.));
#3626 = ( GEOMETRIC_REPRESENTATION_CONTEXT(2) 
PARAMETRIC_REPRESENTATION_CONTEXT() REPRESENTATION_CONTEXT('2D SPACE',''
  ) );
#3627 = ORIENTED_EDGE('',*,*,#3628,.F.);
#3628 = EDGE_CURVE('',#3525,#3601,#3629,.T.);
#3629 = SURFACE_CURVE('',#3630,(#3634,#3641),.PCURVE_S1.);
#3630 = LINE('',#3631,#3632);
#3631 = CARTESIAN_POINT('',(69.31121012,79.06470344,0.E+000));
#3632 = VECTOR('',#3633,1.);
#3633 = DIRECTION('',(0.24298110333,-0.970031021888,0.E+000));
#3634 = PCURVE('',#3540,#3635);
#3635 = DEFINITIONAL_REPRESENTATION('',(#3636),#3640);
#3636 = LINE('',#3637,#3638);
#3637 = CARTESIAN_POINT('',(0.E+000,0.E+000));
#3638 = VECTOR('',#3639,1.);
#3639 = DIRECTION('',(1.,0.E+000));
#3640 = ( GEOMETRIC_REPRESENTATION_CONTEXT(2) 
PARAMETRIC_REPRESENTATION_CONTEXT() REPRESENTATION_CONTEXT('2D SPACE',''
  ) );
#3641 = PCURVE('',#217,#3642);
#3642 = DEFINITIONAL_REPRESENTATION('',(#3643),#3647);
#3643 = LINE('',#3644,#3645);
#3644 = CARTESIAN_POINT('',(6.89159404,10.80953642));
#3645 = VECTOR('',#3646,1.);
#3646 = DIRECTION('',(-0.24298110333,-0.970031021888));
#3647 = ( GEOMETRIC_REPRESENTATION_CONTEXT(2) 
PARAMETRIC_REPRESENTATION_CONTEXT() REPRESENTATION_CONTEXT('2D SPACE',''
  ) );
#3648 = ADVANCED_FACE('',(#3649),#3616,.F.);
#3649 = FACE_BOUND('',#3650,.F.);
#3650 = EDGE_LOOP('',(#3651,#3652,#3675,#3703));
#3651 = ORIENTED_EDGE('',*,*,#3600,.T.);
#3652 = ORIENTED_EDGE('',*,*,#3653,.T.);
#3653 = EDGE_CURVE('',#3578,#3654,#3656,.T.);
#3654 = VERTEX_POINT('',#3655);
#3655 = CARTESIAN_POINT('',(69.90552694,77.10550492,0.7984236));
#3656 = SURFACE_CURVE('',#3657,(#3661,#3668),.PCURVE_S1.);
#3657 = LINE('',#3658,#3659);
#3658 = CARTESIAN_POINT('',(69.56024442,78.0705068,0.7984236));
#3659 = VECTOR('',#3660,1.);
#3660 = DIRECTION('',(0.336889270634,-0.941544273697,0.E+000));
#3661 = PCURVE('',#3616,#3662);
#3662 = DEFINITIONAL_REPRESENTATION('',(#3663),#3667);
#3663 = LINE('',#3664,#3665);
#3664 = CARTESIAN_POINT('',(0.E+000,-0.7984236));
#3665 = VECTOR('',#3666,1.);
#3666 = DIRECTION('',(1.,0.E+000));
#3667 = ( GEOMETRIC_REPRESENTATION_CONTEXT(2) 
PARAMETRIC_REPRESENTATION_CONTEXT() REPRESENTATION_CONTEXT('2D SPACE',''
  ) );
#3668 = PCURVE('',#163,#3669);
#3669 = DEFINITIONAL_REPRESENTATION('',(#3670),#3674);
#3670 = LINE('',#3671,#3672);
#3671 = CARTESIAN_POINT('',(6.64255974,9.81533978));
#3672 = VECTOR('',#3673,1.);
#3673 = DIRECTION('',(-0.336889270634,-0.941544273697));
#3674 = ( GEOMETRIC_REPRESENTATION_CONTEXT(2) 
PARAMETRIC_REPRESENTATION_CONTEXT() REPRESENTATION_CONTEXT('2D SPACE',''
  ) );
#3675 = ORIENTED_EDGE('',*,*,#3676,.F.);
#3676 = EDGE_CURVE('',#3677,#3654,#3679,.T.);
#3677 = VERTEX_POINT('',#3678);
#3678 = CARTESIAN_POINT('',(69.90552694,77.10550492,0.E+000));
#3679 = SURFACE_CURVE('',#3680,(#3684,#3691),.PCURVE_S1.);
#3680 = LINE('',#3681,#3682);
#3681 = CARTESIAN_POINT('',(69.90552694,77.10550492,0.E+000));
#3682 = VECTOR('',#3683,1.);
#3683 = DIRECTION('',(0.E+000,0.E+000,1.));
#3684 = PCURVE('',#3616,#3685);
#3685 = DEFINITIONAL_REPRESENTATION('',(#3686),#3690);
#3686 = LINE('',#3687,#3688);
#3687 = CARTESIAN_POINT('',(1.024913970546,0.E+000));
#3688 = VECTOR('',#3689,1.);
#3689 = DIRECTION('',(0.E+000,-1.));
#3690 = ( GEOMETRIC_REPRESENTATION_CONTEXT(2) 
PARAMETRIC_REPRESENTATION_CONTEXT() REPRESENTATION_CONTEXT('2D SPACE',''
  ) );
#3691 = PCURVE('',#3692,#3697);
#3692 = PLANE('',#3693);
#3693 = AXIS2_PLACEMENT_3D('',#3694,#3695,#3696);
#3694 = CARTESIAN_POINT('',(69.90552694,77.10550492,0.E+000));
#3695 = DIRECTION('',(0.903989237958,0.427555210068,-0.E+000));
#3696 = DIRECTION('',(0.427555210068,-0.903989237958,0.E+000));
#3697 = DEFINITIONAL_REPRESENTATION('',(#3698),#3702);
#3698 = LINE('',#3699,#3700);
#3699 = CARTESIAN_POINT('',(0.E+000,0.E+000));
#3700 = VECTOR('',#3701,1.);
#3701 = DIRECTION('',(0.E+000,-1.));
#3702 = ( GEOMETRIC_REPRESENTATION_CONTEXT(2) 
PARAMETRIC_REPRESENTATION_CONTEXT() REPRESENTATION_CONTEXT('2D SPACE',''
  ) );
#3703 = ORIENTED_EDGE('',*,*,#3704,.F.);
#3704 = EDGE_CURVE('',#3601,#3677,#3705,.T.);
#3705 = SURFACE_CURVE('',#3706,(#3710,#3717),.PCURVE_S1.);
#3706 = LINE('',#3707,#3708);
#3707 = CARTESIAN_POINT('',(69.56024442,78.0705068,0.E+000));
#3708 = VECTOR('',#3709,1.);
#3709 = DIRECTION('',(0.336889270634,-0.941544273697,0.E+000));
#3710 = PCURVE('',#3616,#3711);
#3711 = DEFINITIONAL_REPRESENTATION('',(#3712),#3716);
#3712 = LINE('',#3713,#3714);
#3713 = CARTESIAN_POINT('',(0.E+000,0.E+000));
#3714 = VECTOR('',#3715,1.);
#3715 = DIRECTION('',(1.,0.E+000));
#3716 = ( GEOMETRIC_REPRESENTATION_CONTEXT(2) 
PARAMETRIC_REPRESENTATION_CONTEXT() REPRESENTATION_CONTEXT('2D SPACE',''
  ) );
#3717 = PCURVE('',#217,#3718);
#3718 = DEFINITIONAL_REPRESENTATION('',(#3719),#3723);
#3719 = LINE('',#3720,#3721);
#3720 = CARTESIAN_POINT('',(6.64255974,9.81533978));
#3721 = VECTOR('',#3722,1.);
#3722 = DIRECTION('',(-0.336889270634,-0.941544273697));
#3723 = ( GEOMETRIC_REPRESENTATION_CONTEXT(2) 
PARAMETRIC_REPRESENTATION_CONTEXT() REPRESENTATION_CONTEXT('2D SPACE',''
  ) );
#3724 = ADVANCED_FACE('',(#3725),#3692,.F.);
#3725 = FACE_BOUND('',#3726,.F.);
#3726 = EDGE_LOOP('',(#3727,#3728,#3751,#3779));
#3727 = ORIENTED_EDGE('',*,*,#3676,.T.);
#3728 = ORIENTED_EDGE('',*,*,#3729,.T.);
#3729 = EDGE_CURVE('',#3654,#3730,#3732,.T.);
#3730 = VERTEX_POINT('',#3731);
#3731 = CARTESIAN_POINT('',(70.34373282,76.17899674,0.7984236));
#3732 = SURFACE_CURVE('',#3733,(#3737,#3744),.PCURVE_S1.);
#3733 = LINE('',#3734,#3735);
#3734 = CARTESIAN_POINT('',(69.90552694,77.10550492,0.7984236));
#3735 = VECTOR('',#3736,1.);
#3736 = DIRECTION('',(0.427555210068,-0.903989237958,0.E+000));
#3737 = PCURVE('',#3692,#3738);
#3738 = DEFINITIONAL_REPRESENTATION('',(#3739),#3743);
#3739 = LINE('',#3740,#3741);
#3740 = CARTESIAN_POINT('',(0.E+000,-0.7984236));
#3741 = VECTOR('',#3742,1.);
#3742 = DIRECTION('',(1.,0.E+000));
#3743 = ( GEOMETRIC_REPRESENTATION_CONTEXT(2) 
PARAMETRIC_REPRESENTATION_CONTEXT() REPRESENTATION_CONTEXT('2D SPACE',''
  ) );
#3744 = PCURVE('',#163,#3745);
#3745 = DEFINITIONAL_REPRESENTATION('',(#3746),#3750);
#3746 = LINE('',#3747,#3748);
#3747 = CARTESIAN_POINT('',(6.29727722,8.8503379));
#3748 = VECTOR('',#3749,1.);
#3749 = DIRECTION('',(-0.427555210068,-0.903989237958));
#3750 = ( GEOMETRIC_REPRESENTATION_CONTEXT(2) 
PARAMETRIC_REPRESENTATION_CONTEXT() REPRESENTATION_CONTEXT('2D SPACE',''
  ) );
#3751 = ORIENTED_EDGE('',*,*,#3752,.F.);
#3752 = EDGE_CURVE('',#3753,#3730,#3755,.T.);
#3753 = VERTEX_POINT('',#3754);
#3754 = CARTESIAN_POINT('',(70.34373282,76.17899674,0.E+000));
#3755 = SURFACE_CURVE('',#3756,(#3760,#3767),.PCURVE_S1.);
#3756 = LINE('',#3757,#3758);
#3757 = CARTESIAN_POINT('',(70.34373282,76.17899674,0.E+000));
#3758 = VECTOR('',#3759,1.);
#3759 = DIRECTION('',(0.E+000,0.E+000,1.));
#3760 = PCURVE('',#3692,#3761);
#3761 = DEFINITIONAL_REPRESENTATION('',(#3762),#3766);
#3762 = LINE('',#3763,#3764);
#3763 = CARTESIAN_POINT('',(1.024910630676,0.E+000));
#3764 = VECTOR('',#3765,1.);
#3765 = DIRECTION('',(0.E+000,-1.));
#3766 = ( GEOMETRIC_REPRESENTATION_CONTEXT(2) 
PARAMETRIC_REPRESENTATION_CONTEXT() REPRESENTATION_CONTEXT('2D SPACE',''
  ) );
#3767 = PCURVE('',#3768,#3773);
#3768 = PLANE('',#3769);
#3769 = AXIS2_PLACEMENT_3D('',#3770,#3771,#3772);
#3770 = CARTESIAN_POINT('',(70.34373282,76.17899674,0.E+000));
#3771 = DIRECTION('',(0.857728562052,0.51410282419,-0.E+000));
#3772 = DIRECTION('',(0.51410282419,-0.857728562052,0.E+000));
#3773 = DEFINITIONAL_REPRESENTATION('',(#3774),#3778);
#3774 = LINE('',#3775,#3776);
#3775 = CARTESIAN_POINT('',(0.E+000,0.E+000));
#3776 = VECTOR('',#3777,1.);
#3777 = DIRECTION('',(0.E+000,-1.));
#3778 = ( GEOMETRIC_REPRESENTATION_CONTEXT(2) 
PARAMETRIC_REPRESENTATION_CONTEXT() REPRESENTATION_CONTEXT('2D SPACE',''
  ) );
#3779 = ORIENTED_EDGE('',*,*,#3780,.F.);
#3780 = EDGE_CURVE('',#3677,#3753,#3781,.T.);
#3781 = SURFACE_CURVE('',#3782,(#3786,#3793),.PCURVE_S1.);
#3782 = LINE('',#3783,#3784);
#3783 = CARTESIAN_POINT('',(69.90552694,77.10550492,0.E+000));
#3784 = VECTOR('',#3785,1.);
#3785 = DIRECTION('',(0.427555210068,-0.903989237958,0.E+000));
#3786 = PCURVE('',#3692,#3787);
#3787 = DEFINITIONAL_REPRESENTATION('',(#3788),#3792);
#3788 = LINE('',#3789,#3790);
#3789 = CARTESIAN_POINT('',(0.E+000,0.E+000));
#3790 = VECTOR('',#3791,1.);
#3791 = DIRECTION('',(1.,0.E+000));
#3792 = ( GEOMETRIC_REPRESENTATION_CONTEXT(2) 
PARAMETRIC_REPRESENTATION_CONTEXT() REPRESENTATION_CONTEXT('2D SPACE',''
  ) );
#3793 = PCURVE('',#217,#3794);
#3794 = DEFINITIONAL_REPRESENTATION('',(#3795),#3799);
#3795 = LINE('',#3796,#3797);
#3796 = CARTESIAN_POINT('',(6.29727722,8.8503379));
#3797 = VECTOR('',#3798,1.);
#3798 = DIRECTION('',(-0.427555210068,-0.903989237958));
#3799 = ( GEOMETRIC_REPRESENTATION_CONTEXT(2) 
PARAMETRIC_REPRESENTATION_CONTEXT() REPRESENTATION_CONTEXT('2D SPACE',''
  ) );
#3800 = ADVANCED_FACE('',(#3801),#3768,.F.);
#3801 = FACE_BOUND('',#3802,.F.);
#3802 = EDGE_LOOP('',(#3803,#3804,#3827,#3855));
#3803 = ORIENTED_EDGE('',*,*,#3752,.T.);
#3804 = ORIENTED_EDGE('',*,*,#3805,.T.);
#3805 = EDGE_CURVE('',#3730,#3806,#3808,.T.);
#3806 = VERTEX_POINT('',#3807);
#3807 = CARTESIAN_POINT('',(70.87064312,75.2999002,0.7984236));
#3808 = SURFACE_CURVE('',#3809,(#3813,#3820),.PCURVE_S1.);
#3809 = LINE('',#3810,#3811);
#3810 = CARTESIAN_POINT('',(70.34373282,76.17899674,0.7984236));
#3811 = VECTOR('',#3812,1.);
#3812 = DIRECTION('',(0.51410282419,-0.857728562052,0.E+000));
#3813 = PCURVE('',#3768,#3814);
#3814 = DEFINITIONAL_REPRESENTATION('',(#3815),#3819);
#3815 = LINE('',#3816,#3817);
#3816 = CARTESIAN_POINT('',(0.E+000,-0.7984236));
#3817 = VECTOR('',#3818,1.);
#3818 = DIRECTION('',(1.,0.E+000));
#3819 = ( GEOMETRIC_REPRESENTATION_CONTEXT(2) 
PARAMETRIC_REPRESENTATION_CONTEXT() REPRESENTATION_CONTEXT('2D SPACE',''
  ) );
#3820 = PCURVE('',#163,#3821);
#3821 = DEFINITIONAL_REPRESENTATION('',(#3822),#3826);
#3822 = LINE('',#3823,#3824);
#3823 = CARTESIAN_POINT('',(5.85907134,7.92382972));
#3824 = VECTOR('',#3825,1.);
#3825 = DIRECTION('',(-0.51410282419,-0.857728562052));
#3826 = ( GEOMETRIC_REPRESENTATION_CONTEXT(2) 
PARAMETRIC_REPRESENTATION_CONTEXT() REPRESENTATION_CONTEXT('2D SPACE',''
  ) );
#3827 = ORIENTED_EDGE('',*,*,#3828,.F.);
#3828 = EDGE_CURVE('',#3829,#3806,#3831,.T.);
#3829 = VERTEX_POINT('',#3830);
#3830 = CARTESIAN_POINT('',(70.87064312,75.2999002,0.E+000));
#3831 = SURFACE_CURVE('',#3832,(#3836,#3843),.PCURVE_S1.);
#3832 = LINE('',#3833,#3834);
#3833 = CARTESIAN_POINT('',(70.87064312,75.2999002,0.E+000));
#3834 = VECTOR('',#3835,1.);
#3835 = DIRECTION('',(0.E+000,0.E+000,1.));
#3836 = PCURVE('',#3768,#3837);
#3837 = DEFINITIONAL_REPRESENTATION('',(#3838),#3842);
#3838 = LINE('',#3839,#3840);
#3839 = CARTESIAN_POINT('',(1.024912284484,0.E+000));
#3840 = VECTOR('',#3841,1.);
#3841 = DIRECTION('',(0.E+000,-1.));
#3842 = ( GEOMETRIC_REPRESENTATION_CONTEXT(2) 
PARAMETRIC_REPRESENTATION_CONTEXT() REPRESENTATION_CONTEXT('2D SPACE',''
  ) );
#3843 = PCURVE('',#3844,#3849);
#3844 = PLANE('',#3845);
#3845 = AXIS2_PLACEMENT_3D('',#3846,#3847,#3848);
#3846 = CARTESIAN_POINT('',(70.87064312,75.2999002,0.E+000));
#3847 = DIRECTION('',(0.798654806742,0.601789414719,-0.E+000));
#3848 = DIRECTION('',(0.601789414719,-0.798654806742,0.E+000));
#3849 = DEFINITIONAL_REPRESENTATION('',(#3850),#3854);
#3850 = LINE('',#3851,#3852);
#3851 = CARTESIAN_POINT('',(0.E+000,0.E+000));
#3852 = VECTOR('',#3853,1.);
#3853 = DIRECTION('',(0.E+000,-1.));
#3854 = ( GEOMETRIC_REPRESENTATION_CONTEXT(2) 
PARAMETRIC_REPRESENTATION_CONTEXT() REPRESENTATION_CONTEXT('2D SPACE',''
  ) );
#3855 = ORIENTED_EDGE('',*,*,#3856,.F.);
#3856 = EDGE_CURVE('',#3753,#3829,#3857,.T.);
#3857 = SURFACE_CURVE('',#3858,(#3862,#3869),.PCURVE_S1.);
#3858 = LINE('',#3859,#3860);
#3859 = CARTESIAN_POINT('',(70.34373282,76.17899674,0.E+000));
#3860 = VECTOR('',#3861,1.);
#3861 = DIRECTION('',(0.51410282419,-0.857728562052,0.E+000));
#3862 = PCURVE('',#3768,#3863);
#3863 = DEFINITIONAL_REPRESENTATION('',(#3864),#3868);
#3864 = LINE('',#3865,#3866);
#3865 = CARTESIAN_POINT('',(0.E+000,0.E+000));
#3866 = VECTOR('',#3867,1.);
#3867 = DIRECTION('',(1.,0.E+000));
#3868 = ( GEOMETRIC_REPRESENTATION_CONTEXT(2) 
PARAMETRIC_REPRESENTATION_CONTEXT() REPRESENTATION_CONTEXT('2D SPACE',''
  ) );
#3869 = PCURVE('',#217,#3870);
#3870 = DEFINITIONAL_REPRESENTATION('',(#3871),#3875);
#3871 = LINE('',#3872,#3873);
#3872 = CARTESIAN_POINT('',(5.85907134,7.92382972));
#3873 = VECTOR('',#3874,1.);
#3874 = DIRECTION('',(-0.51410282419,-0.857728562052));
#3875 = ( GEOMETRIC_REPRESENTATION_CONTEXT(2) 
PARAMETRIC_REPRESENTATION_CONTEXT() REPRESENTATION_CONTEXT('2D SPACE',''
  ) );
#3876 = ADVANCED_FACE('',(#3877),#3844,.F.);
#3877 = FACE_BOUND('',#3878,.F.);
#3878 = EDGE_LOOP('',(#3879,#3880,#3903,#3931));
#3879 = ORIENTED_EDGE('',*,*,#3828,.T.);
#3880 = ORIENTED_EDGE('',*,*,#3881,.T.);
#3881 = EDGE_CURVE('',#3806,#3882,#3884,.T.);
#3882 = VERTEX_POINT('',#3883);
#3883 = CARTESIAN_POINT('',(71.42070552,74.56989404,0.7984236));
#3884 = SURFACE_CURVE('',#3885,(#3889,#3896),.PCURVE_S1.);
#3885 = LINE('',#3886,#3887);
#3886 = CARTESIAN_POINT('',(70.87064312,75.2999002,0.7984236));
#3887 = VECTOR('',#3888,1.);
#3888 = DIRECTION('',(0.601789414719,-0.798654806742,0.E+000));
#3889 = PCURVE('',#3844,#3890);
#3890 = DEFINITIONAL_REPRESENTATION('',(#3891),#3895);
#3891 = LINE('',#3892,#3893);
#3892 = CARTESIAN_POINT('',(0.E+000,-0.7984236));
#3893 = VECTOR('',#3894,1.);
#3894 = DIRECTION('',(1.,0.E+000));
#3895 = ( GEOMETRIC_REPRESENTATION_CONTEXT(2) 
PARAMETRIC_REPRESENTATION_CONTEXT() REPRESENTATION_CONTEXT('2D SPACE',''
  ) );
#3896 = PCURVE('',#163,#3897);
#3897 = DEFINITIONAL_REPRESENTATION('',(#3898),#3902);
#3898 = LINE('',#3899,#3900);
#3899 = CARTESIAN_POINT('',(5.33216104,7.04473318));
#3900 = VECTOR('',#3901,1.);
#3901 = DIRECTION('',(-0.601789414719,-0.798654806742));
#3902 = ( GEOMETRIC_REPRESENTATION_CONTEXT(2) 
PARAMETRIC_REPRESENTATION_CONTEXT() REPRESENTATION_CONTEXT('2D SPACE',''
  ) );
#3903 = ORIENTED_EDGE('',*,*,#3904,.F.);
#3904 = EDGE_CURVE('',#3905,#3882,#3907,.T.);
#3905 = VERTEX_POINT('',#3906);
#3906 = CARTESIAN_POINT('',(71.42070552,74.56989404,0.E+000));
#3907 = SURFACE_CURVE('',#3908,(#3912,#3919),.PCURVE_S1.);
#3908 = LINE('',#3909,#3910);
#3909 = CARTESIAN_POINT('',(71.42070552,74.56989404,0.E+000));
#3910 = VECTOR('',#3911,1.);
#3911 = DIRECTION('',(0.E+000,0.E+000,1.));
#3912 = PCURVE('',#3844,#3913);
#3913 = DEFINITIONAL_REPRESENTATION('',(#3914),#3918);
#3914 = LINE('',#3915,#3916);
#3915 = CARTESIAN_POINT('',(0.91404465839,0.E+000));
#3916 = VECTOR('',#3917,1.);
#3917 = DIRECTION('',(0.E+000,-1.));
#3918 = ( GEOMETRIC_REPRESENTATION_CONTEXT(2) 
PARAMETRIC_REPRESENTATION_CONTEXT() REPRESENTATION_CONTEXT('2D SPACE',''
  ) );
#3919 = PCURVE('',#3920,#3925);
#3920 = PLANE('',#3921);
#3921 = AXIS2_PLACEMENT_3D('',#3922,#3923,#3924);
#3922 = CARTESIAN_POINT('',(71.42070552,74.56989404,0.E+000));
#3923 = DIRECTION('',(0.800829809744,0.598891990116,-0.E+000));
#3924 = DIRECTION('',(0.598891990116,-0.800829809744,0.E+000));
#3925 = DEFINITIONAL_REPRESENTATION('',(#3926),#3930);
#3926 = LINE('',#3927,#3928);
#3927 = CARTESIAN_POINT('',(0.E+000,0.E+000));
#3928 = VECTOR('',#3929,1.);
#3929 = DIRECTION('',(0.E+000,-1.));
#3930 = ( GEOMETRIC_REPRESENTATION_CONTEXT(2) 
PARAMETRIC_REPRESENTATION_CONTEXT() REPRESENTATION_CONTEXT('2D SPACE',''
  ) );
#3931 = ORIENTED_EDGE('',*,*,#3932,.F.);
#3932 = EDGE_CURVE('',#3829,#3905,#3933,.T.);
#3933 = SURFACE_CURVE('',#3934,(#3938,#3945),.PCURVE_S1.);
#3934 = LINE('',#3935,#3936);
#3935 = CARTESIAN_POINT('',(70.87064312,75.2999002,0.E+000));
#3936 = VECTOR('',#3937,1.);
#3937 = DIRECTION('',(0.601789414719,-0.798654806742,0.E+000));
#3938 = PCURVE('',#3844,#3939);
#3939 = DEFINITIONAL_REPRESENTATION('',(#3940),#3944);
#3940 = LINE('',#3941,#3942);
#3941 = CARTESIAN_POINT('',(0.E+000,0.E+000));
#3942 = VECTOR('',#3943,1.);
#3943 = DIRECTION('',(1.,0.E+000));
#3944 = ( GEOMETRIC_REPRESENTATION_CONTEXT(2) 
PARAMETRIC_REPRESENTATION_CONTEXT() REPRESENTATION_CONTEXT('2D SPACE',''
  ) );
#3945 = PCURVE('',#217,#3946);
#3946 = DEFINITIONAL_REPRESENTATION('',(#3947),#3951);
#3947 = LINE('',#3948,#3949);
#3948 = CARTESIAN_POINT('',(5.33216104,7.04473318));
#3949 = VECTOR('',#3950,1.);
#3950 = DIRECTION('',(-0.601789414719,-0.798654806742));
#3951 = ( GEOMETRIC_REPRESENTATION_CONTEXT(2) 
PARAMETRIC_REPRESENTATION_CONTEXT() REPRESENTATION_CONTEXT('2D SPACE',''
  ) );
#3952 = ADVANCED_FACE('',(#3953),#3920,.F.);
#3953 = FACE_BOUND('',#3954,.F.);
#3954 = EDGE_LOOP('',(#3955,#3956,#3979,#4002));
#3955 = ORIENTED_EDGE('',*,*,#3904,.T.);
#3956 = ORIENTED_EDGE('',*,*,#3957,.T.);
#3957 = EDGE_CURVE('',#3882,#3958,#3960,.T.);
#3958 = VERTEX_POINT('',#3959);
#3959 = CARTESIAN_POINT('',(73.50991394,71.7762344,0.7984236));
#3960 = SURFACE_CURVE('',#3961,(#3965,#3972),.PCURVE_S1.);
#3961 = LINE('',#3962,#3963);
#3962 = CARTESIAN_POINT('',(71.42070552,74.56989404,0.7984236));
#3963 = VECTOR('',#3964,1.);
#3964 = DIRECTION('',(0.598891990116,-0.800829809744,0.E+000));
#3965 = PCURVE('',#3920,#3966);
#3966 = DEFINITIONAL_REPRESENTATION('',(#3967),#3971);
#3967 = LINE('',#3968,#3969);
#3968 = CARTESIAN_POINT('',(0.E+000,-0.7984236));
#3969 = VECTOR('',#3970,1.);
#3970 = DIRECTION('',(1.,0.E+000));
#3971 = ( GEOMETRIC_REPRESENTATION_CONTEXT(2) 
PARAMETRIC_REPRESENTATION_CONTEXT() REPRESENTATION_CONTEXT('2D SPACE',''
  ) );
#3972 = PCURVE('',#163,#3973);
#3973 = DEFINITIONAL_REPRESENTATION('',(#3974),#3978);
#3974 = LINE('',#3975,#3976);
#3975 = CARTESIAN_POINT('',(4.78209864,6.31472702));
#3976 = VECTOR('',#3977,1.);
#3977 = DIRECTION('',(-0.598891990116,-0.800829809744));
#3978 = ( GEOMETRIC_REPRESENTATION_CONTEXT(2) 
PARAMETRIC_REPRESENTATION_CONTEXT() REPRESENTATION_CONTEXT('2D SPACE',''
  ) );
#3979 = ORIENTED_EDGE('',*,*,#3980,.F.);
#3980 = EDGE_CURVE('',#3981,#3958,#3983,.T.);
#3981 = VERTEX_POINT('',#3982);
#3982 = CARTESIAN_POINT('',(73.50991394,71.7762344,0.E+000));
#3983 = SURFACE_CURVE('',#3984,(#3988,#3995),.PCURVE_S1.);
#3984 = LINE('',#3985,#3986);
#3985 = CARTESIAN_POINT('',(73.50991394,71.7762344,0.E+000));
#3986 = VECTOR('',#3987,1.);
#3987 = DIRECTION('',(0.E+000,0.E+000,1.));
#3988 = PCURVE('',#3920,#3989);
#3989 = DEFINITIONAL_REPRESENTATION('',(#3990),#3994);
#3990 = LINE('',#3991,#3992);
#3991 = CARTESIAN_POINT('',(3.488456106412,0.E+000));
#3992 = VECTOR('',#3993,1.);
#3993 = DIRECTION('',(0.E+000,-1.));
#3994 = ( GEOMETRIC_REPRESENTATION_CONTEXT(2) 
PARAMETRIC_REPRESENTATION_CONTEXT() REPRESENTATION_CONTEXT('2D SPACE',''
  ) );
#3995 = PCURVE('',#135,#3996);
#3996 = DEFINITIONAL_REPRESENTATION('',(#3997),#4001);
#3997 = LINE('',#3998,#3999);
#3998 = CARTESIAN_POINT('',(0.E+000,0.E+000));
#3999 = VECTOR('',#4000,1.);
#4000 = DIRECTION('',(0.E+000,-1.));
#4001 = ( GEOMETRIC_REPRESENTATION_CONTEXT(2) 
PARAMETRIC_REPRESENTATION_CONTEXT() REPRESENTATION_CONTEXT('2D SPACE',''
  ) );
#4002 = ORIENTED_EDGE('',*,*,#4003,.F.);
#4003 = EDGE_CURVE('',#3905,#3981,#4004,.T.);
#4004 = SURFACE_CURVE('',#4005,(#4009,#4016),.PCURVE_S1.);
#4005 = LINE('',#4006,#4007);
#4006 = CARTESIAN_POINT('',(71.42070552,74.56989404,0.E+000));
#4007 = VECTOR('',#4008,1.);
#4008 = DIRECTION('',(0.598891990116,-0.800829809744,0.E+000));
#4009 = PCURVE('',#3920,#4010);
#4010 = DEFINITIONAL_REPRESENTATION('',(#4011),#4015);
#4011 = LINE('',#4012,#4013);
#4012 = CARTESIAN_POINT('',(0.E+000,0.E+000));
#4013 = VECTOR('',#4014,1.);
#4014 = DIRECTION('',(1.,0.E+000));
#4015 = ( GEOMETRIC_REPRESENTATION_CONTEXT(2) 
PARAMETRIC_REPRESENTATION_CONTEXT() REPRESENTATION_CONTEXT('2D SPACE',''
  ) );
#4016 = PCURVE('',#217,#4017);
#4017 = DEFINITIONAL_REPRESENTATION('',(#4018),#4022);
#4018 = LINE('',#4019,#4020);
#4019 = CARTESIAN_POINT('',(4.78209864,6.31472702));
#4020 = VECTOR('',#4021,1.);
#4021 = DIRECTION('',(-0.598891990116,-0.800829809744));
#4022 = ( GEOMETRIC_REPRESENTATION_CONTEXT(2) 
PARAMETRIC_REPRESENTATION_CONTEXT() REPRESENTATION_CONTEXT('2D SPACE',''
  ) );
#4023 = ADVANCED_FACE('',(#4024),#135,.F.);
#4024 = FACE_BOUND('',#4025,.F.);
#4025 = EDGE_LOOP('',(#4026,#4027,#4048,#4049));
#4026 = ORIENTED_EDGE('',*,*,#3980,.T.);
#4027 = ORIENTED_EDGE('',*,*,#4028,.T.);
#4028 = EDGE_CURVE('',#3958,#115,#4029,.T.);
#4029 = SURFACE_CURVE('',#4030,(#4034,#4041),.PCURVE_S1.);
#4030 = LINE('',#4031,#4032);
#4031 = CARTESIAN_POINT('',(73.50991394,71.7762344,0.7984236));
#4032 = VECTOR('',#4033,1.);
#4033 = DIRECTION('',(0.607494132812,-0.794324164683,0.E+000));
#4034 = PCURVE('',#135,#4035);
#4035 = DEFINITIONAL_REPRESENTATION('',(#4036),#4040);
#4036 = LINE('',#4037,#4038);
#4037 = CARTESIAN_POINT('',(0.E+000,-0.7984236));
#4038 = VECTOR('',#4039,1.);
#4039 = DIRECTION('',(1.,0.E+000));
#4040 = ( GEOMETRIC_REPRESENTATION_CONTEXT(2) 
PARAMETRIC_REPRESENTATION_CONTEXT() REPRESENTATION_CONTEXT('2D SPACE',''
  ) );
#4041 = PCURVE('',#163,#4042);
#4042 = DEFINITIONAL_REPRESENTATION('',(#4043),#4047);
#4043 = LINE('',#4044,#4045);
#4044 = CARTESIAN_POINT('',(2.69289022,3.52106738));
#4045 = VECTOR('',#4046,1.);
#4046 = DIRECTION('',(-0.607494132812,-0.794324164683));
#4047 = ( GEOMETRIC_REPRESENTATION_CONTEXT(2) 
PARAMETRIC_REPRESENTATION_CONTEXT() REPRESENTATION_CONTEXT('2D SPACE',''
  ) );
#4048 = ORIENTED_EDGE('',*,*,#112,.F.);
#4049 = ORIENTED_EDGE('',*,*,#4050,.F.);
#4050 = EDGE_CURVE('',#3981,#113,#4051,.T.);
#4051 = SURFACE_CURVE('',#4052,(#4056,#4063),.PCURVE_S1.);
#4052 = LINE('',#4053,#4054);
#4053 = CARTESIAN_POINT('',(73.50991394,71.7762344,0.E+000));
#4054 = VECTOR('',#4055,1.);
#4055 = DIRECTION('',(0.607494132812,-0.794324164683,0.E+000));
#4056 = PCURVE('',#135,#4057);
#4057 = DEFINITIONAL_REPRESENTATION('',(#4058),#4062);
#4058 = LINE('',#4059,#4060);
#4059 = CARTESIAN_POINT('',(0.E+000,0.E+000));
#4060 = VECTOR('',#4061,1.);
#4061 = DIRECTION('',(1.,0.E+000));
#4062 = ( GEOMETRIC_REPRESENTATION_CONTEXT(2) 
PARAMETRIC_REPRESENTATION_CONTEXT() REPRESENTATION_CONTEXT('2D SPACE',''
  ) );
#4063 = PCURVE('',#217,#4064);
#4064 = DEFINITIONAL_REPRESENTATION('',(#4065),#4069);
#4065 = LINE('',#4066,#4067);
#4066 = CARTESIAN_POINT('',(2.69289022,3.52106738));
#4067 = VECTOR('',#4068,1.);
#4068 = DIRECTION('',(-0.607494132812,-0.794324164683));
#4069 = ( GEOMETRIC_REPRESENTATION_CONTEXT(2) 
PARAMETRIC_REPRESENTATION_CONTEXT() REPRESENTATION_CONTEXT('2D SPACE',''
  ) );
#4070 = ADVANCED_FACE('',(#4071),#4085,.T.);
#4071 = FACE_BOUND('',#4072,.T.);
#4072 = EDGE_LOOP('',(#4073,#4108,#4131,#4159));
#4073 = ORIENTED_EDGE('',*,*,#4074,.T.);
#4074 = EDGE_CURVE('',#4075,#4077,#4079,.T.);
#4075 = VERTEX_POINT('',#4076);
#4076 = CARTESIAN_POINT('',(75.30689282,70.5248272,0.E+000));
#4077 = VERTEX_POINT('',#4078);
#4078 = CARTESIAN_POINT('',(75.30689282,70.5248272,0.7984236));
#4079 = SURFACE_CURVE('',#4080,(#4084,#4096),.PCURVE_S1.);
#4080 = LINE('',#4081,#4082);
#4081 = CARTESIAN_POINT('',(75.30689282,70.5248272,0.E+000));
#4082 = VECTOR('',#4083,1.);
#4083 = DIRECTION('',(0.E+000,0.E+000,1.));
#4084 = PCURVE('',#4085,#4090);
#4085 = PLANE('',#4086);
#4086 = AXIS2_PLACEMENT_3D('',#4087,#4088,#4089);
#4087 = CARTESIAN_POINT('',(75.30689282,70.5248272,0.E+000));
#4088 = DIRECTION('',(-1.,0.E+000,0.E+000));
#4089 = DIRECTION('',(0.E+000,1.,0.E+000));
#4090 = DEFINITIONAL_REPRESENTATION('',(#4091),#4095);
#4091 = LINE('',#4092,#4093);
#4092 = CARTESIAN_POINT('',(0.E+000,0.E+000));
#4093 = VECTOR('',#4094,1.);
#4094 = DIRECTION('',(0.E+000,-1.));
#4095 = ( GEOMETRIC_REPRESENTATION_CONTEXT(2) 
PARAMETRIC_REPRESENTATION_CONTEXT() REPRESENTATION_CONTEXT('2D SPACE',''
  ) );
#4096 = PCURVE('',#4097,#4102);
#4097 = CYLINDRICAL_SURFACE('',#4098,0.2499995);
#4098 = AXIS2_PLACEMENT_3D('',#4099,#4100,#4101);
#4099 = CARTESIAN_POINT('',(75.05689332,70.5248272,0.E+000));
#4100 = DIRECTION('',(-0.E+000,-0.E+000,-1.));
#4101 = DIRECTION('',(-1.,0.E+000,-0.E+000));
#4102 = DEFINITIONAL_REPRESENTATION('',(#4103),#4107);
#4103 = LINE('',#4104,#4105);
#4104 = CARTESIAN_POINT('',(-3.14159265359,0.E+000));
#4105 = VECTOR('',#4106,1.);
#4106 = DIRECTION('',(-0.E+000,-1.));
#4107 = ( GEOMETRIC_REPRESENTATION_CONTEXT(2) 
PARAMETRIC_REPRESENTATION_CONTEXT() REPRESENTATION_CONTEXT('2D SPACE',''
  ) );
#4108 = ORIENTED_EDGE('',*,*,#4109,.T.);
#4109 = EDGE_CURVE('',#4077,#4110,#4112,.T.);
#4110 = VERTEX_POINT('',#4111);
#4111 = CARTESIAN_POINT('',(75.30689282,71.3248256,0.7984236));
#4112 = SURFACE_CURVE('',#4113,(#4117,#4124),.PCURVE_S1.);
#4113 = LINE('',#4114,#4115);
#4114 = CARTESIAN_POINT('',(75.30689282,70.5248272,0.7984236));
#4115 = VECTOR('',#4116,1.);
#4116 = DIRECTION('',(0.E+000,1.,0.E+000));
#4117 = PCURVE('',#4085,#4118);
#4118 = DEFINITIONAL_REPRESENTATION('',(#4119),#4123);
#4119 = LINE('',#4120,#4121);
#4120 = CARTESIAN_POINT('',(0.E+000,-0.7984236));
#4121 = VECTOR('',#4122,1.);
#4122 = DIRECTION('',(1.,0.E+000));
#4123 = ( GEOMETRIC_REPRESENTATION_CONTEXT(2) 
PARAMETRIC_REPRESENTATION_CONTEXT() REPRESENTATION_CONTEXT('2D SPACE',''
  ) );
#4124 = PCURVE('',#163,#4125);
#4125 = DEFINITIONAL_REPRESENTATION('',(#4126),#4130);
#4126 = LINE('',#4127,#4128);
#4127 = CARTESIAN_POINT('',(0.89591134,2.26966018));
#4128 = VECTOR('',#4129,1.);
#4129 = DIRECTION('',(0.E+000,1.));
#4130 = ( GEOMETRIC_REPRESENTATION_CONTEXT(2) 
PARAMETRIC_REPRESENTATION_CONTEXT() REPRESENTATION_CONTEXT('2D SPACE',''
  ) );
#4131 = ORIENTED_EDGE('',*,*,#4132,.F.);
#4132 = EDGE_CURVE('',#4133,#4110,#4135,.T.);
#4133 = VERTEX_POINT('',#4134);
#4134 = CARTESIAN_POINT('',(75.30689282,71.3248256,0.E+000));
#4135 = SURFACE_CURVE('',#4136,(#4140,#4147),.PCURVE_S1.);
#4136 = LINE('',#4137,#4138);
#4137 = CARTESIAN_POINT('',(75.30689282,71.3248256,0.E+000));
#4138 = VECTOR('',#4139,1.);
#4139 = DIRECTION('',(0.E+000,0.E+000,1.));
#4140 = PCURVE('',#4085,#4141);
#4141 = DEFINITIONAL_REPRESENTATION('',(#4142),#4146);
#4142 = LINE('',#4143,#4144);
#4143 = CARTESIAN_POINT('',(0.7999984,0.E+000));
#4144 = VECTOR('',#4145,1.);
#4145 = DIRECTION('',(0.E+000,-1.));
#4146 = ( GEOMETRIC_REPRESENTATION_CONTEXT(2) 
PARAMETRIC_REPRESENTATION_CONTEXT() REPRESENTATION_CONTEXT('2D SPACE',''
  ) );
#4147 = PCURVE('',#4148,#4153);
#4148 = CYLINDRICAL_SURFACE('',#4149,0.2499995);
#4149 = AXIS2_PLACEMENT_3D('',#4150,#4151,#4152);
#4150 = CARTESIAN_POINT('',(75.05689332,71.3248256,0.E+000));
#4151 = DIRECTION('',(-0.E+000,-0.E+000,-1.));
#4152 = DIRECTION('',(1.,0.E+000,-0.E+000));
#4153 = DEFINITIONAL_REPRESENTATION('',(#4154),#4158);
#4154 = LINE('',#4155,#4156);
#4155 = CARTESIAN_POINT('',(-0.E+000,0.E+000));
#4156 = VECTOR('',#4157,1.);
#4157 = DIRECTION('',(-0.E+000,-1.));
#4158 = ( GEOMETRIC_REPRESENTATION_CONTEXT(2) 
PARAMETRIC_REPRESENTATION_CONTEXT() REPRESENTATION_CONTEXT('2D SPACE',''
  ) );
#4159 = ORIENTED_EDGE('',*,*,#4160,.F.);
#4160 = EDGE_CURVE('',#4075,#4133,#4161,.T.);
#4161 = SURFACE_CURVE('',#4162,(#4166,#4173),.PCURVE_S1.);
#4162 = LINE('',#4163,#4164);
#4163 = CARTESIAN_POINT('',(75.30689282,70.5248272,0.E+000));
#4164 = VECTOR('',#4165,1.);
#4165 = DIRECTION('',(0.E+000,1.,0.E+000));
#4166 = PCURVE('',#4085,#4167);
#4167 = DEFINITIONAL_REPRESENTATION('',(#4168),#4172);
#4168 = LINE('',#4169,#4170);
#4169 = CARTESIAN_POINT('',(0.E+000,0.E+000));
#4170 = VECTOR('',#4171,1.);
#4171 = DIRECTION('',(1.,0.E+000));
#4172 = ( GEOMETRIC_REPRESENTATION_CONTEXT(2) 
PARAMETRIC_REPRESENTATION_CONTEXT() REPRESENTATION_CONTEXT('2D SPACE',''
  ) );
#4173 = PCURVE('',#217,#4174);
#4174 = DEFINITIONAL_REPRESENTATION('',(#4175),#4179);
#4175 = LINE('',#4176,#4177);
#4176 = CARTESIAN_POINT('',(0.89591134,2.26966018));
#4177 = VECTOR('',#4178,1.);
#4178 = DIRECTION('',(0.E+000,1.));
#4179 = ( GEOMETRIC_REPRESENTATION_CONTEXT(2) 
PARAMETRIC_REPRESENTATION_CONTEXT() REPRESENTATION_CONTEXT('2D SPACE',''
  ) );
#4180 = ADVANCED_FACE('',(#4181),#4148,.F.);
#4181 = FACE_BOUND('',#4182,.T.);
#4182 = EDGE_LOOP('',(#4183,#4184,#4212,#4240));
#4183 = ORIENTED_EDGE('',*,*,#4132,.T.);
#4184 = ORIENTED_EDGE('',*,*,#4185,.T.);
#4185 = EDGE_CURVE('',#4110,#4186,#4188,.T.);
#4186 = VERTEX_POINT('',#4187);
#4187 = CARTESIAN_POINT('',(74.80689382,71.3248256,0.7984236));
#4188 = SURFACE_CURVE('',#4189,(#4194,#4201),.PCURVE_S1.);
#4189 = CIRCLE('',#4190,0.2499995);
#4190 = AXIS2_PLACEMENT_3D('',#4191,#4192,#4193);
#4191 = CARTESIAN_POINT('',(75.05689332,71.3248256,0.7984236));
#4192 = DIRECTION('',(0.E+000,0.E+000,1.));
#4193 = DIRECTION('',(1.,0.E+000,-0.E+000));
#4194 = PCURVE('',#4148,#4195);
#4195 = DEFINITIONAL_REPRESENTATION('',(#4196),#4200);
#4196 = LINE('',#4197,#4198);
#4197 = CARTESIAN_POINT('',(-0.E+000,-0.7984236));
#4198 = VECTOR('',#4199,1.);
#4199 = DIRECTION('',(-1.,0.E+000));
#4200 = ( GEOMETRIC_REPRESENTATION_CONTEXT(2) 
PARAMETRIC_REPRESENTATION_CONTEXT() REPRESENTATION_CONTEXT('2D SPACE',''
  ) );
#4201 = PCURVE('',#163,#4202);
#4202 = DEFINITIONAL_REPRESENTATION('',(#4203),#4211);
#4203 = ( BOUNDED_CURVE() B_SPLINE_CURVE(2,(#4204,#4205,#4206,#4207,
#4208,#4209,#4210),.UNSPECIFIED.,.F.,.F.) B_SPLINE_CURVE_WITH_KNOTS((1,2
    ,2,2,2,1),(-2.094395102393,0.E+000,2.094395102393,4.188790204786,
6.28318530718,8.377580409573),.UNSPECIFIED.) CURVE() 
GEOMETRIC_REPRESENTATION_ITEM() RATIONAL_B_SPLINE_CURVE((1.,0.5,1.,0.5,
1.,0.5,1.)) REPRESENTATION_ITEM('') );
#4204 = CARTESIAN_POINT('',(0.89591134,3.06965858));
#4205 = CARTESIAN_POINT('',(0.89591134,3.502670415867));
#4206 = CARTESIAN_POINT('',(1.27091059,3.286164497933));
#4207 = CARTESIAN_POINT('',(1.64590984,3.06965858));
#4208 = CARTESIAN_POINT('',(1.27091059,2.853152662067));
#4209 = CARTESIAN_POINT('',(0.89591134,2.636646744133));
#4210 = CARTESIAN_POINT('',(0.89591134,3.06965858));
#4211 = ( GEOMETRIC_REPRESENTATION_CONTEXT(2) 
PARAMETRIC_REPRESENTATION_CONTEXT() REPRESENTATION_CONTEXT('2D SPACE',''
  ) );
#4212 = ORIENTED_EDGE('',*,*,#4213,.F.);
#4213 = EDGE_CURVE('',#4214,#4186,#4216,.T.);
#4214 = VERTEX_POINT('',#4215);
#4215 = CARTESIAN_POINT('',(74.80689382,71.3248256,0.E+000));
#4216 = SURFACE_CURVE('',#4217,(#4221,#4228),.PCURVE_S1.);
#4217 = LINE('',#4218,#4219);
#4218 = CARTESIAN_POINT('',(74.80689382,71.3248256,0.E+000));
#4219 = VECTOR('',#4220,1.);
#4220 = DIRECTION('',(0.E+000,0.E+000,1.));
#4221 = PCURVE('',#4148,#4222);
#4222 = DEFINITIONAL_REPRESENTATION('',(#4223),#4227);
#4223 = LINE('',#4224,#4225);
#4224 = CARTESIAN_POINT('',(-3.14159265359,0.E+000));
#4225 = VECTOR('',#4226,1.);
#4226 = DIRECTION('',(-0.E+000,-1.));
#4227 = ( GEOMETRIC_REPRESENTATION_CONTEXT(2) 
PARAMETRIC_REPRESENTATION_CONTEXT() REPRESENTATION_CONTEXT('2D SPACE',''
  ) );
#4228 = PCURVE('',#4229,#4234);
#4229 = PLANE('',#4230);
#4230 = AXIS2_PLACEMENT_3D('',#4231,#4232,#4233);
#4231 = CARTESIAN_POINT('',(74.80689382,71.3248256,0.E+000));
#4232 = DIRECTION('',(1.,0.E+000,-0.E+000));
#4233 = DIRECTION('',(0.E+000,-1.,0.E+000));
#4234 = DEFINITIONAL_REPRESENTATION('',(#4235),#4239);
#4235 = LINE('',#4236,#4237);
#4236 = CARTESIAN_POINT('',(0.E+000,0.E+000));
#4237 = VECTOR('',#4238,1.);
#4238 = DIRECTION('',(0.E+000,-1.));
#4239 = ( GEOMETRIC_REPRESENTATION_CONTEXT(2) 
PARAMETRIC_REPRESENTATION_CONTEXT() REPRESENTATION_CONTEXT('2D SPACE',''
  ) );
#4240 = ORIENTED_EDGE('',*,*,#4241,.F.);
#4241 = EDGE_CURVE('',#4133,#4214,#4242,.T.);
#4242 = SURFACE_CURVE('',#4243,(#4248,#4255),.PCURVE_S1.);
#4243 = CIRCLE('',#4244,0.2499995);
#4244 = AXIS2_PLACEMENT_3D('',#4245,#4246,#4247);
#4245 = CARTESIAN_POINT('',(75.05689332,71.3248256,0.E+000));
#4246 = DIRECTION('',(0.E+000,0.E+000,1.));
#4247 = DIRECTION('',(1.,0.E+000,-0.E+000));
#4248 = PCURVE('',#4148,#4249);
#4249 = DEFINITIONAL_REPRESENTATION('',(#4250),#4254);
#4250 = LINE('',#4251,#4252);
#4251 = CARTESIAN_POINT('',(-0.E+000,0.E+000));
#4252 = VECTOR('',#4253,1.);
#4253 = DIRECTION('',(-1.,0.E+000));
#4254 = ( GEOMETRIC_REPRESENTATION_CONTEXT(2) 
PARAMETRIC_REPRESENTATION_CONTEXT() REPRESENTATION_CONTEXT('2D SPACE',''
  ) );
#4255 = PCURVE('',#217,#4256);
#4256 = DEFINITIONAL_REPRESENTATION('',(#4257),#4265);
#4257 = ( BOUNDED_CURVE() B_SPLINE_CURVE(2,(#4258,#4259,#4260,#4261,
#4262,#4263,#4264),.UNSPECIFIED.,.F.,.F.) B_SPLINE_CURVE_WITH_KNOTS((1,2
    ,2,2,2,1),(-2.094395102393,0.E+000,2.094395102393,4.188790204786,
6.28318530718,8.377580409573),.UNSPECIFIED.) CURVE() 
GEOMETRIC_REPRESENTATION_ITEM() RATIONAL_B_SPLINE_CURVE((1.,0.5,1.,0.5,
1.,0.5,1.)) REPRESENTATION_ITEM('') );
#4258 = CARTESIAN_POINT('',(0.89591134,3.06965858));
#4259 = CARTESIAN_POINT('',(0.89591134,3.502670415867));
#4260 = CARTESIAN_POINT('',(1.27091059,3.286164497933));
#4261 = CARTESIAN_POINT('',(1.64590984,3.06965858));
#4262 = CARTESIAN_POINT('',(1.27091059,2.853152662067));
#4263 = CARTESIAN_POINT('',(0.89591134,2.636646744133));
#4264 = CARTESIAN_POINT('',(0.89591134,3.06965858));
#4265 = ( GEOMETRIC_REPRESENTATION_CONTEXT(2) 
PARAMETRIC_REPRESENTATION_CONTEXT() REPRESENTATION_CONTEXT('2D SPACE',''
  ) );
#4266 = ADVANCED_FACE('',(#4267),#4229,.T.);
#4267 = FACE_BOUND('',#4268,.T.);
#4268 = EDGE_LOOP('',(#4269,#4270,#4293,#4316));
#4269 = ORIENTED_EDGE('',*,*,#4213,.T.);
#4270 = ORIENTED_EDGE('',*,*,#4271,.T.);
#4271 = EDGE_CURVE('',#4186,#4272,#4274,.T.);
#4272 = VERTEX_POINT('',#4273);
#4273 = CARTESIAN_POINT('',(74.80689382,70.5248272,0.7984236));
#4274 = SURFACE_CURVE('',#4275,(#4279,#4286),.PCURVE_S1.);
#4275 = LINE('',#4276,#4277);
#4276 = CARTESIAN_POINT('',(74.80689382,71.3248256,0.7984236));
#4277 = VECTOR('',#4278,1.);
#4278 = DIRECTION('',(0.E+000,-1.,0.E+000));
#4279 = PCURVE('',#4229,#4280);
#4280 = DEFINITIONAL_REPRESENTATION('',(#4281),#4285);
#4281 = LINE('',#4282,#4283);
#4282 = CARTESIAN_POINT('',(0.E+000,-0.7984236));
#4283 = VECTOR('',#4284,1.);
#4284 = DIRECTION('',(1.,0.E+000));
#4285 = ( GEOMETRIC_REPRESENTATION_CONTEXT(2) 
PARAMETRIC_REPRESENTATION_CONTEXT() REPRESENTATION_CONTEXT('2D SPACE',''
  ) );
#4286 = PCURVE('',#163,#4287);
#4287 = DEFINITIONAL_REPRESENTATION('',(#4288),#4292);
#4288 = LINE('',#4289,#4290);
#4289 = CARTESIAN_POINT('',(1.39591034,3.06965858));
#4290 = VECTOR('',#4291,1.);
#4291 = DIRECTION('',(-0.E+000,-1.));
#4292 = ( GEOMETRIC_REPRESENTATION_CONTEXT(2) 
PARAMETRIC_REPRESENTATION_CONTEXT() REPRESENTATION_CONTEXT('2D SPACE',''
  ) );
#4293 = ORIENTED_EDGE('',*,*,#4294,.F.);
#4294 = EDGE_CURVE('',#4295,#4272,#4297,.T.);
#4295 = VERTEX_POINT('',#4296);
#4296 = CARTESIAN_POINT('',(74.80689382,70.5248272,0.E+000));
#4297 = SURFACE_CURVE('',#4298,(#4302,#4309),.PCURVE_S1.);
#4298 = LINE('',#4299,#4300);
#4299 = CARTESIAN_POINT('',(74.80689382,70.5248272,0.E+000));
#4300 = VECTOR('',#4301,1.);
#4301 = DIRECTION('',(0.E+000,0.E+000,1.));
#4302 = PCURVE('',#4229,#4303);
#4303 = DEFINITIONAL_REPRESENTATION('',(#4304),#4308);
#4304 = LINE('',#4305,#4306);
#4305 = CARTESIAN_POINT('',(0.7999984,0.E+000));
#4306 = VECTOR('',#4307,1.);
#4307 = DIRECTION('',(0.E+000,-1.));
#4308 = ( GEOMETRIC_REPRESENTATION_CONTEXT(2) 
PARAMETRIC_REPRESENTATION_CONTEXT() REPRESENTATION_CONTEXT('2D SPACE',''
  ) );
#4309 = PCURVE('',#4097,#4310);
#4310 = DEFINITIONAL_REPRESENTATION('',(#4311),#4315);
#4311 = LINE('',#4312,#4313);
#4312 = CARTESIAN_POINT('',(-0.E+000,0.E+000));
#4313 = VECTOR('',#4314,1.);
#4314 = DIRECTION('',(-0.E+000,-1.));
#4315 = ( GEOMETRIC_REPRESENTATION_CONTEXT(2) 
PARAMETRIC_REPRESENTATION_CONTEXT() REPRESENTATION_CONTEXT('2D SPACE',''
  ) );
#4316 = ORIENTED_EDGE('',*,*,#4317,.F.);
#4317 = EDGE_CURVE('',#4214,#4295,#4318,.T.);
#4318 = SURFACE_CURVE('',#4319,(#4323,#4330),.PCURVE_S1.);
#4319 = LINE('',#4320,#4321);
#4320 = CARTESIAN_POINT('',(74.80689382,71.3248256,0.E+000));
#4321 = VECTOR('',#4322,1.);
#4322 = DIRECTION('',(0.E+000,-1.,0.E+000));
#4323 = PCURVE('',#4229,#4324);
#4324 = DEFINITIONAL_REPRESENTATION('',(#4325),#4329);
#4325 = LINE('',#4326,#4327);
#4326 = CARTESIAN_POINT('',(0.E+000,0.E+000));
#4327 = VECTOR('',#4328,1.);
#4328 = DIRECTION('',(1.,0.E+000));
#4329 = ( GEOMETRIC_REPRESENTATION_CONTEXT(2) 
PARAMETRIC_REPRESENTATION_CONTEXT() REPRESENTATION_CONTEXT('2D SPACE',''
  ) );
#4330 = PCURVE('',#217,#4331);
#4331 = DEFINITIONAL_REPRESENTATION('',(#4332),#4336);
#4332 = LINE('',#4333,#4334);
#4333 = CARTESIAN_POINT('',(1.39591034,3.06965858));
#4334 = VECTOR('',#4335,1.);
#4335 = DIRECTION('',(-0.E+000,-1.));
#4336 = ( GEOMETRIC_REPRESENTATION_CONTEXT(2) 
PARAMETRIC_REPRESENTATION_CONTEXT() REPRESENTATION_CONTEXT('2D SPACE',''
  ) );
#4337 = ADVANCED_FACE('',(#4338),#4097,.F.);
#4338 = FACE_BOUND('',#4339,.T.);
#4339 = EDGE_LOOP('',(#4340,#4341,#4367,#4368));
#4340 = ORIENTED_EDGE('',*,*,#4294,.T.);
#4341 = ORIENTED_EDGE('',*,*,#4342,.T.);
#4342 = EDGE_CURVE('',#4272,#4077,#4343,.T.);
#4343 = SURFACE_CURVE('',#4344,(#4349,#4356),.PCURVE_S1.);
#4344 = CIRCLE('',#4345,0.2499995);
#4345 = AXIS2_PLACEMENT_3D('',#4346,#4347,#4348);
#4346 = CARTESIAN_POINT('',(75.05689332,70.5248272,0.7984236));
#4347 = DIRECTION('',(0.E+000,0.E+000,1.));
#4348 = DIRECTION('',(-1.,0.E+000,-0.E+000));
#4349 = PCURVE('',#4097,#4350);
#4350 = DEFINITIONAL_REPRESENTATION('',(#4351),#4355);
#4351 = LINE('',#4352,#4353);
#4352 = CARTESIAN_POINT('',(-0.E+000,-0.7984236));
#4353 = VECTOR('',#4354,1.);
#4354 = DIRECTION('',(-1.,0.E+000));
#4355 = ( GEOMETRIC_REPRESENTATION_CONTEXT(2) 
PARAMETRIC_REPRESENTATION_CONTEXT() REPRESENTATION_CONTEXT('2D SPACE',''
  ) );
#4356 = PCURVE('',#163,#4357);
#4357 = DEFINITIONAL_REPRESENTATION('',(#4358),#4366);
#4358 = ( BOUNDED_CURVE() B_SPLINE_CURVE(2,(#4359,#4360,#4361,#4362,
#4363,#4364,#4365),.UNSPECIFIED.,.T.,.F.) B_SPLINE_CURVE_WITH_KNOTS((1,2
    ,2,2,2,1),(-2.094395102393,0.E+000,2.094395102393,4.188790204786,
6.28318530718,8.377580409573),.UNSPECIFIED.) CURVE() 
GEOMETRIC_REPRESENTATION_ITEM() RATIONAL_B_SPLINE_CURVE((1.,0.5,1.,0.5,
1.,0.5,1.)) REPRESENTATION_ITEM('') );
#4359 = CARTESIAN_POINT('',(1.39591034,2.26966018));
#4360 = CARTESIAN_POINT('',(1.39591034,1.836648344133));
#4361 = CARTESIAN_POINT('',(1.02091109,2.053154262067));
#4362 = CARTESIAN_POINT('',(0.64591184,2.26966018));
#4363 = CARTESIAN_POINT('',(1.02091109,2.486166097933));
#4364 = CARTESIAN_POINT('',(1.39591034,2.702672015867));
#4365 = CARTESIAN_POINT('',(1.39591034,2.26966018));
#4366 = ( GEOMETRIC_REPRESENTATION_CONTEXT(2) 
PARAMETRIC_REPRESENTATION_CONTEXT() REPRESENTATION_CONTEXT('2D SPACE',''
  ) );
#4367 = ORIENTED_EDGE('',*,*,#4074,.F.);
#4368 = ORIENTED_EDGE('',*,*,#4369,.F.);
#4369 = EDGE_CURVE('',#4295,#4075,#4370,.T.);
#4370 = SURFACE_CURVE('',#4371,(#4376,#4383),.PCURVE_S1.);
#4371 = CIRCLE('',#4372,0.2499995);
#4372 = AXIS2_PLACEMENT_3D('',#4373,#4374,#4375);
#4373 = CARTESIAN_POINT('',(75.05689332,70.5248272,0.E+000));
#4374 = DIRECTION('',(0.E+000,0.E+000,1.));
#4375 = DIRECTION('',(-1.,0.E+000,-0.E+000));
#4376 = PCURVE('',#4097,#4377);
#4377 = DEFINITIONAL_REPRESENTATION('',(#4378),#4382);
#4378 = LINE('',#4379,#4380);
#4379 = CARTESIAN_POINT('',(-0.E+000,0.E+000));
#4380 = VECTOR('',#4381,1.);
#4381 = DIRECTION('',(-1.,0.E+000));
#4382 = ( GEOMETRIC_REPRESENTATION_CONTEXT(2) 
PARAMETRIC_REPRESENTATION_CONTEXT() REPRESENTATION_CONTEXT('2D SPACE',''
  ) );
#4383 = PCURVE('',#217,#4384);
#4384 = DEFINITIONAL_REPRESENTATION('',(#4385),#4393);
#4385 = ( BOUNDED_CURVE() B_SPLINE_CURVE(2,(#4386,#4387,#4388,#4389,
#4390,#4391,#4392),.UNSPECIFIED.,.T.,.F.) B_SPLINE_CURVE_WITH_KNOTS((1,2
    ,2,2,2,1),(-2.094395102393,0.E+000,2.094395102393,4.188790204786,
6.28318530718,8.377580409573),.UNSPECIFIED.) CURVE() 
GEOMETRIC_REPRESENTATION_ITEM() RATIONAL_B_SPLINE_CURVE((1.,0.5,1.,0.5,
1.,0.5,1.)) REPRESENTATION_ITEM('') );
#4386 = CARTESIAN_POINT('',(1.39591034,2.26966018));
#4387 = CARTESIAN_POINT('',(1.39591034,1.836648344133));
#4388 = CARTESIAN_POINT('',(1.02091109,2.053154262067));
#4389 = CARTESIAN_POINT('',(0.64591184,2.26966018));
#4390 = CARTESIAN_POINT('',(1.02091109,2.486166097933));
#4391 = CARTESIAN_POINT('',(1.39591034,2.702672015867));
#4392 = CARTESIAN_POINT('',(1.39591034,2.26966018));
#4393 = ( GEOMETRIC_REPRESENTATION_CONTEXT(2) 
PARAMETRIC_REPRESENTATION_CONTEXT() REPRESENTATION_CONTEXT('2D SPACE',''
  ) );
#4394 = ADVANCED_FACE('',(#4395),#4409,.F.);
#4395 = FACE_BOUND('',#4396,.T.);
#4396 = EDGE_LOOP('',(#4397,#4427,#4453,#4454));
#4397 = ORIENTED_EDGE('',*,*,#4398,.T.);
#4398 = EDGE_CURVE('',#4399,#4401,#4403,.T.);
#4399 = VERTEX_POINT('',#4400);
#4400 = CARTESIAN_POINT('',(76.87290188,74.60481904,0.E+000));
#4401 = VERTEX_POINT('',#4402);
#4402 = CARTESIAN_POINT('',(76.87290188,74.60481904,0.7984236));
#4403 = SEAM_CURVE('',#4404,(#4408,#4420),.PCURVE_S1.);
#4404 = LINE('',#4405,#4406);
#4405 = CARTESIAN_POINT('',(76.87290188,74.60481904,0.E+000));
#4406 = VECTOR('',#4407,1.);
#4407 = DIRECTION('',(0.E+000,0.E+000,1.));
#4408 = PCURVE('',#4409,#4414);
#4409 = CYLINDRICAL_SURFACE('',#4410,0.381);
#4410 = AXIS2_PLACEMENT_3D('',#4411,#4412,#4413);
#4411 = CARTESIAN_POINT('',(76.49190188,74.60481904,0.E+000));
#4412 = DIRECTION('',(-0.E+000,-0.E+000,-1.));
#4413 = DIRECTION('',(1.,0.E+000,-0.E+000));
#4414 = DEFINITIONAL_REPRESENTATION('',(#4415),#4419);
#4415 = LINE('',#4416,#4417);
#4416 = CARTESIAN_POINT('',(-0.E+000,0.E+000));
#4417 = VECTOR('',#4418,1.);
#4418 = DIRECTION('',(-0.E+000,-1.));
#4419 = ( GEOMETRIC_REPRESENTATION_CONTEXT(2) 
PARAMETRIC_REPRESENTATION_CONTEXT() REPRESENTATION_CONTEXT('2D SPACE',''
  ) );
#4420 = PCURVE('',#4409,#4421);
#4421 = DEFINITIONAL_REPRESENTATION('',(#4422),#4426);
#4422 = LINE('',#4423,#4424);
#4423 = CARTESIAN_POINT('',(-6.28318530718,0.E+000));
#4424 = VECTOR('',#4425,1.);
#4425 = DIRECTION('',(-0.E+000,-1.));
#4426 = ( GEOMETRIC_REPRESENTATION_CONTEXT(2) 
PARAMETRIC_REPRESENTATION_CONTEXT() REPRESENTATION_CONTEXT('2D SPACE',''
  ) );
#4427 = ORIENTED_EDGE('',*,*,#4428,.T.);
#4428 = EDGE_CURVE('',#4401,#4401,#4429,.T.);
#4429 = SURFACE_CURVE('',#4430,(#4435,#4442),.PCURVE_S1.);
#4430 = CIRCLE('',#4431,0.381);
#4431 = AXIS2_PLACEMENT_3D('',#4432,#4433,#4434);
#4432 = CARTESIAN_POINT('',(76.49190188,74.60481904,0.7984236));
#4433 = DIRECTION('',(0.E+000,0.E+000,1.));
#4434 = DIRECTION('',(1.,0.E+000,-0.E+000));
#4435 = PCURVE('',#4409,#4436);
#4436 = DEFINITIONAL_REPRESENTATION('',(#4437),#4441);
#4437 = LINE('',#4438,#4439);
#4438 = CARTESIAN_POINT('',(-0.E+000,-0.7984236));
#4439 = VECTOR('',#4440,1.);
#4440 = DIRECTION('',(-1.,0.E+000));
#4441 = ( GEOMETRIC_REPRESENTATION_CONTEXT(2) 
PARAMETRIC_REPRESENTATION_CONTEXT() REPRESENTATION_CONTEXT('2D SPACE',''
  ) );
#4442 = PCURVE('',#163,#4443);
#4443 = DEFINITIONAL_REPRESENTATION('',(#4444),#4452);
#4444 = ( BOUNDED_CURVE() B_SPLINE_CURVE(2,(#4445,#4446,#4447,#4448,
#4449,#4450,#4451),.UNSPECIFIED.,.T.,.F.) B_SPLINE_CURVE_WITH_KNOTS((1,2
    ,2,2,2,1),(-2.094395102393,0.E+000,2.094395102393,4.188790204786,
6.28318530718,8.377580409573),.UNSPECIFIED.) CURVE() 
GEOMETRIC_REPRESENTATION_ITEM() RATIONAL_B_SPLINE_CURVE((1.,0.5,1.,0.5,
1.,0.5,1.)) REPRESENTATION_ITEM('') );
#4445 = CARTESIAN_POINT('',(-0.67009772,6.34965202));
#4446 = CARTESIAN_POINT('',(-0.67009772,7.009563377684));
#4447 = CARTESIAN_POINT('',(-9.859772E-002,6.679607698842));
#4448 = CARTESIAN_POINT('',(0.47290228,6.34965202));
#4449 = CARTESIAN_POINT('',(-9.859772E-002,6.019696341158));
#4450 = CARTESIAN_POINT('',(-0.67009772,5.689740662316));
#4451 = CARTESIAN_POINT('',(-0.67009772,6.34965202));
#4452 = ( GEOMETRIC_REPRESENTATION_CONTEXT(2) 
PARAMETRIC_REPRESENTATION_CONTEXT() REPRESENTATION_CONTEXT('2D SPACE',''
  ) );
#4453 = ORIENTED_EDGE('',*,*,#4398,.F.);
#4454 = ORIENTED_EDGE('',*,*,#4455,.F.);
#4455 = EDGE_CURVE('',#4399,#4399,#4456,.T.);
#4456 = SURFACE_CURVE('',#4457,(#4462,#4469),.PCURVE_S1.);
#4457 = CIRCLE('',#4458,0.381);
#4458 = AXIS2_PLACEMENT_3D('',#4459,#4460,#4461);
#4459 = CARTESIAN_POINT('',(76.49190188,74.60481904,0.E+000));
#4460 = DIRECTION('',(0.E+000,0.E+000,1.));
#4461 = DIRECTION('',(1.,0.E+000,-0.E+000));
#4462 = PCURVE('',#4409,#4463);
#4463 = DEFINITIONAL_REPRESENTATION('',(#4464),#4468);
#4464 = LINE('',#4465,#4466);
#4465 = CARTESIAN_POINT('',(-0.E+000,0.E+000));
#4466 = VECTOR('',#4467,1.);
#4467 = DIRECTION('',(-1.,0.E+000));
#4468 = ( GEOMETRIC_REPRESENTATION_CONTEXT(2) 
PARAMETRIC_REPRESENTATION_CONTEXT() REPRESENTATION_CONTEXT('2D SPACE',''
  ) );
#4469 = PCURVE('',#217,#4470);
#4470 = DEFINITIONAL_REPRESENTATION('',(#4471),#4479);
#4471 = ( BOUNDED_CURVE() B_SPLINE_CURVE(2,(#4472,#4473,#4474,#4475,
#4476,#4477,#4478),.UNSPECIFIED.,.T.,.F.) B_SPLINE_CURVE_WITH_KNOTS((1,2
    ,2,2,2,1),(-2.094395102393,0.E+000,2.094395102393,4.188790204786,
6.28318530718,8.377580409573),.UNSPECIFIED.) CURVE() 
GEOMETRIC_REPRESENTATION_ITEM() RATIONAL_B_SPLINE_CURVE((1.,0.5,1.,0.5,
1.,0.5,1.)) REPRESENTATION_ITEM('') );
#4472 = CARTESIAN_POINT('',(-0.67009772,6.34965202));
#4473 = CARTESIAN_POINT('',(-0.67009772,7.009563377684));
#4474 = CARTESIAN_POINT('',(-9.859772E-002,6.679607698842));
#4475 = CARTESIAN_POINT('',(0.47290228,6.34965202));
#4476 = CARTESIAN_POINT('',(-9.859772E-002,6.019696341158));
#4477 = CARTESIAN_POINT('',(-0.67009772,5.689740662316));
#4478 = CARTESIAN_POINT('',(-0.67009772,6.34965202));
#4479 = ( GEOMETRIC_REPRESENTATION_CONTEXT(2) 
PARAMETRIC_REPRESENTATION_CONTEXT() REPRESENTATION_CONTEXT('2D SPACE',''
  ) );
#4480 = ADVANCED_FACE('',(#4481),#4495,.F.);
#4481 = FACE_BOUND('',#4482,.T.);
#4482 = EDGE_LOOP('',(#4483,#4513,#4539,#4540));
#4483 = ORIENTED_EDGE('',*,*,#4484,.T.);
#4484 = EDGE_CURVE('',#4485,#4487,#4489,.T.);
#4485 = VERTEX_POINT('',#4486);
#4486 = CARTESIAN_POINT('',(74.70226106,86.86284634,0.E+000));
#4487 = VERTEX_POINT('',#4488);
#4488 = CARTESIAN_POINT('',(74.70226106,86.86284634,0.7984236));
#4489 = SEAM_CURVE('',#4490,(#4494,#4506),.PCURVE_S1.);
#4490 = LINE('',#4491,#4492);
#4491 = CARTESIAN_POINT('',(74.70226106,86.86284634,0.E+000));
#4492 = VECTOR('',#4493,1.);
#4493 = DIRECTION('',(0.E+000,0.E+000,1.));
#4494 = PCURVE('',#4495,#4500);
#4495 = CYLINDRICAL_SURFACE('',#4496,1.12499902);
#4496 = AXIS2_PLACEMENT_3D('',#4497,#4498,#4499);
#4497 = CARTESIAN_POINT('',(73.57726204,86.86284634,0.E+000));
#4498 = DIRECTION('',(-0.E+000,-0.E+000,-1.));
#4499 = DIRECTION('',(1.,0.E+000,-0.E+000));
#4500 = DEFINITIONAL_REPRESENTATION('',(#4501),#4505);
#4501 = LINE('',#4502,#4503);
#4502 = CARTESIAN_POINT('',(-0.E+000,0.E+000));
#4503 = VECTOR('',#4504,1.);
#4504 = DIRECTION('',(-0.E+000,-1.));
#4505 = ( GEOMETRIC_REPRESENTATION_CONTEXT(2) 
PARAMETRIC_REPRESENTATION_CONTEXT() REPRESENTATION_CONTEXT('2D SPACE',''
  ) );
#4506 = PCURVE('',#4495,#4507);
#4507 = DEFINITIONAL_REPRESENTATION('',(#4508),#4512);
#4508 = LINE('',#4509,#4510);
#4509 = CARTESIAN_POINT('',(-6.28318530718,0.E+000));
#4510 = VECTOR('',#4511,1.);
#4511 = DIRECTION('',(-0.E+000,-1.));
#4512 = ( GEOMETRIC_REPRESENTATION_CONTEXT(2) 
PARAMETRIC_REPRESENTATION_CONTEXT() REPRESENTATION_CONTEXT('2D SPACE',''
  ) );
#4513 = ORIENTED_EDGE('',*,*,#4514,.T.);
#4514 = EDGE_CURVE('',#4487,#4487,#4515,.T.);
#4515 = SURFACE_CURVE('',#4516,(#4521,#4528),.PCURVE_S1.);
#4516 = CIRCLE('',#4517,1.12499902);
#4517 = AXIS2_PLACEMENT_3D('',#4518,#4519,#4520);
#4518 = CARTESIAN_POINT('',(73.57726204,86.86284634,0.7984236));
#4519 = DIRECTION('',(0.E+000,0.E+000,1.));
#4520 = DIRECTION('',(1.,0.E+000,-0.E+000));
#4521 = PCURVE('',#4495,#4522);
#4522 = DEFINITIONAL_REPRESENTATION('',(#4523),#4527);
#4523 = LINE('',#4524,#4525);
#4524 = CARTESIAN_POINT('',(-0.E+000,-0.7984236));
#4525 = VECTOR('',#4526,1.);
#4526 = DIRECTION('',(-1.,0.E+000));
#4527 = ( GEOMETRIC_REPRESENTATION_CONTEXT(2) 
PARAMETRIC_REPRESENTATION_CONTEXT() REPRESENTATION_CONTEXT('2D SPACE',''
  ) );
#4528 = PCURVE('',#163,#4529);
#4529 = DEFINITIONAL_REPRESENTATION('',(#4530),#4538);
#4530 = ( BOUNDED_CURVE() B_SPLINE_CURVE(2,(#4531,#4532,#4533,#4534,
#4535,#4536,#4537),.UNSPECIFIED.,.F.,.F.) B_SPLINE_CURVE_WITH_KNOTS((1,2
    ,2,2,2,1),(-2.094395102393,0.E+000,2.094395102393,4.188790204786,
6.28318530718,8.377580409573),.UNSPECIFIED.) CURVE() 
GEOMETRIC_REPRESENTATION_ITEM() RATIONAL_B_SPLINE_CURVE((1.,0.5,1.,0.5,
1.,0.5,1.)) REPRESENTATION_ITEM('') );
#4531 = CARTESIAN_POINT('',(1.5005431,18.60767932));
#4532 = CARTESIAN_POINT('',(1.5005431,20.556234781105));
#4533 = CARTESIAN_POINT('',(3.18804163,19.581957050553));
#4534 = CARTESIAN_POINT('',(4.87554016,18.60767932));
#4535 = CARTESIAN_POINT('',(3.18804163,17.633401589447));
#4536 = CARTESIAN_POINT('',(1.5005431,16.659123858895));
#4537 = CARTESIAN_POINT('',(1.5005431,18.60767932));
#4538 = ( GEOMETRIC_REPRESENTATION_CONTEXT(2) 
PARAMETRIC_REPRESENTATION_CONTEXT() REPRESENTATION_CONTEXT('2D SPACE',''
  ) );
#4539 = ORIENTED_EDGE('',*,*,#4484,.F.);
#4540 = ORIENTED_EDGE('',*,*,#4541,.F.);
#4541 = EDGE_CURVE('',#4485,#4485,#4542,.T.);
#4542 = SURFACE_CURVE('',#4543,(#4548,#4555),.PCURVE_S1.);
#4543 = CIRCLE('',#4544,1.12499902);
#4544 = AXIS2_PLACEMENT_3D('',#4545,#4546,#4547);
#4545 = CARTESIAN_POINT('',(73.57726204,86.86284634,0.E+000));
#4546 = DIRECTION('',(0.E+000,0.E+000,1.));
#4547 = DIRECTION('',(1.,0.E+000,-0.E+000));
#4548 = PCURVE('',#4495,#4549);
#4549 = DEFINITIONAL_REPRESENTATION('',(#4550),#4554);
#4550 = LINE('',#4551,#4552);
#4551 = CARTESIAN_POINT('',(-0.E+000,0.E+000));
#4552 = VECTOR('',#4553,1.);
#4553 = DIRECTION('',(-1.,0.E+000));
#4554 = ( GEOMETRIC_REPRESENTATION_CONTEXT(2) 
PARAMETRIC_REPRESENTATION_CONTEXT() REPRESENTATION_CONTEXT('2D SPACE',''
  ) );
#4555 = PCURVE('',#217,#4556);
#4556 = DEFINITIONAL_REPRESENTATION('',(#4557),#4565);
#4557 = ( BOUNDED_CURVE() B_SPLINE_CURVE(2,(#4558,#4559,#4560,#4561,
#4562,#4563,#4564),.UNSPECIFIED.,.F.,.F.) B_SPLINE_CURVE_WITH_KNOTS((1,2
    ,2,2,2,1),(-2.094395102393,0.E+000,2.094395102393,4.188790204786,
6.28318530718,8.377580409573),.UNSPECIFIED.) CURVE() 
GEOMETRIC_REPRESENTATION_ITEM() RATIONAL_B_SPLINE_CURVE((1.,0.5,1.,0.5,
1.,0.5,1.)) REPRESENTATION_ITEM('') );
#4558 = CARTESIAN_POINT('',(1.5005431,18.60767932));
#4559 = CARTESIAN_POINT('',(1.5005431,20.556234781105));
#4560 = CARTESIAN_POINT('',(3.18804163,19.581957050553));
#4561 = CARTESIAN_POINT('',(4.87554016,18.60767932));
#4562 = CARTESIAN_POINT('',(3.18804163,17.633401589447));
#4563 = CARTESIAN_POINT('',(1.5005431,16.659123858895));
#4564 = CARTESIAN_POINT('',(1.5005431,18.60767932));
#4565 = ( GEOMETRIC_REPRESENTATION_CONTEXT(2) 
PARAMETRIC_REPRESENTATION_CONTEXT() REPRESENTATION_CONTEXT('2D SPACE',''
  ) );
#4566 = ADVANCED_FACE('',(#4567),#4581,.T.);
#4567 = FACE_BOUND('',#4568,.T.);
#4568 = EDGE_LOOP('',(#4569,#4604,#4627,#4655));
#4569 = ORIENTED_EDGE('',*,*,#4570,.T.);
#4570 = EDGE_CURVE('',#4571,#4573,#4575,.T.);
#4571 = VERTEX_POINT('',#4572);
#4572 = CARTESIAN_POINT('',(75.30689282,74.504804,0.E+000));
#4573 = VERTEX_POINT('',#4574);
#4574 = CARTESIAN_POINT('',(75.30689282,74.504804,0.7984236));
#4575 = SURFACE_CURVE('',#4576,(#4580,#4592),.PCURVE_S1.);
#4576 = LINE('',#4577,#4578);
#4577 = CARTESIAN_POINT('',(75.30689282,74.504804,0.E+000));
#4578 = VECTOR('',#4579,1.);
#4579 = DIRECTION('',(0.E+000,0.E+000,1.));
#4580 = PCURVE('',#4581,#4586);
#4581 = PLANE('',#4582);
#4582 = AXIS2_PLACEMENT_3D('',#4583,#4584,#4585);
#4583 = CARTESIAN_POINT('',(75.30689282,74.504804,0.E+000));
#4584 = DIRECTION('',(-1.,0.E+000,0.E+000));
#4585 = DIRECTION('',(0.E+000,1.,0.E+000));
#4586 = DEFINITIONAL_REPRESENTATION('',(#4587),#4591);
#4587 = LINE('',#4588,#4589);
#4588 = CARTESIAN_POINT('',(0.E+000,0.E+000));
#4589 = VECTOR('',#4590,1.);
#4590 = DIRECTION('',(0.E+000,-1.));
#4591 = ( GEOMETRIC_REPRESENTATION_CONTEXT(2) 
PARAMETRIC_REPRESENTATION_CONTEXT() REPRESENTATION_CONTEXT('2D SPACE',''
  ) );
#4592 = PCURVE('',#4593,#4598);
#4593 = CYLINDRICAL_SURFACE('',#4594,0.2499995);
#4594 = AXIS2_PLACEMENT_3D('',#4595,#4596,#4597);
#4595 = CARTESIAN_POINT('',(75.05689332,74.504804,0.E+000));
#4596 = DIRECTION('',(-0.E+000,-0.E+000,-1.));
#4597 = DIRECTION('',(-1.,0.E+000,-0.E+000));
#4598 = DEFINITIONAL_REPRESENTATION('',(#4599),#4603);
#4599 = LINE('',#4600,#4601);
#4600 = CARTESIAN_POINT('',(-3.14159265359,0.E+000));
#4601 = VECTOR('',#4602,1.);
#4602 = DIRECTION('',(-0.E+000,-1.));
#4603 = ( GEOMETRIC_REPRESENTATION_CONTEXT(2) 
PARAMETRIC_REPRESENTATION_CONTEXT() REPRESENTATION_CONTEXT('2D SPACE',''
  ) );
#4604 = ORIENTED_EDGE('',*,*,#4605,.T.);
#4605 = EDGE_CURVE('',#4573,#4606,#4608,.T.);
#4606 = VERTEX_POINT('',#4607);
#4607 = CARTESIAN_POINT('',(75.30689282,75.7048016,0.7984236));
#4608 = SURFACE_CURVE('',#4609,(#4613,#4620),.PCURVE_S1.);
#4609 = LINE('',#4610,#4611);
#4610 = CARTESIAN_POINT('',(75.30689282,74.504804,0.7984236));
#4611 = VECTOR('',#4612,1.);
#4612 = DIRECTION('',(0.E+000,1.,0.E+000));
#4613 = PCURVE('',#4581,#4614);
#4614 = DEFINITIONAL_REPRESENTATION('',(#4615),#4619);
#4615 = LINE('',#4616,#4617);
#4616 = CARTESIAN_POINT('',(0.E+000,-0.7984236));
#4617 = VECTOR('',#4618,1.);
#4618 = DIRECTION('',(1.,0.E+000));
#4619 = ( GEOMETRIC_REPRESENTATION_CONTEXT(2) 
PARAMETRIC_REPRESENTATION_CONTEXT() REPRESENTATION_CONTEXT('2D SPACE',''
  ) );
#4620 = PCURVE('',#163,#4621);
#4621 = DEFINITIONAL_REPRESENTATION('',(#4622),#4626);
#4622 = LINE('',#4623,#4624);
#4623 = CARTESIAN_POINT('',(0.89591134,6.24963698));
#4624 = VECTOR('',#4625,1.);
#4625 = DIRECTION('',(0.E+000,1.));
#4626 = ( GEOMETRIC_REPRESENTATION_CONTEXT(2) 
PARAMETRIC_REPRESENTATION_CONTEXT() REPRESENTATION_CONTEXT('2D SPACE',''
  ) );
#4627 = ORIENTED_EDGE('',*,*,#4628,.F.);
#4628 = EDGE_CURVE('',#4629,#4606,#4631,.T.);
#4629 = VERTEX_POINT('',#4630);
#4630 = CARTESIAN_POINT('',(75.30689282,75.7048016,0.E+000));
#4631 = SURFACE_CURVE('',#4632,(#4636,#4643),.PCURVE_S1.);
#4632 = LINE('',#4633,#4634);
#4633 = CARTESIAN_POINT('',(75.30689282,75.7048016,0.E+000));
#4634 = VECTOR('',#4635,1.);
#4635 = DIRECTION('',(0.E+000,0.E+000,1.));
#4636 = PCURVE('',#4581,#4637);
#4637 = DEFINITIONAL_REPRESENTATION('',(#4638),#4642);
#4638 = LINE('',#4639,#4640);
#4639 = CARTESIAN_POINT('',(1.1999976,0.E+000));
#4640 = VECTOR('',#4641,1.);
#4641 = DIRECTION('',(0.E+000,-1.));
#4642 = ( GEOMETRIC_REPRESENTATION_CONTEXT(2) 
PARAMETRIC_REPRESENTATION_CONTEXT() REPRESENTATION_CONTEXT('2D SPACE',''
  ) );
#4643 = PCURVE('',#4644,#4649);
#4644 = CYLINDRICAL_SURFACE('',#4645,0.2499995);
#4645 = AXIS2_PLACEMENT_3D('',#4646,#4647,#4648);
#4646 = CARTESIAN_POINT('',(75.05689332,75.7048016,0.E+000));
#4647 = DIRECTION('',(-0.E+000,-0.E+000,-1.));
#4648 = DIRECTION('',(1.,0.E+000,-0.E+000));
#4649 = DEFINITIONAL_REPRESENTATION('',(#4650),#4654);
#4650 = LINE('',#4651,#4652);
#4651 = CARTESIAN_POINT('',(-0.E+000,0.E+000));
#4652 = VECTOR('',#4653,1.);
#4653 = DIRECTION('',(-0.E+000,-1.));
#4654 = ( GEOMETRIC_REPRESENTATION_CONTEXT(2) 
PARAMETRIC_REPRESENTATION_CONTEXT() REPRESENTATION_CONTEXT('2D SPACE',''
  ) );
#4655 = ORIENTED_EDGE('',*,*,#4656,.F.);
#4656 = EDGE_CURVE('',#4571,#4629,#4657,.T.);
#4657 = SURFACE_CURVE('',#4658,(#4662,#4669),.PCURVE_S1.);
#4658 = LINE('',#4659,#4660);
#4659 = CARTESIAN_POINT('',(75.30689282,74.504804,0.E+000));
#4660 = VECTOR('',#4661,1.);
#4661 = DIRECTION('',(0.E+000,1.,0.E+000));
#4662 = PCURVE('',#4581,#4663);
#4663 = DEFINITIONAL_REPRESENTATION('',(#4664),#4668);
#4664 = LINE('',#4665,#4666);
#4665 = CARTESIAN_POINT('',(0.E+000,0.E+000));
#4666 = VECTOR('',#4667,1.);
#4667 = DIRECTION('',(1.,0.E+000));
#4668 = ( GEOMETRIC_REPRESENTATION_CONTEXT(2) 
PARAMETRIC_REPRESENTATION_CONTEXT() REPRESENTATION_CONTEXT('2D SPACE',''
  ) );
#4669 = PCURVE('',#217,#4670);
#4670 = DEFINITIONAL_REPRESENTATION('',(#4671),#4675);
#4671 = LINE('',#4672,#4673);
#4672 = CARTESIAN_POINT('',(0.89591134,6.24963698));
#4673 = VECTOR('',#4674,1.);
#4674 = DIRECTION('',(0.E+000,1.));
#4675 = ( GEOMETRIC_REPRESENTATION_CONTEXT(2) 
PARAMETRIC_REPRESENTATION_CONTEXT() REPRESENTATION_CONTEXT('2D SPACE',''
  ) );
#4676 = ADVANCED_FACE('',(#4677),#4644,.F.);
#4677 = FACE_BOUND('',#4678,.T.);
#4678 = EDGE_LOOP('',(#4679,#4680,#4708,#4736));
#4679 = ORIENTED_EDGE('',*,*,#4628,.T.);
#4680 = ORIENTED_EDGE('',*,*,#4681,.T.);
#4681 = EDGE_CURVE('',#4606,#4682,#4684,.T.);
#4682 = VERTEX_POINT('',#4683);
#4683 = CARTESIAN_POINT('',(74.80689382,75.7048016,0.7984236));
#4684 = SURFACE_CURVE('',#4685,(#4690,#4697),.PCURVE_S1.);
#4685 = CIRCLE('',#4686,0.2499995);
#4686 = AXIS2_PLACEMENT_3D('',#4687,#4688,#4689);
#4687 = CARTESIAN_POINT('',(75.05689332,75.7048016,0.7984236));
#4688 = DIRECTION('',(0.E+000,0.E+000,1.));
#4689 = DIRECTION('',(1.,0.E+000,-0.E+000));
#4690 = PCURVE('',#4644,#4691);
#4691 = DEFINITIONAL_REPRESENTATION('',(#4692),#4696);
#4692 = LINE('',#4693,#4694);
#4693 = CARTESIAN_POINT('',(-0.E+000,-0.7984236));
#4694 = VECTOR('',#4695,1.);
#4695 = DIRECTION('',(-1.,0.E+000));
#4696 = ( GEOMETRIC_REPRESENTATION_CONTEXT(2) 
PARAMETRIC_REPRESENTATION_CONTEXT() REPRESENTATION_CONTEXT('2D SPACE',''
  ) );
#4697 = PCURVE('',#163,#4698);
#4698 = DEFINITIONAL_REPRESENTATION('',(#4699),#4707);
#4699 = ( BOUNDED_CURVE() B_SPLINE_CURVE(2,(#4700,#4701,#4702,#4703,
#4704,#4705,#4706),.UNSPECIFIED.,.F.,.F.) B_SPLINE_CURVE_WITH_KNOTS((1,2
    ,2,2,2,1),(-2.094395102393,0.E+000,2.094395102393,4.188790204786,
6.28318530718,8.377580409573),.UNSPECIFIED.) CURVE() 
GEOMETRIC_REPRESENTATION_ITEM() RATIONAL_B_SPLINE_CURVE((1.,0.5,1.,0.5,
1.,0.5,1.)) REPRESENTATION_ITEM('') );
#4700 = CARTESIAN_POINT('',(0.89591134,7.44963458));
#4701 = CARTESIAN_POINT('',(0.89591134,7.882646415867));
#4702 = CARTESIAN_POINT('',(1.27091059,7.666140497933));
#4703 = CARTESIAN_POINT('',(1.64590984,7.44963458));
#4704 = CARTESIAN_POINT('',(1.27091059,7.233128662067));
#4705 = CARTESIAN_POINT('',(0.89591134,7.016622744133));
#4706 = CARTESIAN_POINT('',(0.89591134,7.44963458));
#4707 = ( GEOMETRIC_REPRESENTATION_CONTEXT(2) 
PARAMETRIC_REPRESENTATION_CONTEXT() REPRESENTATION_CONTEXT('2D SPACE',''
  ) );
#4708 = ORIENTED_EDGE('',*,*,#4709,.F.);
#4709 = EDGE_CURVE('',#4710,#4682,#4712,.T.);
#4710 = VERTEX_POINT('',#4711);
#4711 = CARTESIAN_POINT('',(74.80689382,75.7048016,0.E+000));
#4712 = SURFACE_CURVE('',#4713,(#4717,#4724),.PCURVE_S1.);
#4713 = LINE('',#4714,#4715);
#4714 = CARTESIAN_POINT('',(74.80689382,75.7048016,0.E+000));
#4715 = VECTOR('',#4716,1.);
#4716 = DIRECTION('',(0.E+000,0.E+000,1.));
#4717 = PCURVE('',#4644,#4718);
#4718 = DEFINITIONAL_REPRESENTATION('',(#4719),#4723);
#4719 = LINE('',#4720,#4721);
#4720 = CARTESIAN_POINT('',(-3.14159265359,0.E+000));
#4721 = VECTOR('',#4722,1.);
#4722 = DIRECTION('',(-0.E+000,-1.));
#4723 = ( GEOMETRIC_REPRESENTATION_CONTEXT(2) 
PARAMETRIC_REPRESENTATION_CONTEXT() REPRESENTATION_CONTEXT('2D SPACE',''
  ) );
#4724 = PCURVE('',#4725,#4730);
#4725 = PLANE('',#4726);
#4726 = AXIS2_PLACEMENT_3D('',#4727,#4728,#4729);
#4727 = CARTESIAN_POINT('',(74.80689382,75.7048016,0.E+000));
#4728 = DIRECTION('',(1.,0.E+000,-0.E+000));
#4729 = DIRECTION('',(0.E+000,-1.,0.E+000));
#4730 = DEFINITIONAL_REPRESENTATION('',(#4731),#4735);
#4731 = LINE('',#4732,#4733);
#4732 = CARTESIAN_POINT('',(0.E+000,0.E+000));
#4733 = VECTOR('',#4734,1.);
#4734 = DIRECTION('',(0.E+000,-1.));
#4735 = ( GEOMETRIC_REPRESENTATION_CONTEXT(2) 
PARAMETRIC_REPRESENTATION_CONTEXT() REPRESENTATION_CONTEXT('2D SPACE',''
  ) );
#4736 = ORIENTED_EDGE('',*,*,#4737,.F.);
#4737 = EDGE_CURVE('',#4629,#4710,#4738,.T.);
#4738 = SURFACE_CURVE('',#4739,(#4744,#4751),.PCURVE_S1.);
#4739 = CIRCLE('',#4740,0.2499995);
#4740 = AXIS2_PLACEMENT_3D('',#4741,#4742,#4743);
#4741 = CARTESIAN_POINT('',(75.05689332,75.7048016,0.E+000));
#4742 = DIRECTION('',(0.E+000,0.E+000,1.));
#4743 = DIRECTION('',(1.,0.E+000,-0.E+000));
#4744 = PCURVE('',#4644,#4745);
#4745 = DEFINITIONAL_REPRESENTATION('',(#4746),#4750);
#4746 = LINE('',#4747,#4748);
#4747 = CARTESIAN_POINT('',(-0.E+000,0.E+000));
#4748 = VECTOR('',#4749,1.);
#4749 = DIRECTION('',(-1.,0.E+000));
#4750 = ( GEOMETRIC_REPRESENTATION_CONTEXT(2) 
PARAMETRIC_REPRESENTATION_CONTEXT() REPRESENTATION_CONTEXT('2D SPACE',''
  ) );
#4751 = PCURVE('',#217,#4752);
#4752 = DEFINITIONAL_REPRESENTATION('',(#4753),#4761);
#4753 = ( BOUNDED_CURVE() B_SPLINE_CURVE(2,(#4754,#4755,#4756,#4757,
#4758,#4759,#4760),.UNSPECIFIED.,.F.,.F.) B_SPLINE_CURVE_WITH_KNOTS((1,2
    ,2,2,2,1),(-2.094395102393,0.E+000,2.094395102393,4.188790204786,
6.28318530718,8.377580409573),.UNSPECIFIED.) CURVE() 
GEOMETRIC_REPRESENTATION_ITEM() RATIONAL_B_SPLINE_CURVE((1.,0.5,1.,0.5,
1.,0.5,1.)) REPRESENTATION_ITEM('') );
#4754 = CARTESIAN_POINT('',(0.89591134,7.44963458));
#4755 = CARTESIAN_POINT('',(0.89591134,7.882646415867));
#4756 = CARTESIAN_POINT('',(1.27091059,7.666140497933));
#4757 = CARTESIAN_POINT('',(1.64590984,7.44963458));
#4758 = CARTESIAN_POINT('',(1.27091059,7.233128662067));
#4759 = CARTESIAN_POINT('',(0.89591134,7.016622744133));
#4760 = CARTESIAN_POINT('',(0.89591134,7.44963458));
#4761 = ( GEOMETRIC_REPRESENTATION_CONTEXT(2) 
PARAMETRIC_REPRESENTATION_CONTEXT() REPRESENTATION_CONTEXT('2D SPACE',''
  ) );
#4762 = ADVANCED_FACE('',(#4763),#4725,.T.);
#4763 = FACE_BOUND('',#4764,.T.);
#4764 = EDGE_LOOP('',(#4765,#4766,#4789,#4812));
#4765 = ORIENTED_EDGE('',*,*,#4709,.T.);
#4766 = ORIENTED_EDGE('',*,*,#4767,.T.);
#4767 = EDGE_CURVE('',#4682,#4768,#4770,.T.);
#4768 = VERTEX_POINT('',#4769);
#4769 = CARTESIAN_POINT('',(74.80689382,74.504804,0.7984236));
#4770 = SURFACE_CURVE('',#4771,(#4775,#4782),.PCURVE_S1.);
#4771 = LINE('',#4772,#4773);
#4772 = CARTESIAN_POINT('',(74.80689382,75.7048016,0.7984236));
#4773 = VECTOR('',#4774,1.);
#4774 = DIRECTION('',(0.E+000,-1.,0.E+000));
#4775 = PCURVE('',#4725,#4776);
#4776 = DEFINITIONAL_REPRESENTATION('',(#4777),#4781);
#4777 = LINE('',#4778,#4779);
#4778 = CARTESIAN_POINT('',(0.E+000,-0.7984236));
#4779 = VECTOR('',#4780,1.);
#4780 = DIRECTION('',(1.,0.E+000));
#4781 = ( GEOMETRIC_REPRESENTATION_CONTEXT(2) 
PARAMETRIC_REPRESENTATION_CONTEXT() REPRESENTATION_CONTEXT('2D SPACE',''
  ) );
#4782 = PCURVE('',#163,#4783);
#4783 = DEFINITIONAL_REPRESENTATION('',(#4784),#4788);
#4784 = LINE('',#4785,#4786);
#4785 = CARTESIAN_POINT('',(1.39591034,7.44963458));
#4786 = VECTOR('',#4787,1.);
#4787 = DIRECTION('',(-0.E+000,-1.));
#4788 = ( GEOMETRIC_REPRESENTATION_CONTEXT(2) 
PARAMETRIC_REPRESENTATION_CONTEXT() REPRESENTATION_CONTEXT('2D SPACE',''
  ) );
#4789 = ORIENTED_EDGE('',*,*,#4790,.F.);
#4790 = EDGE_CURVE('',#4791,#4768,#4793,.T.);
#4791 = VERTEX_POINT('',#4792);
#4792 = CARTESIAN_POINT('',(74.80689382,74.504804,0.E+000));
#4793 = SURFACE_CURVE('',#4794,(#4798,#4805),.PCURVE_S1.);
#4794 = LINE('',#4795,#4796);
#4795 = CARTESIAN_POINT('',(74.80689382,74.504804,0.E+000));
#4796 = VECTOR('',#4797,1.);
#4797 = DIRECTION('',(0.E+000,0.E+000,1.));
#4798 = PCURVE('',#4725,#4799);
#4799 = DEFINITIONAL_REPRESENTATION('',(#4800),#4804);
#4800 = LINE('',#4801,#4802);
#4801 = CARTESIAN_POINT('',(1.1999976,0.E+000));
#4802 = VECTOR('',#4803,1.);
#4803 = DIRECTION('',(0.E+000,-1.));
#4804 = ( GEOMETRIC_REPRESENTATION_CONTEXT(2) 
PARAMETRIC_REPRESENTATION_CONTEXT() REPRESENTATION_CONTEXT('2D SPACE',''
  ) );
#4805 = PCURVE('',#4593,#4806);
#4806 = DEFINITIONAL_REPRESENTATION('',(#4807),#4811);
#4807 = LINE('',#4808,#4809);
#4808 = CARTESIAN_POINT('',(-0.E+000,0.E+000));
#4809 = VECTOR('',#4810,1.);
#4810 = DIRECTION('',(-0.E+000,-1.));
#4811 = ( GEOMETRIC_REPRESENTATION_CONTEXT(2) 
PARAMETRIC_REPRESENTATION_CONTEXT() REPRESENTATION_CONTEXT('2D SPACE',''
  ) );
#4812 = ORIENTED_EDGE('',*,*,#4813,.F.);
#4813 = EDGE_CURVE('',#4710,#4791,#4814,.T.);
#4814 = SURFACE_CURVE('',#4815,(#4819,#4826),.PCURVE_S1.);
#4815 = LINE('',#4816,#4817);
#4816 = CARTESIAN_POINT('',(74.80689382,75.7048016,0.E+000));
#4817 = VECTOR('',#4818,1.);
#4818 = DIRECTION('',(0.E+000,-1.,0.E+000));
#4819 = PCURVE('',#4725,#4820);
#4820 = DEFINITIONAL_REPRESENTATION('',(#4821),#4825);
#4821 = LINE('',#4822,#4823);
#4822 = CARTESIAN_POINT('',(0.E+000,0.E+000));
#4823 = VECTOR('',#4824,1.);
#4824 = DIRECTION('',(1.,0.E+000));
#4825 = ( GEOMETRIC_REPRESENTATION_CONTEXT(2) 
PARAMETRIC_REPRESENTATION_CONTEXT() REPRESENTATION_CONTEXT('2D SPACE',''
  ) );
#4826 = PCURVE('',#217,#4827);
#4827 = DEFINITIONAL_REPRESENTATION('',(#4828),#4832);
#4828 = LINE('',#4829,#4830);
#4829 = CARTESIAN_POINT('',(1.39591034,7.44963458));
#4830 = VECTOR('',#4831,1.);
#4831 = DIRECTION('',(-0.E+000,-1.));
#4832 = ( GEOMETRIC_REPRESENTATION_CONTEXT(2) 
PARAMETRIC_REPRESENTATION_CONTEXT() REPRESENTATION_CONTEXT('2D SPACE',''
  ) );
#4833 = ADVANCED_FACE('',(#4834),#4593,.F.);
#4834 = FACE_BOUND('',#4835,.T.);
#4835 = EDGE_LOOP('',(#4836,#4837,#4863,#4864));
#4836 = ORIENTED_EDGE('',*,*,#4790,.T.);
#4837 = ORIENTED_EDGE('',*,*,#4838,.T.);
#4838 = EDGE_CURVE('',#4768,#4573,#4839,.T.);
#4839 = SURFACE_CURVE('',#4840,(#4845,#4852),.PCURVE_S1.);
#4840 = CIRCLE('',#4841,0.2499995);
#4841 = AXIS2_PLACEMENT_3D('',#4842,#4843,#4844);
#4842 = CARTESIAN_POINT('',(75.05689332,74.504804,0.7984236));
#4843 = DIRECTION('',(0.E+000,0.E+000,1.));
#4844 = DIRECTION('',(-1.,0.E+000,-0.E+000));
#4845 = PCURVE('',#4593,#4846);
#4846 = DEFINITIONAL_REPRESENTATION('',(#4847),#4851);
#4847 = LINE('',#4848,#4849);
#4848 = CARTESIAN_POINT('',(-0.E+000,-0.7984236));
#4849 = VECTOR('',#4850,1.);
#4850 = DIRECTION('',(-1.,0.E+000));
#4851 = ( GEOMETRIC_REPRESENTATION_CONTEXT(2) 
PARAMETRIC_REPRESENTATION_CONTEXT() REPRESENTATION_CONTEXT('2D SPACE',''
  ) );
#4852 = PCURVE('',#163,#4853);
#4853 = DEFINITIONAL_REPRESENTATION('',(#4854),#4862);
#4854 = ( BOUNDED_CURVE() B_SPLINE_CURVE(2,(#4855,#4856,#4857,#4858,
#4859,#4860,#4861),.UNSPECIFIED.,.T.,.F.) B_SPLINE_CURVE_WITH_KNOTS((1,2
    ,2,2,2,1),(-2.094395102393,0.E+000,2.094395102393,4.188790204786,
6.28318530718,8.377580409573),.UNSPECIFIED.) CURVE() 
GEOMETRIC_REPRESENTATION_ITEM() RATIONAL_B_SPLINE_CURVE((1.,0.5,1.,0.5,
1.,0.5,1.)) REPRESENTATION_ITEM('') );
#4855 = CARTESIAN_POINT('',(1.39591034,6.24963698));
#4856 = CARTESIAN_POINT('',(1.39591034,5.816625144133));
#4857 = CARTESIAN_POINT('',(1.02091109,6.033131062067));
#4858 = CARTESIAN_POINT('',(0.64591184,6.24963698));
#4859 = CARTESIAN_POINT('',(1.02091109,6.466142897933));
#4860 = CARTESIAN_POINT('',(1.39591034,6.682648815867));
#4861 = CARTESIAN_POINT('',(1.39591034,6.24963698));
#4862 = ( GEOMETRIC_REPRESENTATION_CONTEXT(2) 
PARAMETRIC_REPRESENTATION_CONTEXT() REPRESENTATION_CONTEXT('2D SPACE',''
  ) );
#4863 = ORIENTED_EDGE('',*,*,#4570,.F.);
#4864 = ORIENTED_EDGE('',*,*,#4865,.F.);
#4865 = EDGE_CURVE('',#4791,#4571,#4866,.T.);
#4866 = SURFACE_CURVE('',#4867,(#4872,#4879),.PCURVE_S1.);
#4867 = CIRCLE('',#4868,0.2499995);
#4868 = AXIS2_PLACEMENT_3D('',#4869,#4870,#4871);
#4869 = CARTESIAN_POINT('',(75.05689332,74.504804,0.E+000));
#4870 = DIRECTION('',(0.E+000,0.E+000,1.));
#4871 = DIRECTION('',(-1.,0.E+000,-0.E+000));
#4872 = PCURVE('',#4593,#4873);
#4873 = DEFINITIONAL_REPRESENTATION('',(#4874),#4878);
#4874 = LINE('',#4875,#4876);
#4875 = CARTESIAN_POINT('',(-0.E+000,0.E+000));
#4876 = VECTOR('',#4877,1.);
#4877 = DIRECTION('',(-1.,0.E+000));
#4878 = ( GEOMETRIC_REPRESENTATION_CONTEXT(2) 
PARAMETRIC_REPRESENTATION_CONTEXT() REPRESENTATION_CONTEXT('2D SPACE',''
  ) );
#4879 = PCURVE('',#217,#4880);
#4880 = DEFINITIONAL_REPRESENTATION('',(#4881),#4889);
#4881 = ( BOUNDED_CURVE() B_SPLINE_CURVE(2,(#4882,#4883,#4884,#4885,
#4886,#4887,#4888),.UNSPECIFIED.,.T.,.F.) B_SPLINE_CURVE_WITH_KNOTS((1,2
    ,2,2,2,1),(-2.094395102393,0.E+000,2.094395102393,4.188790204786,
6.28318530718,8.377580409573),.UNSPECIFIED.) CURVE() 
GEOMETRIC_REPRESENTATION_ITEM() RATIONAL_B_SPLINE_CURVE((1.,0.5,1.,0.5,
1.,0.5,1.)) REPRESENTATION_ITEM('') );
#4882 = CARTESIAN_POINT('',(1.39591034,6.24963698));
#4883 = CARTESIAN_POINT('',(1.39591034,5.816625144133));
#4884 = CARTESIAN_POINT('',(1.02091109,6.033131062067));
#4885 = CARTESIAN_POINT('',(0.64591184,6.24963698));
#4886 = CARTESIAN_POINT('',(1.02091109,6.466142897933));
#4887 = CARTESIAN_POINT('',(1.39591034,6.682648815867));
#4888 = CARTESIAN_POINT('',(1.39591034,6.24963698));
#4889 = ( GEOMETRIC_REPRESENTATION_CONTEXT(2) 
PARAMETRIC_REPRESENTATION_CONTEXT() REPRESENTATION_CONTEXT('2D SPACE',''
  ) );
#4890 = ADVANCED_FACE('',(#4891),#4905,.F.);
#4891 = FACE_BOUND('',#4892,.T.);
#4892 = EDGE_LOOP('',(#4893,#4923,#4949,#4950));
#4893 = ORIENTED_EDGE('',*,*,#4894,.T.);
#4894 = EDGE_CURVE('',#4895,#4897,#4899,.T.);
#4895 = VERTEX_POINT('',#4896);
#4896 = CARTESIAN_POINT('',(82.65290048,74.60481904,0.E+000));
#4897 = VERTEX_POINT('',#4898);
#4898 = CARTESIAN_POINT('',(82.65290048,74.60481904,0.7984236));
#4899 = SEAM_CURVE('',#4900,(#4904,#4916),.PCURVE_S1.);
#4900 = LINE('',#4901,#4902);
#4901 = CARTESIAN_POINT('',(82.65290048,74.60481904,0.E+000));
#4902 = VECTOR('',#4903,1.);
#4903 = DIRECTION('',(0.E+000,0.E+000,1.));
#4904 = PCURVE('',#4905,#4910);
#4905 = CYLINDRICAL_SURFACE('',#4906,0.381);
#4906 = AXIS2_PLACEMENT_3D('',#4907,#4908,#4909);
#4907 = CARTESIAN_POINT('',(82.27190048,74.60481904,0.E+000));
#4908 = DIRECTION('',(-0.E+000,-0.E+000,-1.));
#4909 = DIRECTION('',(1.,0.E+000,-0.E+000));
#4910 = DEFINITIONAL_REPRESENTATION('',(#4911),#4915);
#4911 = LINE('',#4912,#4913);
#4912 = CARTESIAN_POINT('',(-0.E+000,0.E+000));
#4913 = VECTOR('',#4914,1.);
#4914 = DIRECTION('',(-0.E+000,-1.));
#4915 = ( GEOMETRIC_REPRESENTATION_CONTEXT(2) 
PARAMETRIC_REPRESENTATION_CONTEXT() REPRESENTATION_CONTEXT('2D SPACE',''
  ) );
#4916 = PCURVE('',#4905,#4917);
#4917 = DEFINITIONAL_REPRESENTATION('',(#4918),#4922);
#4918 = LINE('',#4919,#4920);
#4919 = CARTESIAN_POINT('',(-6.28318530718,0.E+000));
#4920 = VECTOR('',#4921,1.);
#4921 = DIRECTION('',(-0.E+000,-1.));
#4922 = ( GEOMETRIC_REPRESENTATION_CONTEXT(2) 
PARAMETRIC_REPRESENTATION_CONTEXT() REPRESENTATION_CONTEXT('2D SPACE',''
  ) );
#4923 = ORIENTED_EDGE('',*,*,#4924,.T.);
#4924 = EDGE_CURVE('',#4897,#4897,#4925,.T.);
#4925 = SURFACE_CURVE('',#4926,(#4931,#4938),.PCURVE_S1.);
#4926 = CIRCLE('',#4927,0.381);
#4927 = AXIS2_PLACEMENT_3D('',#4928,#4929,#4930);
#4928 = CARTESIAN_POINT('',(82.27190048,74.60481904,0.7984236));
#4929 = DIRECTION('',(0.E+000,0.E+000,1.));
#4930 = DIRECTION('',(1.,0.E+000,-0.E+000));
#4931 = PCURVE('',#4905,#4932);
#4932 = DEFINITIONAL_REPRESENTATION('',(#4933),#4937);
#4933 = LINE('',#4934,#4935);
#4934 = CARTESIAN_POINT('',(-0.E+000,-0.7984236));
#4935 = VECTOR('',#4936,1.);
#4936 = DIRECTION('',(-1.,0.E+000));
#4937 = ( GEOMETRIC_REPRESENTATION_CONTEXT(2) 
PARAMETRIC_REPRESENTATION_CONTEXT() REPRESENTATION_CONTEXT('2D SPACE',''
  ) );
#4938 = PCURVE('',#163,#4939);
#4939 = DEFINITIONAL_REPRESENTATION('',(#4940),#4948);
#4940 = ( BOUNDED_CURVE() B_SPLINE_CURVE(2,(#4941,#4942,#4943,#4944,
#4945,#4946,#4947),.UNSPECIFIED.,.T.,.F.) B_SPLINE_CURVE_WITH_KNOTS((1,2
    ,2,2,2,1),(-2.094395102393,0.E+000,2.094395102393,4.188790204786,
6.28318530718,8.377580409573),.UNSPECIFIED.) CURVE() 
GEOMETRIC_REPRESENTATION_ITEM() RATIONAL_B_SPLINE_CURVE((1.,0.5,1.,0.5,
1.,0.5,1.)) REPRESENTATION_ITEM('') );
#4941 = CARTESIAN_POINT('',(-6.45009632,6.34965202));
#4942 = CARTESIAN_POINT('',(-6.45009632,7.009563377684));
#4943 = CARTESIAN_POINT('',(-5.87859632,6.679607698842));
#4944 = CARTESIAN_POINT('',(-5.30709632,6.34965202));
#4945 = CARTESIAN_POINT('',(-5.87859632,6.019696341158));
#4946 = CARTESIAN_POINT('',(-6.45009632,5.689740662316));
#4947 = CARTESIAN_POINT('',(-6.45009632,6.34965202));
#4948 = ( GEOMETRIC_REPRESENTATION_CONTEXT(2) 
PARAMETRIC_REPRESENTATION_CONTEXT() REPRESENTATION_CONTEXT('2D SPACE',''
  ) );
#4949 = ORIENTED_EDGE('',*,*,#4894,.F.);
#4950 = ORIENTED_EDGE('',*,*,#4951,.F.);
#4951 = EDGE_CURVE('',#4895,#4895,#4952,.T.);
#4952 = SURFACE_CURVE('',#4953,(#4958,#4965),.PCURVE_S1.);
#4953 = CIRCLE('',#4954,0.381);
#4954 = AXIS2_PLACEMENT_3D('',#4955,#4956,#4957);
#4955 = CARTESIAN_POINT('',(82.27190048,74.60481904,0.E+000));
#4956 = DIRECTION('',(0.E+000,0.E+000,1.));
#4957 = DIRECTION('',(1.,0.E+000,-0.E+000));
#4958 = PCURVE('',#4905,#4959);
#4959 = DEFINITIONAL_REPRESENTATION('',(#4960),#4964);
#4960 = LINE('',#4961,#4962);
#4961 = CARTESIAN_POINT('',(-0.E+000,0.E+000));
#4962 = VECTOR('',#4963,1.);
#4963 = DIRECTION('',(-1.,0.E+000));
#4964 = ( GEOMETRIC_REPRESENTATION_CONTEXT(2) 
PARAMETRIC_REPRESENTATION_CONTEXT() REPRESENTATION_CONTEXT('2D SPACE',''
  ) );
#4965 = PCURVE('',#217,#4966);
#4966 = DEFINITIONAL_REPRESENTATION('',(#4967),#4975);
#4967 = ( BOUNDED_CURVE() B_SPLINE_CURVE(2,(#4968,#4969,#4970,#4971,
#4972,#4973,#4974),.UNSPECIFIED.,.T.,.F.) B_SPLINE_CURVE_WITH_KNOTS((1,2
    ,2,2,2,1),(-2.094395102393,0.E+000,2.094395102393,4.188790204786,
6.28318530718,8.377580409573),.UNSPECIFIED.) CURVE() 
GEOMETRIC_REPRESENTATION_ITEM() RATIONAL_B_SPLINE_CURVE((1.,0.5,1.,0.5,
1.,0.5,1.)) REPRESENTATION_ITEM('') );
#4968 = CARTESIAN_POINT('',(-6.45009632,6.34965202));
#4969 = CARTESIAN_POINT('',(-6.45009632,7.009563377684));
#4970 = CARTESIAN_POINT('',(-5.87859632,6.679607698842));
#4971 = CARTESIAN_POINT('',(-5.30709632,6.34965202));
#4972 = CARTESIAN_POINT('',(-5.87859632,6.019696341158));
#4973 = CARTESIAN_POINT('',(-6.45009632,5.689740662316));
#4974 = CARTESIAN_POINT('',(-6.45009632,6.34965202));
#4975 = ( GEOMETRIC_REPRESENTATION_CONTEXT(2) 
PARAMETRIC_REPRESENTATION_CONTEXT() REPRESENTATION_CONTEXT('2D SPACE',''
  ) );
#4976 = ADVANCED_FACE('',(#4977),#4991,.T.);
#4977 = FACE_BOUND('',#4978,.T.);
#4978 = EDGE_LOOP('',(#4979,#5014,#5037,#5065));
#4979 = ORIENTED_EDGE('',*,*,#4980,.T.);
#4980 = EDGE_CURVE('',#4981,#4983,#4985,.T.);
#4981 = VERTEX_POINT('',#4982);
#4982 = CARTESIAN_POINT('',(83.95691362,70.5248272,0.E+000));
#4983 = VERTEX_POINT('',#4984);
#4984 = CARTESIAN_POINT('',(83.95691362,70.5248272,0.7984236));
#4985 = SURFACE_CURVE('',#4986,(#4990,#5002),.PCURVE_S1.);
#4986 = LINE('',#4987,#4988);
#4987 = CARTESIAN_POINT('',(83.95691362,70.5248272,0.E+000));
#4988 = VECTOR('',#4989,1.);
#4989 = DIRECTION('',(0.E+000,0.E+000,1.));
#4990 = PCURVE('',#4991,#4996);
#4991 = PLANE('',#4992);
#4992 = AXIS2_PLACEMENT_3D('',#4993,#4994,#4995);
#4993 = CARTESIAN_POINT('',(83.95691362,70.5248272,0.E+000));
#4994 = DIRECTION('',(-1.,0.E+000,0.E+000));
#4995 = DIRECTION('',(0.E+000,1.,0.E+000));
#4996 = DEFINITIONAL_REPRESENTATION('',(#4997),#5001);
#4997 = LINE('',#4998,#4999);
#4998 = CARTESIAN_POINT('',(0.E+000,0.E+000));
#4999 = VECTOR('',#5000,1.);
#5000 = DIRECTION('',(0.E+000,-1.));
#5001 = ( GEOMETRIC_REPRESENTATION_CONTEXT(2) 
PARAMETRIC_REPRESENTATION_CONTEXT() REPRESENTATION_CONTEXT('2D SPACE',''
  ) );
#5002 = PCURVE('',#5003,#5008);
#5003 = CYLINDRICAL_SURFACE('',#5004,0.2499995);
#5004 = AXIS2_PLACEMENT_3D('',#5005,#5006,#5007);
#5005 = CARTESIAN_POINT('',(83.70691412,70.5248272,0.E+000));
#5006 = DIRECTION('',(-0.E+000,-0.E+000,-1.));
#5007 = DIRECTION('',(-1.,0.E+000,-0.E+000));
#5008 = DEFINITIONAL_REPRESENTATION('',(#5009),#5013);
#5009 = LINE('',#5010,#5011);
#5010 = CARTESIAN_POINT('',(-3.14159265359,0.E+000));
#5011 = VECTOR('',#5012,1.);
#5012 = DIRECTION('',(-0.E+000,-1.));
#5013 = ( GEOMETRIC_REPRESENTATION_CONTEXT(2) 
PARAMETRIC_REPRESENTATION_CONTEXT() REPRESENTATION_CONTEXT('2D SPACE',''
  ) );
#5014 = ORIENTED_EDGE('',*,*,#5015,.T.);
#5015 = EDGE_CURVE('',#4983,#5016,#5018,.T.);
#5016 = VERTEX_POINT('',#5017);
#5017 = CARTESIAN_POINT('',(83.95691362,71.3248256,0.7984236));
#5018 = SURFACE_CURVE('',#5019,(#5023,#5030),.PCURVE_S1.);
#5019 = LINE('',#5020,#5021);
#5020 = CARTESIAN_POINT('',(83.95691362,70.5248272,0.7984236));
#5021 = VECTOR('',#5022,1.);
#5022 = DIRECTION('',(0.E+000,1.,0.E+000));
#5023 = PCURVE('',#4991,#5024);
#5024 = DEFINITIONAL_REPRESENTATION('',(#5025),#5029);
#5025 = LINE('',#5026,#5027);
#5026 = CARTESIAN_POINT('',(0.E+000,-0.7984236));
#5027 = VECTOR('',#5028,1.);
#5028 = DIRECTION('',(1.,0.E+000));
#5029 = ( GEOMETRIC_REPRESENTATION_CONTEXT(2) 
PARAMETRIC_REPRESENTATION_CONTEXT() REPRESENTATION_CONTEXT('2D SPACE',''
  ) );
#5030 = PCURVE('',#163,#5031);
#5031 = DEFINITIONAL_REPRESENTATION('',(#5032),#5036);
#5032 = LINE('',#5033,#5034);
#5033 = CARTESIAN_POINT('',(-7.75410946,2.26966018));
#5034 = VECTOR('',#5035,1.);
#5035 = DIRECTION('',(0.E+000,1.));
#5036 = ( GEOMETRIC_REPRESENTATION_CONTEXT(2) 
PARAMETRIC_REPRESENTATION_CONTEXT() REPRESENTATION_CONTEXT('2D SPACE',''
  ) );
#5037 = ORIENTED_EDGE('',*,*,#5038,.F.);
#5038 = EDGE_CURVE('',#5039,#5016,#5041,.T.);
#5039 = VERTEX_POINT('',#5040);
#5040 = CARTESIAN_POINT('',(83.95691362,71.3248256,0.E+000));
#5041 = SURFACE_CURVE('',#5042,(#5046,#5053),.PCURVE_S1.);
#5042 = LINE('',#5043,#5044);
#5043 = CARTESIAN_POINT('',(83.95691362,71.3248256,0.E+000));
#5044 = VECTOR('',#5045,1.);
#5045 = DIRECTION('',(0.E+000,0.E+000,1.));
#5046 = PCURVE('',#4991,#5047);
#5047 = DEFINITIONAL_REPRESENTATION('',(#5048),#5052);
#5048 = LINE('',#5049,#5050);
#5049 = CARTESIAN_POINT('',(0.7999984,0.E+000));
#5050 = VECTOR('',#5051,1.);
#5051 = DIRECTION('',(0.E+000,-1.));
#5052 = ( GEOMETRIC_REPRESENTATION_CONTEXT(2) 
PARAMETRIC_REPRESENTATION_CONTEXT() REPRESENTATION_CONTEXT('2D SPACE',''
  ) );
#5053 = PCURVE('',#5054,#5059);
#5054 = CYLINDRICAL_SURFACE('',#5055,0.2499995);
#5055 = AXIS2_PLACEMENT_3D('',#5056,#5057,#5058);
#5056 = CARTESIAN_POINT('',(83.70691412,71.3248256,0.E+000));
#5057 = DIRECTION('',(-0.E+000,-0.E+000,-1.));
#5058 = DIRECTION('',(1.,0.E+000,-0.E+000));
#5059 = DEFINITIONAL_REPRESENTATION('',(#5060),#5064);
#5060 = LINE('',#5061,#5062);
#5061 = CARTESIAN_POINT('',(-0.E+000,0.E+000));
#5062 = VECTOR('',#5063,1.);
#5063 = DIRECTION('',(-0.E+000,-1.));
#5064 = ( GEOMETRIC_REPRESENTATION_CONTEXT(2) 
PARAMETRIC_REPRESENTATION_CONTEXT() REPRESENTATION_CONTEXT('2D SPACE',''
  ) );
#5065 = ORIENTED_EDGE('',*,*,#5066,.F.);
#5066 = EDGE_CURVE('',#4981,#5039,#5067,.T.);
#5067 = SURFACE_CURVE('',#5068,(#5072,#5079),.PCURVE_S1.);
#5068 = LINE('',#5069,#5070);
#5069 = CARTESIAN_POINT('',(83.95691362,70.5248272,0.E+000));
#5070 = VECTOR('',#5071,1.);
#5071 = DIRECTION('',(0.E+000,1.,0.E+000));
#5072 = PCURVE('',#4991,#5073);
#5073 = DEFINITIONAL_REPRESENTATION('',(#5074),#5078);
#5074 = LINE('',#5075,#5076);
#5075 = CARTESIAN_POINT('',(0.E+000,0.E+000));
#5076 = VECTOR('',#5077,1.);
#5077 = DIRECTION('',(1.,0.E+000));
#5078 = ( GEOMETRIC_REPRESENTATION_CONTEXT(2) 
PARAMETRIC_REPRESENTATION_CONTEXT() REPRESENTATION_CONTEXT('2D SPACE',''
  ) );
#5079 = PCURVE('',#217,#5080);
#5080 = DEFINITIONAL_REPRESENTATION('',(#5081),#5085);
#5081 = LINE('',#5082,#5083);
#5082 = CARTESIAN_POINT('',(-7.75410946,2.26966018));
#5083 = VECTOR('',#5084,1.);
#5084 = DIRECTION('',(0.E+000,1.));
#5085 = ( GEOMETRIC_REPRESENTATION_CONTEXT(2) 
PARAMETRIC_REPRESENTATION_CONTEXT() REPRESENTATION_CONTEXT('2D SPACE',''
  ) );
#5086 = ADVANCED_FACE('',(#5087),#5054,.F.);
#5087 = FACE_BOUND('',#5088,.T.);
#5088 = EDGE_LOOP('',(#5089,#5090,#5118,#5146));
#5089 = ORIENTED_EDGE('',*,*,#5038,.T.);
#5090 = ORIENTED_EDGE('',*,*,#5091,.T.);
#5091 = EDGE_CURVE('',#5016,#5092,#5094,.T.);
#5092 = VERTEX_POINT('',#5093);
#5093 = CARTESIAN_POINT('',(83.45691462,71.3248256,0.7984236));
#5094 = SURFACE_CURVE('',#5095,(#5100,#5107),.PCURVE_S1.);
#5095 = CIRCLE('',#5096,0.2499995);
#5096 = AXIS2_PLACEMENT_3D('',#5097,#5098,#5099);
#5097 = CARTESIAN_POINT('',(83.70691412,71.3248256,0.7984236));
#5098 = DIRECTION('',(0.E+000,0.E+000,1.));
#5099 = DIRECTION('',(1.,0.E+000,-0.E+000));
#5100 = PCURVE('',#5054,#5101);
#5101 = DEFINITIONAL_REPRESENTATION('',(#5102),#5106);
#5102 = LINE('',#5103,#5104);
#5103 = CARTESIAN_POINT('',(-0.E+000,-0.7984236));
#5104 = VECTOR('',#5105,1.);
#5105 = DIRECTION('',(-1.,0.E+000));
#5106 = ( GEOMETRIC_REPRESENTATION_CONTEXT(2) 
PARAMETRIC_REPRESENTATION_CONTEXT() REPRESENTATION_CONTEXT('2D SPACE',''
  ) );
#5107 = PCURVE('',#163,#5108);
#5108 = DEFINITIONAL_REPRESENTATION('',(#5109),#5117);
#5109 = ( BOUNDED_CURVE() B_SPLINE_CURVE(2,(#5110,#5111,#5112,#5113,
#5114,#5115,#5116),.UNSPECIFIED.,.T.,.F.) B_SPLINE_CURVE_WITH_KNOTS((1,2
    ,2,2,2,1),(-2.094395102393,0.E+000,2.094395102393,4.188790204786,
6.28318530718,8.377580409573),.UNSPECIFIED.) CURVE() 
GEOMETRIC_REPRESENTATION_ITEM() RATIONAL_B_SPLINE_CURVE((1.,0.5,1.,0.5,
1.,0.5,1.)) REPRESENTATION_ITEM('') );
#5110 = CARTESIAN_POINT('',(-7.75410946,3.06965858));
#5111 = CARTESIAN_POINT('',(-7.75410946,3.502670415867));
#5112 = CARTESIAN_POINT('',(-7.37911021,3.286164497933));
#5113 = CARTESIAN_POINT('',(-7.00411096,3.06965858));
#5114 = CARTESIAN_POINT('',(-7.37911021,2.853152662067));
#5115 = CARTESIAN_POINT('',(-7.75410946,2.636646744133));
#5116 = CARTESIAN_POINT('',(-7.75410946,3.06965858));
#5117 = ( GEOMETRIC_REPRESENTATION_CONTEXT(2) 
PARAMETRIC_REPRESENTATION_CONTEXT() REPRESENTATION_CONTEXT('2D SPACE',''
  ) );
#5118 = ORIENTED_EDGE('',*,*,#5119,.F.);
#5119 = EDGE_CURVE('',#5120,#5092,#5122,.T.);
#5120 = VERTEX_POINT('',#5121);
#5121 = CARTESIAN_POINT('',(83.45691462,71.3248256,0.E+000));
#5122 = SURFACE_CURVE('',#5123,(#5127,#5134),.PCURVE_S1.);
#5123 = LINE('',#5124,#5125);
#5124 = CARTESIAN_POINT('',(83.45691462,71.3248256,0.E+000));
#5125 = VECTOR('',#5126,1.);
#5126 = DIRECTION('',(0.E+000,0.E+000,1.));
#5127 = PCURVE('',#5054,#5128);
#5128 = DEFINITIONAL_REPRESENTATION('',(#5129),#5133);
#5129 = LINE('',#5130,#5131);
#5130 = CARTESIAN_POINT('',(-3.14159265359,0.E+000));
#5131 = VECTOR('',#5132,1.);
#5132 = DIRECTION('',(-0.E+000,-1.));
#5133 = ( GEOMETRIC_REPRESENTATION_CONTEXT(2) 
PARAMETRIC_REPRESENTATION_CONTEXT() REPRESENTATION_CONTEXT('2D SPACE',''
  ) );
#5134 = PCURVE('',#5135,#5140);
#5135 = PLANE('',#5136);
#5136 = AXIS2_PLACEMENT_3D('',#5137,#5138,#5139);
#5137 = CARTESIAN_POINT('',(83.45691462,71.3248256,0.E+000));
#5138 = DIRECTION('',(1.,0.E+000,-0.E+000));
#5139 = DIRECTION('',(0.E+000,-1.,0.E+000));
#5140 = DEFINITIONAL_REPRESENTATION('',(#5141),#5145);
#5141 = LINE('',#5142,#5143);
#5142 = CARTESIAN_POINT('',(0.E+000,0.E+000));
#5143 = VECTOR('',#5144,1.);
#5144 = DIRECTION('',(0.E+000,-1.));
#5145 = ( GEOMETRIC_REPRESENTATION_CONTEXT(2) 
PARAMETRIC_REPRESENTATION_CONTEXT() REPRESENTATION_CONTEXT('2D SPACE',''
  ) );
#5146 = ORIENTED_EDGE('',*,*,#5147,.F.);
#5147 = EDGE_CURVE('',#5039,#5120,#5148,.T.);
#5148 = SURFACE_CURVE('',#5149,(#5154,#5161),.PCURVE_S1.);
#5149 = CIRCLE('',#5150,0.2499995);
#5150 = AXIS2_PLACEMENT_3D('',#5151,#5152,#5153);
#5151 = CARTESIAN_POINT('',(83.70691412,71.3248256,0.E+000));
#5152 = DIRECTION('',(0.E+000,0.E+000,1.));
#5153 = DIRECTION('',(1.,0.E+000,-0.E+000));
#5154 = PCURVE('',#5054,#5155);
#5155 = DEFINITIONAL_REPRESENTATION('',(#5156),#5160);
#5156 = LINE('',#5157,#5158);
#5157 = CARTESIAN_POINT('',(-0.E+000,0.E+000));
#5158 = VECTOR('',#5159,1.);
#5159 = DIRECTION('',(-1.,0.E+000));
#5160 = ( GEOMETRIC_REPRESENTATION_CONTEXT(2) 
PARAMETRIC_REPRESENTATION_CONTEXT() REPRESENTATION_CONTEXT('2D SPACE',''
  ) );
#5161 = PCURVE('',#217,#5162);
#5162 = DEFINITIONAL_REPRESENTATION('',(#5163),#5171);
#5163 = ( BOUNDED_CURVE() B_SPLINE_CURVE(2,(#5164,#5165,#5166,#5167,
#5168,#5169,#5170),.UNSPECIFIED.,.T.,.F.) B_SPLINE_CURVE_WITH_KNOTS((1,2
    ,2,2,2,1),(-2.094395102393,0.E+000,2.094395102393,4.188790204786,
6.28318530718,8.377580409573),.UNSPECIFIED.) CURVE() 
GEOMETRIC_REPRESENTATION_ITEM() RATIONAL_B_SPLINE_CURVE((1.,0.5,1.,0.5,
1.,0.5,1.)) REPRESENTATION_ITEM('') );
#5164 = CARTESIAN_POINT('',(-7.75410946,3.06965858));
#5165 = CARTESIAN_POINT('',(-7.75410946,3.502670415867));
#5166 = CARTESIAN_POINT('',(-7.37911021,3.286164497933));
#5167 = CARTESIAN_POINT('',(-7.00411096,3.06965858));
#5168 = CARTESIAN_POINT('',(-7.37911021,2.853152662067));
#5169 = CARTESIAN_POINT('',(-7.75410946,2.636646744133));
#5170 = CARTESIAN_POINT('',(-7.75410946,3.06965858));
#5171 = ( GEOMETRIC_REPRESENTATION_CONTEXT(2) 
PARAMETRIC_REPRESENTATION_CONTEXT() REPRESENTATION_CONTEXT('2D SPACE',''
  ) );
#5172 = ADVANCED_FACE('',(#5173),#5135,.T.);
#5173 = FACE_BOUND('',#5174,.T.);
#5174 = EDGE_LOOP('',(#5175,#5176,#5199,#5222));
#5175 = ORIENTED_EDGE('',*,*,#5119,.T.);
#5176 = ORIENTED_EDGE('',*,*,#5177,.T.);
#5177 = EDGE_CURVE('',#5092,#5178,#5180,.T.);
#5178 = VERTEX_POINT('',#5179);
#5179 = CARTESIAN_POINT('',(83.45691462,70.5248272,0.7984236));
#5180 = SURFACE_CURVE('',#5181,(#5185,#5192),.PCURVE_S1.);
#5181 = LINE('',#5182,#5183);
#5182 = CARTESIAN_POINT('',(83.45691462,71.3248256,0.7984236));
#5183 = VECTOR('',#5184,1.);
#5184 = DIRECTION('',(0.E+000,-1.,0.E+000));
#5185 = PCURVE('',#5135,#5186);
#5186 = DEFINITIONAL_REPRESENTATION('',(#5187),#5191);
#5187 = LINE('',#5188,#5189);
#5188 = CARTESIAN_POINT('',(0.E+000,-0.7984236));
#5189 = VECTOR('',#5190,1.);
#5190 = DIRECTION('',(1.,0.E+000));
#5191 = ( GEOMETRIC_REPRESENTATION_CONTEXT(2) 
PARAMETRIC_REPRESENTATION_CONTEXT() REPRESENTATION_CONTEXT('2D SPACE',''
  ) );
#5192 = PCURVE('',#163,#5193);
#5193 = DEFINITIONAL_REPRESENTATION('',(#5194),#5198);
#5194 = LINE('',#5195,#5196);
#5195 = CARTESIAN_POINT('',(-7.25411046,3.06965858));
#5196 = VECTOR('',#5197,1.);
#5197 = DIRECTION('',(-0.E+000,-1.));
#5198 = ( GEOMETRIC_REPRESENTATION_CONTEXT(2) 
PARAMETRIC_REPRESENTATION_CONTEXT() REPRESENTATION_CONTEXT('2D SPACE',''
  ) );
#5199 = ORIENTED_EDGE('',*,*,#5200,.F.);
#5200 = EDGE_CURVE('',#5201,#5178,#5203,.T.);
#5201 = VERTEX_POINT('',#5202);
#5202 = CARTESIAN_POINT('',(83.45691462,70.5248272,0.E+000));
#5203 = SURFACE_CURVE('',#5204,(#5208,#5215),.PCURVE_S1.);
#5204 = LINE('',#5205,#5206);
#5205 = CARTESIAN_POINT('',(83.45691462,70.5248272,0.E+000));
#5206 = VECTOR('',#5207,1.);
#5207 = DIRECTION('',(0.E+000,0.E+000,1.));
#5208 = PCURVE('',#5135,#5209);
#5209 = DEFINITIONAL_REPRESENTATION('',(#5210),#5214);
#5210 = LINE('',#5211,#5212);
#5211 = CARTESIAN_POINT('',(0.7999984,0.E+000));
#5212 = VECTOR('',#5213,1.);
#5213 = DIRECTION('',(0.E+000,-1.));
#5214 = ( GEOMETRIC_REPRESENTATION_CONTEXT(2) 
PARAMETRIC_REPRESENTATION_CONTEXT() REPRESENTATION_CONTEXT('2D SPACE',''
  ) );
#5215 = PCURVE('',#5003,#5216);
#5216 = DEFINITIONAL_REPRESENTATION('',(#5217),#5221);
#5217 = LINE('',#5218,#5219);
#5218 = CARTESIAN_POINT('',(-0.E+000,0.E+000));
#5219 = VECTOR('',#5220,1.);
#5220 = DIRECTION('',(-0.E+000,-1.));
#5221 = ( GEOMETRIC_REPRESENTATION_CONTEXT(2) 
PARAMETRIC_REPRESENTATION_CONTEXT() REPRESENTATION_CONTEXT('2D SPACE',''
  ) );
#5222 = ORIENTED_EDGE('',*,*,#5223,.F.);
#5223 = EDGE_CURVE('',#5120,#5201,#5224,.T.);
#5224 = SURFACE_CURVE('',#5225,(#5229,#5236),.PCURVE_S1.);
#5225 = LINE('',#5226,#5227);
#5226 = CARTESIAN_POINT('',(83.45691462,71.3248256,0.E+000));
#5227 = VECTOR('',#5228,1.);
#5228 = DIRECTION('',(0.E+000,-1.,0.E+000));
#5229 = PCURVE('',#5135,#5230);
#5230 = DEFINITIONAL_REPRESENTATION('',(#5231),#5235);
#5231 = LINE('',#5232,#5233);
#5232 = CARTESIAN_POINT('',(0.E+000,0.E+000));
#5233 = VECTOR('',#5234,1.);
#5234 = DIRECTION('',(1.,0.E+000));
#5235 = ( GEOMETRIC_REPRESENTATION_CONTEXT(2) 
PARAMETRIC_REPRESENTATION_CONTEXT() REPRESENTATION_CONTEXT('2D SPACE',''
  ) );
#5236 = PCURVE('',#217,#5237);
#5237 = DEFINITIONAL_REPRESENTATION('',(#5238),#5242);
#5238 = LINE('',#5239,#5240);
#5239 = CARTESIAN_POINT('',(-7.25411046,3.06965858));
#5240 = VECTOR('',#5241,1.);
#5241 = DIRECTION('',(-0.E+000,-1.));
#5242 = ( GEOMETRIC_REPRESENTATION_CONTEXT(2) 
PARAMETRIC_REPRESENTATION_CONTEXT() REPRESENTATION_CONTEXT('2D SPACE',''
  ) );
#5243 = ADVANCED_FACE('',(#5244),#5003,.F.);
#5244 = FACE_BOUND('',#5245,.T.);
#5245 = EDGE_LOOP('',(#5246,#5247,#5273,#5274));
#5246 = ORIENTED_EDGE('',*,*,#5200,.T.);
#5247 = ORIENTED_EDGE('',*,*,#5248,.T.);
#5248 = EDGE_CURVE('',#5178,#4983,#5249,.T.);
#5249 = SURFACE_CURVE('',#5250,(#5255,#5262),.PCURVE_S1.);
#5250 = CIRCLE('',#5251,0.2499995);
#5251 = AXIS2_PLACEMENT_3D('',#5252,#5253,#5254);
#5252 = CARTESIAN_POINT('',(83.70691412,70.5248272,0.7984236));
#5253 = DIRECTION('',(0.E+000,0.E+000,1.));
#5254 = DIRECTION('',(-1.,0.E+000,-0.E+000));
#5255 = PCURVE('',#5003,#5256);
#5256 = DEFINITIONAL_REPRESENTATION('',(#5257),#5261);
#5257 = LINE('',#5258,#5259);
#5258 = CARTESIAN_POINT('',(-0.E+000,-0.7984236));
#5259 = VECTOR('',#5260,1.);
#5260 = DIRECTION('',(-1.,0.E+000));
#5261 = ( GEOMETRIC_REPRESENTATION_CONTEXT(2) 
PARAMETRIC_REPRESENTATION_CONTEXT() REPRESENTATION_CONTEXT('2D SPACE',''
  ) );
#5262 = PCURVE('',#163,#5263);
#5263 = DEFINITIONAL_REPRESENTATION('',(#5264),#5272);
#5264 = ( BOUNDED_CURVE() B_SPLINE_CURVE(2,(#5265,#5266,#5267,#5268,
#5269,#5270,#5271),.UNSPECIFIED.,.F.,.F.) B_SPLINE_CURVE_WITH_KNOTS((1,2
    ,2,2,2,1),(-2.094395102393,0.E+000,2.094395102393,4.188790204786,
6.28318530718,8.377580409573),.UNSPECIFIED.) CURVE() 
GEOMETRIC_REPRESENTATION_ITEM() RATIONAL_B_SPLINE_CURVE((1.,0.5,1.,0.5,
1.,0.5,1.)) REPRESENTATION_ITEM('') );
#5265 = CARTESIAN_POINT('',(-7.25411046,2.26966018));
#5266 = CARTESIAN_POINT('',(-7.25411046,1.836648344133));
#5267 = CARTESIAN_POINT('',(-7.62910971,2.053154262067));
#5268 = CARTESIAN_POINT('',(-8.00410896,2.26966018));
#5269 = CARTESIAN_POINT('',(-7.62910971,2.486166097933));
#5270 = CARTESIAN_POINT('',(-7.25411046,2.702672015867));
#5271 = CARTESIAN_POINT('',(-7.25411046,2.26966018));
#5272 = ( GEOMETRIC_REPRESENTATION_CONTEXT(2) 
PARAMETRIC_REPRESENTATION_CONTEXT() REPRESENTATION_CONTEXT('2D SPACE',''
  ) );
#5273 = ORIENTED_EDGE('',*,*,#4980,.F.);
#5274 = ORIENTED_EDGE('',*,*,#5275,.F.);
#5275 = EDGE_CURVE('',#5201,#4981,#5276,.T.);
#5276 = SURFACE_CURVE('',#5277,(#5282,#5289),.PCURVE_S1.);
#5277 = CIRCLE('',#5278,0.2499995);
#5278 = AXIS2_PLACEMENT_3D('',#5279,#5280,#5281);
#5279 = CARTESIAN_POINT('',(83.70691412,70.5248272,0.E+000));
#5280 = DIRECTION('',(0.E+000,0.E+000,1.));
#5281 = DIRECTION('',(-1.,0.E+000,-0.E+000));
#5282 = PCURVE('',#5003,#5283);
#5283 = DEFINITIONAL_REPRESENTATION('',(#5284),#5288);
#5284 = LINE('',#5285,#5286);
#5285 = CARTESIAN_POINT('',(-0.E+000,0.E+000));
#5286 = VECTOR('',#5287,1.);
#5287 = DIRECTION('',(-1.,0.E+000));
#5288 = ( GEOMETRIC_REPRESENTATION_CONTEXT(2) 
PARAMETRIC_REPRESENTATION_CONTEXT() REPRESENTATION_CONTEXT('2D SPACE',''
  ) );
#5289 = PCURVE('',#217,#5290);
#5290 = DEFINITIONAL_REPRESENTATION('',(#5291),#5299);
#5291 = ( BOUNDED_CURVE() B_SPLINE_CURVE(2,(#5292,#5293,#5294,#5295,
#5296,#5297,#5298),.UNSPECIFIED.,.F.,.F.) B_SPLINE_CURVE_WITH_KNOTS((1,2
    ,2,2,2,1),(-2.094395102393,0.E+000,2.094395102393,4.188790204786,
6.28318530718,8.377580409573),.UNSPECIFIED.) CURVE() 
GEOMETRIC_REPRESENTATION_ITEM() RATIONAL_B_SPLINE_CURVE((1.,0.5,1.,0.5,
1.,0.5,1.)) REPRESENTATION_ITEM('') );
#5292 = CARTESIAN_POINT('',(-7.25411046,2.26966018));
#5293 = CARTESIAN_POINT('',(-7.25411046,1.836648344133));
#5294 = CARTESIAN_POINT('',(-7.62910971,2.053154262067));
#5295 = CARTESIAN_POINT('',(-8.00410896,2.26966018));
#5296 = CARTESIAN_POINT('',(-7.62910971,2.486166097933));
#5297 = CARTESIAN_POINT('',(-7.25411046,2.702672015867));
#5298 = CARTESIAN_POINT('',(-7.25411046,2.26966018));
#5299 = ( GEOMETRIC_REPRESENTATION_CONTEXT(2) 
PARAMETRIC_REPRESENTATION_CONTEXT() REPRESENTATION_CONTEXT('2D SPACE',''
  ) );
#5300 = ADVANCED_FACE('',(#5301),#5315,.T.);
#5301 = FACE_BOUND('',#5302,.T.);
#5302 = EDGE_LOOP('',(#5303,#5338,#5361,#5389));
#5303 = ORIENTED_EDGE('',*,*,#5304,.T.);
#5304 = EDGE_CURVE('',#5305,#5307,#5309,.T.);
#5305 = VERTEX_POINT('',#5306);
#5306 = CARTESIAN_POINT('',(83.95691362,74.504804,0.E+000));
#5307 = VERTEX_POINT('',#5308);
#5308 = CARTESIAN_POINT('',(83.95691362,74.504804,0.7984236));
#5309 = SURFACE_CURVE('',#5310,(#5314,#5326),.PCURVE_S1.);
#5310 = LINE('',#5311,#5312);
#5311 = CARTESIAN_POINT('',(83.95691362,74.504804,0.E+000));
#5312 = VECTOR('',#5313,1.);
#5313 = DIRECTION('',(0.E+000,0.E+000,1.));
#5314 = PCURVE('',#5315,#5320);
#5315 = PLANE('',#5316);
#5316 = AXIS2_PLACEMENT_3D('',#5317,#5318,#5319);
#5317 = CARTESIAN_POINT('',(83.95691362,74.504804,0.E+000));
#5318 = DIRECTION('',(-1.,0.E+000,0.E+000));
#5319 = DIRECTION('',(0.E+000,1.,0.E+000));
#5320 = DEFINITIONAL_REPRESENTATION('',(#5321),#5325);
#5321 = LINE('',#5322,#5323);
#5322 = CARTESIAN_POINT('',(0.E+000,0.E+000));
#5323 = VECTOR('',#5324,1.);
#5324 = DIRECTION('',(0.E+000,-1.));
#5325 = ( GEOMETRIC_REPRESENTATION_CONTEXT(2) 
PARAMETRIC_REPRESENTATION_CONTEXT() REPRESENTATION_CONTEXT('2D SPACE',''
  ) );
#5326 = PCURVE('',#5327,#5332);
#5327 = CYLINDRICAL_SURFACE('',#5328,0.2499995);
#5328 = AXIS2_PLACEMENT_3D('',#5329,#5330,#5331);
#5329 = CARTESIAN_POINT('',(83.70691412,74.504804,0.E+000));
#5330 = DIRECTION('',(-0.E+000,-0.E+000,-1.));
#5331 = DIRECTION('',(-1.,0.E+000,-0.E+000));
#5332 = DEFINITIONAL_REPRESENTATION('',(#5333),#5337);
#5333 = LINE('',#5334,#5335);
#5334 = CARTESIAN_POINT('',(-3.14159265359,0.E+000));
#5335 = VECTOR('',#5336,1.);
#5336 = DIRECTION('',(-0.E+000,-1.));
#5337 = ( GEOMETRIC_REPRESENTATION_CONTEXT(2) 
PARAMETRIC_REPRESENTATION_CONTEXT() REPRESENTATION_CONTEXT('2D SPACE',''
  ) );
#5338 = ORIENTED_EDGE('',*,*,#5339,.T.);
#5339 = EDGE_CURVE('',#5307,#5340,#5342,.T.);
#5340 = VERTEX_POINT('',#5341);
#5341 = CARTESIAN_POINT('',(83.95691362,75.7048016,0.7984236));
#5342 = SURFACE_CURVE('',#5343,(#5347,#5354),.PCURVE_S1.);
#5343 = LINE('',#5344,#5345);
#5344 = CARTESIAN_POINT('',(83.95691362,74.504804,0.7984236));
#5345 = VECTOR('',#5346,1.);
#5346 = DIRECTION('',(0.E+000,1.,0.E+000));
#5347 = PCURVE('',#5315,#5348);
#5348 = DEFINITIONAL_REPRESENTATION('',(#5349),#5353);
#5349 = LINE('',#5350,#5351);
#5350 = CARTESIAN_POINT('',(0.E+000,-0.7984236));
#5351 = VECTOR('',#5352,1.);
#5352 = DIRECTION('',(1.,0.E+000));
#5353 = ( GEOMETRIC_REPRESENTATION_CONTEXT(2) 
PARAMETRIC_REPRESENTATION_CONTEXT() REPRESENTATION_CONTEXT('2D SPACE',''
  ) );
#5354 = PCURVE('',#163,#5355);
#5355 = DEFINITIONAL_REPRESENTATION('',(#5356),#5360);
#5356 = LINE('',#5357,#5358);
#5357 = CARTESIAN_POINT('',(-7.75410946,6.24963698));
#5358 = VECTOR('',#5359,1.);
#5359 = DIRECTION('',(0.E+000,1.));
#5360 = ( GEOMETRIC_REPRESENTATION_CONTEXT(2) 
PARAMETRIC_REPRESENTATION_CONTEXT() REPRESENTATION_CONTEXT('2D SPACE',''
  ) );
#5361 = ORIENTED_EDGE('',*,*,#5362,.F.);
#5362 = EDGE_CURVE('',#5363,#5340,#5365,.T.);
#5363 = VERTEX_POINT('',#5364);
#5364 = CARTESIAN_POINT('',(83.95691362,75.7048016,0.E+000));
#5365 = SURFACE_CURVE('',#5366,(#5370,#5377),.PCURVE_S1.);
#5366 = LINE('',#5367,#5368);
#5367 = CARTESIAN_POINT('',(83.95691362,75.7048016,0.E+000));
#5368 = VECTOR('',#5369,1.);
#5369 = DIRECTION('',(0.E+000,0.E+000,1.));
#5370 = PCURVE('',#5315,#5371);
#5371 = DEFINITIONAL_REPRESENTATION('',(#5372),#5376);
#5372 = LINE('',#5373,#5374);
#5373 = CARTESIAN_POINT('',(1.1999976,0.E+000));
#5374 = VECTOR('',#5375,1.);
#5375 = DIRECTION('',(0.E+000,-1.));
#5376 = ( GEOMETRIC_REPRESENTATION_CONTEXT(2) 
PARAMETRIC_REPRESENTATION_CONTEXT() REPRESENTATION_CONTEXT('2D SPACE',''
  ) );
#5377 = PCURVE('',#5378,#5383);
#5378 = CYLINDRICAL_SURFACE('',#5379,0.2499995);
#5379 = AXIS2_PLACEMENT_3D('',#5380,#5381,#5382);
#5380 = CARTESIAN_POINT('',(83.70691412,75.7048016,0.E+000));
#5381 = DIRECTION('',(-0.E+000,-0.E+000,-1.));
#5382 = DIRECTION('',(1.,0.E+000,-0.E+000));
#5383 = DEFINITIONAL_REPRESENTATION('',(#5384),#5388);
#5384 = LINE('',#5385,#5386);
#5385 = CARTESIAN_POINT('',(-0.E+000,0.E+000));
#5386 = VECTOR('',#5387,1.);
#5387 = DIRECTION('',(-0.E+000,-1.));
#5388 = ( GEOMETRIC_REPRESENTATION_CONTEXT(2) 
PARAMETRIC_REPRESENTATION_CONTEXT() REPRESENTATION_CONTEXT('2D SPACE',''
  ) );
#5389 = ORIENTED_EDGE('',*,*,#5390,.F.);
#5390 = EDGE_CURVE('',#5305,#5363,#5391,.T.);
#5391 = SURFACE_CURVE('',#5392,(#5396,#5403),.PCURVE_S1.);
#5392 = LINE('',#5393,#5394);
#5393 = CARTESIAN_POINT('',(83.95691362,74.504804,0.E+000));
#5394 = VECTOR('',#5395,1.);
#5395 = DIRECTION('',(0.E+000,1.,0.E+000));
#5396 = PCURVE('',#5315,#5397);
#5397 = DEFINITIONAL_REPRESENTATION('',(#5398),#5402);
#5398 = LINE('',#5399,#5400);
#5399 = CARTESIAN_POINT('',(0.E+000,0.E+000));
#5400 = VECTOR('',#5401,1.);
#5401 = DIRECTION('',(1.,0.E+000));
#5402 = ( GEOMETRIC_REPRESENTATION_CONTEXT(2) 
PARAMETRIC_REPRESENTATION_CONTEXT() REPRESENTATION_CONTEXT('2D SPACE',''
  ) );
#5403 = PCURVE('',#217,#5404);
#5404 = DEFINITIONAL_REPRESENTATION('',(#5405),#5409);
#5405 = LINE('',#5406,#5407);
#5406 = CARTESIAN_POINT('',(-7.75410946,6.24963698));
#5407 = VECTOR('',#5408,1.);
#5408 = DIRECTION('',(0.E+000,1.));
#5409 = ( GEOMETRIC_REPRESENTATION_CONTEXT(2) 
PARAMETRIC_REPRESENTATION_CONTEXT() REPRESENTATION_CONTEXT('2D SPACE',''
  ) );
#5410 = ADVANCED_FACE('',(#5411),#5378,.F.);
#5411 = FACE_BOUND('',#5412,.T.);
#5412 = EDGE_LOOP('',(#5413,#5414,#5442,#5470));
#5413 = ORIENTED_EDGE('',*,*,#5362,.T.);
#5414 = ORIENTED_EDGE('',*,*,#5415,.T.);
#5415 = EDGE_CURVE('',#5340,#5416,#5418,.T.);
#5416 = VERTEX_POINT('',#5417);
#5417 = CARTESIAN_POINT('',(83.45691462,75.7048016,0.7984236));
#5418 = SURFACE_CURVE('',#5419,(#5424,#5431),.PCURVE_S1.);
#5419 = CIRCLE('',#5420,0.2499995);
#5420 = AXIS2_PLACEMENT_3D('',#5421,#5422,#5423);
#5421 = CARTESIAN_POINT('',(83.70691412,75.7048016,0.7984236));
#5422 = DIRECTION('',(0.E+000,0.E+000,1.));
#5423 = DIRECTION('',(1.,0.E+000,-0.E+000));
#5424 = PCURVE('',#5378,#5425);
#5425 = DEFINITIONAL_REPRESENTATION('',(#5426),#5430);
#5426 = LINE('',#5427,#5428);
#5427 = CARTESIAN_POINT('',(-0.E+000,-0.7984236));
#5428 = VECTOR('',#5429,1.);
#5429 = DIRECTION('',(-1.,0.E+000));
#5430 = ( GEOMETRIC_REPRESENTATION_CONTEXT(2) 
PARAMETRIC_REPRESENTATION_CONTEXT() REPRESENTATION_CONTEXT('2D SPACE',''
  ) );
#5431 = PCURVE('',#163,#5432);
#5432 = DEFINITIONAL_REPRESENTATION('',(#5433),#5441);
#5433 = ( BOUNDED_CURVE() B_SPLINE_CURVE(2,(#5434,#5435,#5436,#5437,
#5438,#5439,#5440),.UNSPECIFIED.,.T.,.F.) B_SPLINE_CURVE_WITH_KNOTS((1,2
    ,2,2,2,1),(-2.094395102393,0.E+000,2.094395102393,4.188790204786,
6.28318530718,8.377580409573),.UNSPECIFIED.) CURVE() 
GEOMETRIC_REPRESENTATION_ITEM() RATIONAL_B_SPLINE_CURVE((1.,0.5,1.,0.5,
1.,0.5,1.)) REPRESENTATION_ITEM('') );
#5434 = CARTESIAN_POINT('',(-7.75410946,7.44963458));
#5435 = CARTESIAN_POINT('',(-7.75410946,7.882646415867));
#5436 = CARTESIAN_POINT('',(-7.37911021,7.666140497933));
#5437 = CARTESIAN_POINT('',(-7.00411096,7.44963458));
#5438 = CARTESIAN_POINT('',(-7.37911021,7.233128662067));
#5439 = CARTESIAN_POINT('',(-7.75410946,7.016622744133));
#5440 = CARTESIAN_POINT('',(-7.75410946,7.44963458));
#5441 = ( GEOMETRIC_REPRESENTATION_CONTEXT(2) 
PARAMETRIC_REPRESENTATION_CONTEXT() REPRESENTATION_CONTEXT('2D SPACE',''
  ) );
#5442 = ORIENTED_EDGE('',*,*,#5443,.F.);
#5443 = EDGE_CURVE('',#5444,#5416,#5446,.T.);
#5444 = VERTEX_POINT('',#5445);
#5445 = CARTESIAN_POINT('',(83.45691462,75.7048016,0.E+000));
#5446 = SURFACE_CURVE('',#5447,(#5451,#5458),.PCURVE_S1.);
#5447 = LINE('',#5448,#5449);
#5448 = CARTESIAN_POINT('',(83.45691462,75.7048016,0.E+000));
#5449 = VECTOR('',#5450,1.);
#5450 = DIRECTION('',(0.E+000,0.E+000,1.));
#5451 = PCURVE('',#5378,#5452);
#5452 = DEFINITIONAL_REPRESENTATION('',(#5453),#5457);
#5453 = LINE('',#5454,#5455);
#5454 = CARTESIAN_POINT('',(-3.14159265359,0.E+000));
#5455 = VECTOR('',#5456,1.);
#5456 = DIRECTION('',(-0.E+000,-1.));
#5457 = ( GEOMETRIC_REPRESENTATION_CONTEXT(2) 
PARAMETRIC_REPRESENTATION_CONTEXT() REPRESENTATION_CONTEXT('2D SPACE',''
  ) );
#5458 = PCURVE('',#5459,#5464);
#5459 = PLANE('',#5460);
#5460 = AXIS2_PLACEMENT_3D('',#5461,#5462,#5463);
#5461 = CARTESIAN_POINT('',(83.45691462,75.7048016,0.E+000));
#5462 = DIRECTION('',(1.,0.E+000,-0.E+000));
#5463 = DIRECTION('',(0.E+000,-1.,0.E+000));
#5464 = DEFINITIONAL_REPRESENTATION('',(#5465),#5469);
#5465 = LINE('',#5466,#5467);
#5466 = CARTESIAN_POINT('',(0.E+000,0.E+000));
#5467 = VECTOR('',#5468,1.);
#5468 = DIRECTION('',(0.E+000,-1.));
#5469 = ( GEOMETRIC_REPRESENTATION_CONTEXT(2) 
PARAMETRIC_REPRESENTATION_CONTEXT() REPRESENTATION_CONTEXT('2D SPACE',''
  ) );
#5470 = ORIENTED_EDGE('',*,*,#5471,.F.);
#5471 = EDGE_CURVE('',#5363,#5444,#5472,.T.);
#5472 = SURFACE_CURVE('',#5473,(#5478,#5485),.PCURVE_S1.);
#5473 = CIRCLE('',#5474,0.2499995);
#5474 = AXIS2_PLACEMENT_3D('',#5475,#5476,#5477);
#5475 = CARTESIAN_POINT('',(83.70691412,75.7048016,0.E+000));
#5476 = DIRECTION('',(0.E+000,0.E+000,1.));
#5477 = DIRECTION('',(1.,0.E+000,-0.E+000));
#5478 = PCURVE('',#5378,#5479);
#5479 = DEFINITIONAL_REPRESENTATION('',(#5480),#5484);
#5480 = LINE('',#5481,#5482);
#5481 = CARTESIAN_POINT('',(-0.E+000,0.E+000));
#5482 = VECTOR('',#5483,1.);
#5483 = DIRECTION('',(-1.,0.E+000));
#5484 = ( GEOMETRIC_REPRESENTATION_CONTEXT(2) 
PARAMETRIC_REPRESENTATION_CONTEXT() REPRESENTATION_CONTEXT('2D SPACE',''
  ) );
#5485 = PCURVE('',#217,#5486);
#5486 = DEFINITIONAL_REPRESENTATION('',(#5487),#5495);
#5487 = ( BOUNDED_CURVE() B_SPLINE_CURVE(2,(#5488,#5489,#5490,#5491,
#5492,#5493,#5494),.UNSPECIFIED.,.T.,.F.) B_SPLINE_CURVE_WITH_KNOTS((1,2
    ,2,2,2,1),(-2.094395102393,0.E+000,2.094395102393,4.188790204786,
6.28318530718,8.377580409573),.UNSPECIFIED.) CURVE() 
GEOMETRIC_REPRESENTATION_ITEM() RATIONAL_B_SPLINE_CURVE((1.,0.5,1.,0.5,
1.,0.5,1.)) REPRESENTATION_ITEM('') );
#5488 = CARTESIAN_POINT('',(-7.75410946,7.44963458));
#5489 = CARTESIAN_POINT('',(-7.75410946,7.882646415867));
#5490 = CARTESIAN_POINT('',(-7.37911021,7.666140497933));
#5491 = CARTESIAN_POINT('',(-7.00411096,7.44963458));
#5492 = CARTESIAN_POINT('',(-7.37911021,7.233128662067));
#5493 = CARTESIAN_POINT('',(-7.75410946,7.016622744133));
#5494 = CARTESIAN_POINT('',(-7.75410946,7.44963458));
#5495 = ( GEOMETRIC_REPRESENTATION_CONTEXT(2) 
PARAMETRIC_REPRESENTATION_CONTEXT() REPRESENTATION_CONTEXT('2D SPACE',''
  ) );
#5496 = ADVANCED_FACE('',(#5497),#5459,.T.);
#5497 = FACE_BOUND('',#5498,.T.);
#5498 = EDGE_LOOP('',(#5499,#5500,#5523,#5546));
#5499 = ORIENTED_EDGE('',*,*,#5443,.T.);
#5500 = ORIENTED_EDGE('',*,*,#5501,.T.);
#5501 = EDGE_CURVE('',#5416,#5502,#5504,.T.);
#5502 = VERTEX_POINT('',#5503);
#5503 = CARTESIAN_POINT('',(83.45691462,74.504804,0.7984236));
#5504 = SURFACE_CURVE('',#5505,(#5509,#5516),.PCURVE_S1.);
#5505 = LINE('',#5506,#5507);
#5506 = CARTESIAN_POINT('',(83.45691462,75.7048016,0.7984236));
#5507 = VECTOR('',#5508,1.);
#5508 = DIRECTION('',(0.E+000,-1.,0.E+000));
#5509 = PCURVE('',#5459,#5510);
#5510 = DEFINITIONAL_REPRESENTATION('',(#5511),#5515);
#5511 = LINE('',#5512,#5513);
#5512 = CARTESIAN_POINT('',(0.E+000,-0.7984236));
#5513 = VECTOR('',#5514,1.);
#5514 = DIRECTION('',(1.,0.E+000));
#5515 = ( GEOMETRIC_REPRESENTATION_CONTEXT(2) 
PARAMETRIC_REPRESENTATION_CONTEXT() REPRESENTATION_CONTEXT('2D SPACE',''
  ) );
#5516 = PCURVE('',#163,#5517);
#5517 = DEFINITIONAL_REPRESENTATION('',(#5518),#5522);
#5518 = LINE('',#5519,#5520);
#5519 = CARTESIAN_POINT('',(-7.25411046,7.44963458));
#5520 = VECTOR('',#5521,1.);
#5521 = DIRECTION('',(-0.E+000,-1.));
#5522 = ( GEOMETRIC_REPRESENTATION_CONTEXT(2) 
PARAMETRIC_REPRESENTATION_CONTEXT() REPRESENTATION_CONTEXT('2D SPACE',''
  ) );
#5523 = ORIENTED_EDGE('',*,*,#5524,.F.);
#5524 = EDGE_CURVE('',#5525,#5502,#5527,.T.);
#5525 = VERTEX_POINT('',#5526);
#5526 = CARTESIAN_POINT('',(83.45691462,74.504804,0.E+000));
#5527 = SURFACE_CURVE('',#5528,(#5532,#5539),.PCURVE_S1.);
#5528 = LINE('',#5529,#5530);
#5529 = CARTESIAN_POINT('',(83.45691462,74.504804,0.E+000));
#5530 = VECTOR('',#5531,1.);
#5531 = DIRECTION('',(0.E+000,0.E+000,1.));
#5532 = PCURVE('',#5459,#5533);
#5533 = DEFINITIONAL_REPRESENTATION('',(#5534),#5538);
#5534 = LINE('',#5535,#5536);
#5535 = CARTESIAN_POINT('',(1.1999976,0.E+000));
#5536 = VECTOR('',#5537,1.);
#5537 = DIRECTION('',(0.E+000,-1.));
#5538 = ( GEOMETRIC_REPRESENTATION_CONTEXT(2) 
PARAMETRIC_REPRESENTATION_CONTEXT() REPRESENTATION_CONTEXT('2D SPACE',''
  ) );
#5539 = PCURVE('',#5327,#5540);
#5540 = DEFINITIONAL_REPRESENTATION('',(#5541),#5545);
#5541 = LINE('',#5542,#5543);
#5542 = CARTESIAN_POINT('',(-0.E+000,0.E+000));
#5543 = VECTOR('',#5544,1.);
#5544 = DIRECTION('',(-0.E+000,-1.));
#5545 = ( GEOMETRIC_REPRESENTATION_CONTEXT(2) 
PARAMETRIC_REPRESENTATION_CONTEXT() REPRESENTATION_CONTEXT('2D SPACE',''
  ) );
#5546 = ORIENTED_EDGE('',*,*,#5547,.F.);
#5547 = EDGE_CURVE('',#5444,#5525,#5548,.T.);
#5548 = SURFACE_CURVE('',#5549,(#5553,#5560),.PCURVE_S1.);
#5549 = LINE('',#5550,#5551);
#5550 = CARTESIAN_POINT('',(83.45691462,75.7048016,0.E+000));
#5551 = VECTOR('',#5552,1.);
#5552 = DIRECTION('',(0.E+000,-1.,0.E+000));
#5553 = PCURVE('',#5459,#5554);
#5554 = DEFINITIONAL_REPRESENTATION('',(#5555),#5559);
#5555 = LINE('',#5556,#5557);
#5556 = CARTESIAN_POINT('',(0.E+000,0.E+000));
#5557 = VECTOR('',#5558,1.);
#5558 = DIRECTION('',(1.,0.E+000));
#5559 = ( GEOMETRIC_REPRESENTATION_CONTEXT(2) 
PARAMETRIC_REPRESENTATION_CONTEXT() REPRESENTATION_CONTEXT('2D SPACE',''
  ) );
#5560 = PCURVE('',#217,#5561);
#5561 = DEFINITIONAL_REPRESENTATION('',(#5562),#5566);
#5562 = LINE('',#5563,#5564);
#5563 = CARTESIAN_POINT('',(-7.25411046,7.44963458));
#5564 = VECTOR('',#5565,1.);
#5565 = DIRECTION('',(-0.E+000,-1.));
#5566 = ( GEOMETRIC_REPRESENTATION_CONTEXT(2) 
PARAMETRIC_REPRESENTATION_CONTEXT() REPRESENTATION_CONTEXT('2D SPACE',''
  ) );
#5567 = ADVANCED_FACE('',(#5568),#5327,.F.);
#5568 = FACE_BOUND('',#5569,.T.);
#5569 = EDGE_LOOP('',(#5570,#5571,#5597,#5598));
#5570 = ORIENTED_EDGE('',*,*,#5524,.T.);
#5571 = ORIENTED_EDGE('',*,*,#5572,.T.);
#5572 = EDGE_CURVE('',#5502,#5307,#5573,.T.);
#5573 = SURFACE_CURVE('',#5574,(#5579,#5586),.PCURVE_S1.);
#5574 = CIRCLE('',#5575,0.2499995);
#5575 = AXIS2_PLACEMENT_3D('',#5576,#5577,#5578);
#5576 = CARTESIAN_POINT('',(83.70691412,74.504804,0.7984236));
#5577 = DIRECTION('',(0.E+000,0.E+000,1.));
#5578 = DIRECTION('',(-1.,0.E+000,-0.E+000));
#5579 = PCURVE('',#5327,#5580);
#5580 = DEFINITIONAL_REPRESENTATION('',(#5581),#5585);
#5581 = LINE('',#5582,#5583);
#5582 = CARTESIAN_POINT('',(-0.E+000,-0.7984236));
#5583 = VECTOR('',#5584,1.);
#5584 = DIRECTION('',(-1.,0.E+000));
#5585 = ( GEOMETRIC_REPRESENTATION_CONTEXT(2) 
PARAMETRIC_REPRESENTATION_CONTEXT() REPRESENTATION_CONTEXT('2D SPACE',''
  ) );
#5586 = PCURVE('',#163,#5587);
#5587 = DEFINITIONAL_REPRESENTATION('',(#5588),#5596);
#5588 = ( BOUNDED_CURVE() B_SPLINE_CURVE(2,(#5589,#5590,#5591,#5592,
#5593,#5594,#5595),.UNSPECIFIED.,.F.,.F.) B_SPLINE_CURVE_WITH_KNOTS((1,2
    ,2,2,2,1),(-2.094395102393,0.E+000,2.094395102393,4.188790204786,
6.28318530718,8.377580409573),.UNSPECIFIED.) CURVE() 
GEOMETRIC_REPRESENTATION_ITEM() RATIONAL_B_SPLINE_CURVE((1.,0.5,1.,0.5,
1.,0.5,1.)) REPRESENTATION_ITEM('') );
#5589 = CARTESIAN_POINT('',(-7.25411046,6.24963698));
#5590 = CARTESIAN_POINT('',(-7.25411046,5.816625144133));
#5591 = CARTESIAN_POINT('',(-7.62910971,6.033131062067));
#5592 = CARTESIAN_POINT('',(-8.00410896,6.24963698));
#5593 = CARTESIAN_POINT('',(-7.62910971,6.466142897933));
#5594 = CARTESIAN_POINT('',(-7.25411046,6.682648815867));
#5595 = CARTESIAN_POINT('',(-7.25411046,6.24963698));
#5596 = ( GEOMETRIC_REPRESENTATION_CONTEXT(2) 
PARAMETRIC_REPRESENTATION_CONTEXT() REPRESENTATION_CONTEXT('2D SPACE',''
  ) );
#5597 = ORIENTED_EDGE('',*,*,#5304,.F.);
#5598 = ORIENTED_EDGE('',*,*,#5599,.F.);
#5599 = EDGE_CURVE('',#5525,#5305,#5600,.T.);
#5600 = SURFACE_CURVE('',#5601,(#5606,#5613),.PCURVE_S1.);
#5601 = CIRCLE('',#5602,0.2499995);
#5602 = AXIS2_PLACEMENT_3D('',#5603,#5604,#5605);
#5603 = CARTESIAN_POINT('',(83.70691412,74.504804,0.E+000));
#5604 = DIRECTION('',(0.E+000,0.E+000,1.));
#5605 = DIRECTION('',(-1.,0.E+000,-0.E+000));
#5606 = PCURVE('',#5327,#5607);
#5607 = DEFINITIONAL_REPRESENTATION('',(#5608),#5612);
#5608 = LINE('',#5609,#5610);
#5609 = CARTESIAN_POINT('',(-0.E+000,0.E+000));
#5610 = VECTOR('',#5611,1.);
#5611 = DIRECTION('',(-1.,0.E+000));
#5612 = ( GEOMETRIC_REPRESENTATION_CONTEXT(2) 
PARAMETRIC_REPRESENTATION_CONTEXT() REPRESENTATION_CONTEXT('2D SPACE',''
  ) );
#5613 = PCURVE('',#217,#5614);
#5614 = DEFINITIONAL_REPRESENTATION('',(#5615),#5623);
#5615 = ( BOUNDED_CURVE() B_SPLINE_CURVE(2,(#5616,#5617,#5618,#5619,
#5620,#5621,#5622),.UNSPECIFIED.,.F.,.F.) B_SPLINE_CURVE_WITH_KNOTS((1,2
    ,2,2,2,1),(-2.094395102393,0.E+000,2.094395102393,4.188790204786,
6.28318530718,8.377580409573),.UNSPECIFIED.) CURVE() 
GEOMETRIC_REPRESENTATION_ITEM() RATIONAL_B_SPLINE_CURVE((1.,0.5,1.,0.5,
1.,0.5,1.)) REPRESENTATION_ITEM('') );
#5616 = CARTESIAN_POINT('',(-7.25411046,6.24963698));
#5617 = CARTESIAN_POINT('',(-7.25411046,5.816625144133));
#5618 = CARTESIAN_POINT('',(-7.62910971,6.033131062067));
#5619 = CARTESIAN_POINT('',(-8.00410896,6.24963698));
#5620 = CARTESIAN_POINT('',(-7.62910971,6.466142897933));
#5621 = CARTESIAN_POINT('',(-7.25411046,6.682648815867));
#5622 = CARTESIAN_POINT('',(-7.25411046,6.24963698));
#5623 = ( GEOMETRIC_REPRESENTATION_CONTEXT(2) 
PARAMETRIC_REPRESENTATION_CONTEXT() REPRESENTATION_CONTEXT('2D SPACE',''
  ) );
#5624 = ADVANCED_FACE('',(#5625),#5639,.F.);
#5625 = FACE_BOUND('',#5626,.T.);
#5626 = EDGE_LOOP('',(#5627,#5657,#5683,#5684));
#5627 = ORIENTED_EDGE('',*,*,#5628,.T.);
#5628 = EDGE_CURVE('',#5629,#5631,#5633,.T.);
#5629 = VERTEX_POINT('',#5630);
#5630 = CARTESIAN_POINT('',(86.29264174,86.86284634,0.E+000));
#5631 = VERTEX_POINT('',#5632);
#5632 = CARTESIAN_POINT('',(86.29264174,86.86284634,0.7984236));
#5633 = SEAM_CURVE('',#5634,(#5638,#5650),.PCURVE_S1.);
#5634 = LINE('',#5635,#5636);
#5635 = CARTESIAN_POINT('',(86.29264174,86.86284634,0.E+000));
#5636 = VECTOR('',#5637,1.);
#5637 = DIRECTION('',(0.E+000,0.E+000,1.));
#5638 = PCURVE('',#5639,#5644);
#5639 = CYLINDRICAL_SURFACE('',#5640,1.12499902);
#5640 = AXIS2_PLACEMENT_3D('',#5641,#5642,#5643);
#5641 = CARTESIAN_POINT('',(85.16764272,86.86284634,0.E+000));
#5642 = DIRECTION('',(-0.E+000,-0.E+000,-1.));
#5643 = DIRECTION('',(1.,0.E+000,-0.E+000));
#5644 = DEFINITIONAL_REPRESENTATION('',(#5645),#5649);
#5645 = LINE('',#5646,#5647);
#5646 = CARTESIAN_POINT('',(-0.E+000,0.E+000));
#5647 = VECTOR('',#5648,1.);
#5648 = DIRECTION('',(-0.E+000,-1.));
#5649 = ( GEOMETRIC_REPRESENTATION_CONTEXT(2) 
PARAMETRIC_REPRESENTATION_CONTEXT() REPRESENTATION_CONTEXT('2D SPACE',''
  ) );
#5650 = PCURVE('',#5639,#5651);
#5651 = DEFINITIONAL_REPRESENTATION('',(#5652),#5656);
#5652 = LINE('',#5653,#5654);
#5653 = CARTESIAN_POINT('',(-6.28318530718,0.E+000));
#5654 = VECTOR('',#5655,1.);
#5655 = DIRECTION('',(-0.E+000,-1.));
#5656 = ( GEOMETRIC_REPRESENTATION_CONTEXT(2) 
PARAMETRIC_REPRESENTATION_CONTEXT() REPRESENTATION_CONTEXT('2D SPACE',''
  ) );
#5657 = ORIENTED_EDGE('',*,*,#5658,.T.);
#5658 = EDGE_CURVE('',#5631,#5631,#5659,.T.);
#5659 = SURFACE_CURVE('',#5660,(#5665,#5672),.PCURVE_S1.);
#5660 = CIRCLE('',#5661,1.12499902);
#5661 = AXIS2_PLACEMENT_3D('',#5662,#5663,#5664);
#5662 = CARTESIAN_POINT('',(85.16764272,86.86284634,0.7984236));
#5663 = DIRECTION('',(0.E+000,0.E+000,1.));
#5664 = DIRECTION('',(1.,0.E+000,-0.E+000));
#5665 = PCURVE('',#5639,#5666);
#5666 = DEFINITIONAL_REPRESENTATION('',(#5667),#5671);
#5667 = LINE('',#5668,#5669);
#5668 = CARTESIAN_POINT('',(-0.E+000,-0.7984236));
#5669 = VECTOR('',#5670,1.);
#5670 = DIRECTION('',(-1.,0.E+000));
#5671 = ( GEOMETRIC_REPRESENTATION_CONTEXT(2) 
PARAMETRIC_REPRESENTATION_CONTEXT() REPRESENTATION_CONTEXT('2D SPACE',''
  ) );
#5672 = PCURVE('',#163,#5673);
#5673 = DEFINITIONAL_REPRESENTATION('',(#5674),#5682);
#5674 = ( BOUNDED_CURVE() B_SPLINE_CURVE(2,(#5675,#5676,#5677,#5678,
#5679,#5680,#5681),.UNSPECIFIED.,.T.,.F.) B_SPLINE_CURVE_WITH_KNOTS((1,2
    ,2,2,2,1),(-2.094395102393,0.E+000,2.094395102393,4.188790204786,
6.28318530718,8.377580409573),.UNSPECIFIED.) CURVE() 
GEOMETRIC_REPRESENTATION_ITEM() RATIONAL_B_SPLINE_CURVE((1.,0.5,1.,0.5,
1.,0.5,1.)) REPRESENTATION_ITEM('') );
#5675 = CARTESIAN_POINT('',(-10.08983758,18.60767932));
#5676 = CARTESIAN_POINT('',(-10.08983758,20.556234781105));
#5677 = CARTESIAN_POINT('',(-8.40233905,19.581957050553));
#5678 = CARTESIAN_POINT('',(-6.71484052,18.60767932));
#5679 = CARTESIAN_POINT('',(-8.40233905,17.633401589447));
#5680 = CARTESIAN_POINT('',(-10.08983758,16.659123858895));
#5681 = CARTESIAN_POINT('',(-10.08983758,18.60767932));
#5682 = ( GEOMETRIC_REPRESENTATION_CONTEXT(2) 
PARAMETRIC_REPRESENTATION_CONTEXT() REPRESENTATION_CONTEXT('2D SPACE',''
  ) );
#5683 = ORIENTED_EDGE('',*,*,#5628,.F.);
#5684 = ORIENTED_EDGE('',*,*,#5685,.F.);
#5685 = EDGE_CURVE('',#5629,#5629,#5686,.T.);
#5686 = SURFACE_CURVE('',#5687,(#5692,#5699),.PCURVE_S1.);
#5687 = CIRCLE('',#5688,1.12499902);
#5688 = AXIS2_PLACEMENT_3D('',#5689,#5690,#5691);
#5689 = CARTESIAN_POINT('',(85.16764272,86.86284634,0.E+000));
#5690 = DIRECTION('',(0.E+000,0.E+000,1.));
#5691 = DIRECTION('',(1.,0.E+000,-0.E+000));
#5692 = PCURVE('',#5639,#5693);
#5693 = DEFINITIONAL_REPRESENTATION('',(#5694),#5698);
#5694 = LINE('',#5695,#5696);
#5695 = CARTESIAN_POINT('',(-0.E+000,0.E+000));
#5696 = VECTOR('',#5697,1.);
#5697 = DIRECTION('',(-1.,0.E+000));
#5698 = ( GEOMETRIC_REPRESENTATION_CONTEXT(2) 
PARAMETRIC_REPRESENTATION_CONTEXT() REPRESENTATION_CONTEXT('2D SPACE',''
  ) );
#5699 = PCURVE('',#217,#5700);
#5700 = DEFINITIONAL_REPRESENTATION('',(#5701),#5709);
#5701 = ( BOUNDED_CURVE() B_SPLINE_CURVE(2,(#5702,#5703,#5704,#5705,
#5706,#5707,#5708),.UNSPECIFIED.,.T.,.F.) B_SPLINE_CURVE_WITH_KNOTS((1,2
    ,2,2,2,1),(-2.094395102393,0.E+000,2.094395102393,4.188790204786,
6.28318530718,8.377580409573),.UNSPECIFIED.) CURVE() 
GEOMETRIC_REPRESENTATION_ITEM() RATIONAL_B_SPLINE_CURVE((1.,0.5,1.,0.5,
1.,0.5,1.)) REPRESENTATION_ITEM('') );
#5702 = CARTESIAN_POINT('',(-10.08983758,18.60767932));
#5703 = CARTESIAN_POINT('',(-10.08983758,20.556234781105));
#5704 = CARTESIAN_POINT('',(-8.40233905,19.581957050553));
#5705 = CARTESIAN_POINT('',(-6.71484052,18.60767932));
#5706 = CARTESIAN_POINT('',(-8.40233905,17.633401589447));
#5707 = CARTESIAN_POINT('',(-10.08983758,16.659123858895));
#5708 = CARTESIAN_POINT('',(-10.08983758,18.60767932));
#5709 = ( GEOMETRIC_REPRESENTATION_CONTEXT(2) 
PARAMETRIC_REPRESENTATION_CONTEXT() REPRESENTATION_CONTEXT('2D SPACE',''
  ) );
#5710 = ADVANCED_FACE('',(#5711,#5765,#5771,#5774,#5777,#5783,#5786,
    #5792,#5798),#217,.T.);
#5711 = FACE_BOUND('',#5712,.F.);
#5712 = EDGE_LOOP('',(#5713,#5714,#5715,#5716,#5717,#5718,#5719,#5720,
    #5721,#5722,#5723,#5724,#5725,#5726,#5727,#5728,#5729,#5730,#5731,
    #5732,#5733,#5734,#5735,#5736,#5737,#5738,#5739,#5740,#5741,#5742,
    #5743,#5744,#5745,#5746,#5747,#5748,#5749,#5750,#5751,#5752,#5753,
    #5754,#5755,#5756,#5757,#5758,#5759,#5760,#5761,#5762,#5763,#5764));
#5713 = ORIENTED_EDGE('',*,*,#203,.T.);
#5714 = ORIENTED_EDGE('',*,*,#284,.T.);
#5715 = ORIENTED_EDGE('',*,*,#360,.T.);
#5716 = ORIENTED_EDGE('',*,*,#436,.T.);
#5717 = ORIENTED_EDGE('',*,*,#512,.T.);
#5718 = ORIENTED_EDGE('',*,*,#588,.T.);
#5719 = ORIENTED_EDGE('',*,*,#664,.T.);
#5720 = ORIENTED_EDGE('',*,*,#740,.T.);
#5721 = ORIENTED_EDGE('',*,*,#816,.T.);
#5722 = ORIENTED_EDGE('',*,*,#892,.T.);
#5723 = ORIENTED_EDGE('',*,*,#968,.T.);
#5724 = ORIENTED_EDGE('',*,*,#1044,.T.);
#5725 = ORIENTED_EDGE('',*,*,#1120,.T.);
#5726 = ORIENTED_EDGE('',*,*,#1196,.T.);
#5727 = ORIENTED_EDGE('',*,*,#1272,.T.);
#5728 = ORIENTED_EDGE('',*,*,#1348,.T.);
#5729 = ORIENTED_EDGE('',*,*,#1424,.T.);
#5730 = ORIENTED_EDGE('',*,*,#1500,.T.);
#5731 = ORIENTED_EDGE('',*,*,#1576,.T.);
#5732 = ORIENTED_EDGE('',*,*,#1652,.T.);
#5733 = ORIENTED_EDGE('',*,*,#1728,.T.);
#5734 = ORIENTED_EDGE('',*,*,#1804,.T.);
#5735 = ORIENTED_EDGE('',*,*,#1880,.T.);
#5736 = ORIENTED_EDGE('',*,*,#1956,.T.);
#5737 = ORIENTED_EDGE('',*,*,#2032,.T.);
#5738 = ORIENTED_EDGE('',*,*,#2108,.T.);
#5739 = ORIENTED_EDGE('',*,*,#2184,.T.);
#5740 = ORIENTED_EDGE('',*,*,#2260,.T.);
#5741 = ORIENTED_EDGE('',*,*,#2336,.T.);
#5742 = ORIENTED_EDGE('',*,*,#2412,.T.);
#5743 = ORIENTED_EDGE('',*,*,#2488,.T.);
#5744 = ORIENTED_EDGE('',*,*,#2564,.T.);
#5745 = ORIENTED_EDGE('',*,*,#2640,.T.);
#5746 = ORIENTED_EDGE('',*,*,#2716,.T.);
#5747 = ORIENTED_EDGE('',*,*,#2792,.T.);
#5748 = ORIENTED_EDGE('',*,*,#2868,.T.);
#5749 = ORIENTED_EDGE('',*,*,#2944,.T.);
#5750 = ORIENTED_EDGE('',*,*,#3020,.T.);
#5751 = ORIENTED_EDGE('',*,*,#3096,.T.);
#5752 = ORIENTED_EDGE('',*,*,#3172,.T.);
#5753 = ORIENTED_EDGE('',*,*,#3248,.T.);
#5754 = ORIENTED_EDGE('',*,*,#3324,.T.);
#5755 = ORIENTED_EDGE('',*,*,#3400,.T.);
#5756 = ORIENTED_EDGE('',*,*,#3476,.T.);
#5757 = ORIENTED_EDGE('',*,*,#3552,.T.);
#5758 = ORIENTED_EDGE('',*,*,#3628,.T.);
#5759 = ORIENTED_EDGE('',*,*,#3704,.T.);
#5760 = ORIENTED_EDGE('',*,*,#3780,.T.);
#5761 = ORIENTED_EDGE('',*,*,#3856,.T.);
#5762 = ORIENTED_EDGE('',*,*,#3932,.T.);
#5763 = ORIENTED_EDGE('',*,*,#4003,.T.);
#5764 = ORIENTED_EDGE('',*,*,#4050,.T.);
#5765 = FACE_BOUND('',#5766,.T.);
#5766 = EDGE_LOOP('',(#5767,#5768,#5769,#5770));
#5767 = ORIENTED_EDGE('',*,*,#4160,.T.);
#5768 = ORIENTED_EDGE('',*,*,#4241,.T.);
#5769 = ORIENTED_EDGE('',*,*,#4317,.T.);
#5770 = ORIENTED_EDGE('',*,*,#4369,.T.);
#5771 = FACE_BOUND('',#5772,.T.);
#5772 = EDGE_LOOP('',(#5773));
#5773 = ORIENTED_EDGE('',*,*,#4455,.T.);
#5774 = FACE_BOUND('',#5775,.T.);
#5775 = EDGE_LOOP('',(#5776));
#5776 = ORIENTED_EDGE('',*,*,#4541,.T.);
#5777 = FACE_BOUND('',#5778,.T.);
#5778 = EDGE_LOOP('',(#5779,#5780,#5781,#5782));
#5779 = ORIENTED_EDGE('',*,*,#4656,.T.);
#5780 = ORIENTED_EDGE('',*,*,#4737,.T.);
#5781 = ORIENTED_EDGE('',*,*,#4813,.T.);
#5782 = ORIENTED_EDGE('',*,*,#4865,.T.);
#5783 = FACE_BOUND('',#5784,.T.);
#5784 = EDGE_LOOP('',(#5785));
#5785 = ORIENTED_EDGE('',*,*,#4951,.T.);
#5786 = FACE_BOUND('',#5787,.T.);
#5787 = EDGE_LOOP('',(#5788,#5789,#5790,#5791));
#5788 = ORIENTED_EDGE('',*,*,#5066,.T.);
#5789 = ORIENTED_EDGE('',*,*,#5147,.T.);
#5790 = ORIENTED_EDGE('',*,*,#5223,.T.);
#5791 = ORIENTED_EDGE('',*,*,#5275,.T.);
#5792 = FACE_BOUND('',#5793,.T.);
#5793 = EDGE_LOOP('',(#5794,#5795,#5796,#5797));
#5794 = ORIENTED_EDGE('',*,*,#5390,.T.);
#5795 = ORIENTED_EDGE('',*,*,#5471,.T.);
#5796 = ORIENTED_EDGE('',*,*,#5547,.T.);
#5797 = ORIENTED_EDGE('',*,*,#5599,.T.);
#5798 = FACE_BOUND('',#5799,.T.);
#5799 = EDGE_LOOP('',(#5800));
#5800 = ORIENTED_EDGE('',*,*,#5685,.T.);
#5801 = ADVANCED_FACE('',(#5802,#5856,#5862,#5865,#5868,#5874,#5877,
    #5883,#5889),#163,.F.);
#5802 = FACE_BOUND('',#5803,.T.);
#5803 = EDGE_LOOP('',(#5804,#5805,#5806,#5807,#5808,#5809,#5810,#5811,
    #5812,#5813,#5814,#5815,#5816,#5817,#5818,#5819,#5820,#5821,#5822,
    #5823,#5824,#5825,#5826,#5827,#5828,#5829,#5830,#5831,#5832,#5833,
    #5834,#5835,#5836,#5837,#5838,#5839,#5840,#5841,#5842,#5843,#5844,
    #5845,#5846,#5847,#5848,#5849,#5850,#5851,#5852,#5853,#5854,#5855));
#5804 = ORIENTED_EDGE('',*,*,#147,.T.);
#5805 = ORIENTED_EDGE('',*,*,#233,.T.);
#5806 = ORIENTED_EDGE('',*,*,#309,.T.);
#5807 = ORIENTED_EDGE('',*,*,#385,.T.);
#5808 = ORIENTED_EDGE('',*,*,#461,.T.);
#5809 = ORIENTED_EDGE('',*,*,#537,.T.);
#5810 = ORIENTED_EDGE('',*,*,#613,.T.);
#5811 = ORIENTED_EDGE('',*,*,#689,.T.);
#5812 = ORIENTED_EDGE('',*,*,#765,.T.);
#5813 = ORIENTED_EDGE('',*,*,#841,.T.);
#5814 = ORIENTED_EDGE('',*,*,#917,.T.);
#5815 = ORIENTED_EDGE('',*,*,#993,.T.);
#5816 = ORIENTED_EDGE('',*,*,#1069,.T.);
#5817 = ORIENTED_EDGE('',*,*,#1145,.T.);
#5818 = ORIENTED_EDGE('',*,*,#1221,.T.);
#5819 = ORIENTED_EDGE('',*,*,#1297,.T.);
#5820 = ORIENTED_EDGE('',*,*,#1373,.T.);
#5821 = ORIENTED_EDGE('',*,*,#1449,.T.);
#5822 = ORIENTED_EDGE('',*,*,#1525,.T.);
#5823 = ORIENTED_EDGE('',*,*,#1601,.T.);
#5824 = ORIENTED_EDGE('',*,*,#1677,.T.);
#5825 = ORIENTED_EDGE('',*,*,#1753,.T.);
#5826 = ORIENTED_EDGE('',*,*,#1829,.T.);
#5827 = ORIENTED_EDGE('',*,*,#1905,.T.);
#5828 = ORIENTED_EDGE('',*,*,#1981,.T.);
#5829 = ORIENTED_EDGE('',*,*,#2057,.T.);
#5830 = ORIENTED_EDGE('',*,*,#2133,.T.);
#5831 = ORIENTED_EDGE('',*,*,#2209,.T.);
#5832 = ORIENTED_EDGE('',*,*,#2285,.T.);
#5833 = ORIENTED_EDGE('',*,*,#2361,.T.);
#5834 = ORIENTED_EDGE('',*,*,#2437,.T.);
#5835 = ORIENTED_EDGE('',*,*,#2513,.T.);
#5836 = ORIENTED_EDGE('',*,*,#2589,.T.);
#5837 = ORIENTED_EDGE('',*,*,#2665,.T.);
#5838 = ORIENTED_EDGE('',*,*,#2741,.T.);
#5839 = ORIENTED_EDGE('',*,*,#2817,.T.);
#5840 = ORIENTED_EDGE('',*,*,#2893,.T.);
#5841 = ORIENTED_EDGE('',*,*,#2969,.T.);
#5842 = ORIENTED_EDGE('',*,*,#3045,.T.);
#5843 = ORIENTED_EDGE('',*,*,#3121,.T.);
#5844 = ORIENTED_EDGE('',*,*,#3197,.T.);
#5845 = ORIENTED_EDGE('',*,*,#3273,.T.);
#5846 = ORIENTED_EDGE('',*,*,#3349,.T.);
#5847 = ORIENTED_EDGE('',*,*,#3425,.T.);
#5848 = ORIENTED_EDGE('',*,*,#3501,.T.);
#5849 = ORIENTED_EDGE('',*,*,#3577,.T.);
#5850 = ORIENTED_EDGE('',*,*,#3653,.T.);
#5851 = ORIENTED_EDGE('',*,*,#3729,.T.);
#5852 = ORIENTED_EDGE('',*,*,#3805,.T.);
#5853 = ORIENTED_EDGE('',*,*,#3881,.T.);
#5854 = ORIENTED_EDGE('',*,*,#3957,.T.);
#5855 = ORIENTED_EDGE('',*,*,#4028,.T.);
#5856 = FACE_BOUND('',#5857,.F.);
#5857 = EDGE_LOOP('',(#5858,#5859,#5860,#5861));
#5858 = ORIENTED_EDGE('',*,*,#4109,.T.);
#5859 = ORIENTED_EDGE('',*,*,#4185,.T.);
#5860 = ORIENTED_EDGE('',*,*,#4271,.T.);
#5861 = ORIENTED_EDGE('',*,*,#4342,.T.);
#5862 = FACE_BOUND('',#5863,.F.);
#5863 = EDGE_LOOP('',(#5864));
#5864 = ORIENTED_EDGE('',*,*,#4428,.T.);
#5865 = FACE_BOUND('',#5866,.F.);
#5866 = EDGE_LOOP('',(#5867));
#5867 = ORIENTED_EDGE('',*,*,#4514,.T.);
#5868 = FACE_BOUND('',#5869,.F.);
#5869 = EDGE_LOOP('',(#5870,#5871,#5872,#5873));
#5870 = ORIENTED_EDGE('',*,*,#4605,.T.);
#5871 = ORIENTED_EDGE('',*,*,#4681,.T.);
#5872 = ORIENTED_EDGE('',*,*,#4767,.T.);
#5873 = ORIENTED_EDGE('',*,*,#4838,.T.);
#5874 = FACE_BOUND('',#5875,.F.);
#5875 = EDGE_LOOP('',(#5876));
#5876 = ORIENTED_EDGE('',*,*,#4924,.T.);
#5877 = FACE_BOUND('',#5878,.F.);
#5878 = EDGE_LOOP('',(#5879,#5880,#5881,#5882));
#5879 = ORIENTED_EDGE('',*,*,#5015,.T.);
#5880 = ORIENTED_EDGE('',*,*,#5091,.T.);
#5881 = ORIENTED_EDGE('',*,*,#5177,.T.);
#5882 = ORIENTED_EDGE('',*,*,#5248,.T.);
#5883 = FACE_BOUND('',#5884,.F.);
#5884 = EDGE_LOOP('',(#5885,#5886,#5887,#5888));
#5885 = ORIENTED_EDGE('',*,*,#5339,.T.);
#5886 = ORIENTED_EDGE('',*,*,#5415,.T.);
#5887 = ORIENTED_EDGE('',*,*,#5501,.T.);
#5888 = ORIENTED_EDGE('',*,*,#5572,.T.);
#5889 = FACE_BOUND('',#5890,.F.);
#5890 = EDGE_LOOP('',(#5891));
#5891 = ORIENTED_EDGE('',*,*,#5658,.T.);
#5892 = ( GEOMETRIC_REPRESENTATION_CONTEXT(3) 
GLOBAL_UNCERTAINTY_ASSIGNED_CONTEXT((#5896)) 
GLOBAL_UNIT_ASSIGNED_CONTEXT((#5893,#5894,#5895)) REPRESENTATION_CONTEXT
('Context #1','3D Context with UNIT and UNCERTAINTY') );
#5893 = ( LENGTH_UNIT() NAMED_UNIT(*) SI_UNIT(.MILLI.,.METRE.) );
#5894 = ( NAMED_UNIT(*) PLANE_ANGLE_UNIT() SI_UNIT($,.RADIAN.) );
#5895 = ( NAMED_UNIT(*) SI_UNIT($,.STERADIAN.) SOLID_ANGLE_UNIT() );
#5896 = UNCERTAINTY_MEASURE_WITH_UNIT(LENGTH_MEASURE(1.E-007),#5893,
  'distance_accuracy_value','confusion accuracy');
#5897 = SHAPE_DEFINITION_REPRESENTATION(#5898,#105);
#5898 = PRODUCT_DEFINITION_SHAPE('','',#5899);
#5899 = PRODUCT_DEFINITION('design','',#5900,#5903);
#5900 = PRODUCT_DEFINITION_FORMATION('','',#5901);
#5901 = PRODUCT('Board','Board','',(#5902));
#5902 = PRODUCT_CONTEXT('',#2,'mechanical');
#5903 = PRODUCT_DEFINITION_CONTEXT('part definition',#2,'design');
#5904 = CONTEXT_DEPENDENT_SHAPE_REPRESENTATION(#5905,#5907);
#5905 = ( REPRESENTATION_RELATIONSHIP('','',#105,#10) 
REPRESENTATION_RELATIONSHIP_WITH_TRANSFORMATION(#5906) 
SHAPE_REPRESENTATION_RELATIONSHIP() );
#5906 = ITEM_DEFINED_TRANSFORMATION('','',#11,#15);
#5907 = PRODUCT_DEFINITION_SHAPE('Placement','Placement of an item',
  #5908);
#5908 = NEXT_ASSEMBLY_USAGE_OCCURRENCE('1','=>[0:1:1:2]','',#5,#5899,$);
#5909 = PRODUCT_RELATED_PRODUCT_CATEGORY('part',$,(#5901));
#5910 = SHAPE_DEFINITION_REPRESENTATION(#5911,#5917);
#5911 = PRODUCT_DEFINITION_SHAPE('','',#5912);
#5912 = PRODUCT_DEFINITION('design','',#5913,#5916);
#5913 = PRODUCT_DEFINITION_FORMATION('','',#5914);
#5914 = PRODUCT('C?','C?','',(#5915));
#5915 = PRODUCT_CONTEXT('',#2,'mechanical');
#5916 = PRODUCT_DEFINITION_CONTEXT('part definition',#2,'design');
#5917 = SHAPE_REPRESENTATION('',(#11,#5918),#5922);
#5918 = AXIS2_PLACEMENT_3D('',#5919,#5920,#5921);
#5919 = CARTESIAN_POINT('',(74.235000610352,74.844055175781,
    -0.798423230648));
#5920 = DIRECTION('',(7.642738472527E-015,-6.681494178932E-022,1.));
#5921 = DIRECTION('',(-1.,8.742277657348E-008,7.642738472527E-015));
#5922 = ( GEOMETRIC_REPRESENTATION_CONTEXT(3) 
GLOBAL_UNCERTAINTY_ASSIGNED_CONTEXT((#5926)) 
GLOBAL_UNIT_ASSIGNED_CONTEXT((#5923,#5924,#5925)) REPRESENTATION_CONTEXT
('Context #1','3D Context with UNIT and UNCERTAINTY') );
#5923 = ( LENGTH_UNIT() NAMED_UNIT(*) SI_UNIT(.MILLI.,.METRE.) );
#5924 = ( NAMED_UNIT(*) PLANE_ANGLE_UNIT() SI_UNIT($,.RADIAN.) );
#5925 = ( NAMED_UNIT(*) SI_UNIT($,.STERADIAN.) SOLID_ANGLE_UNIT() );
#5926 = UNCERTAINTY_MEASURE_WITH_UNIT(LENGTH_MEASURE(1.E-007),#5923,
  'distance_accuracy_value','confusion accuracy');
#5927 = ADVANCED_BREP_SHAPE_REPRESENTATION('',(#11,#5928),#9425);
#5928 = MANIFOLD_SOLID_BREP('',#5929);
#5929 = CLOSED_SHELL('',(#5930,#6094,#6524,#6576,#6955,#6981,#7077,#7164
    ,#7216,#7303,#7378,#7465,#7517,#7583,#7674,#7700,#7707,#7756,#7763,
    #7836,#7923,#7975,#8085,#8137,#8247,#8299,#8365,#8507,#8578,#8648,
    #8719,#8789,#8837,#8905,#8911,#9030,#9101,#9171,#9219,#9289,#9337,
    #9405,#9411,#9418));
#5930 = ADVANCED_FACE('',(#5931),#5945,.F.);
#5931 = FACE_BOUND('',#5932,.T.);
#5932 = EDGE_LOOP('',(#5933,#5990,#6018,#6068));
#5933 = ORIENTED_EDGE('',*,*,#5934,.F.);
#5934 = EDGE_CURVE('',#5935,#5937,#5939,.T.);
#5935 = VERTEX_POINT('',#5936);
#5936 = CARTESIAN_POINT('',(0.15,1.5E-002,-0.295));
#5937 = VERTEX_POINT('',#5938);
#5938 = CARTESIAN_POINT('',(0.45,1.5E-002,-0.295));
#5939 = SURFACE_CURVE('',#5940,(#5944,#5956),.PCURVE_S1.);
#5940 = LINE('',#5941,#5942);
#5941 = CARTESIAN_POINT('',(0.15,1.5E-002,-0.295));
#5942 = VECTOR('',#5943,1.);
#5943 = DIRECTION('',(1.,0.E+000,-0.E+000));
#5944 = PCURVE('',#5945,#5950);
#5945 = PLANE('',#5946);
#5946 = AXIS2_PLACEMENT_3D('',#5947,#5948,#5949);
#5947 = CARTESIAN_POINT('',(0.15,-0.205,-0.295));
#5948 = DIRECTION('',(0.E+000,0.E+000,1.));
#5949 = DIRECTION('',(1.,0.E+000,-0.E+000));
#5950 = DEFINITIONAL_REPRESENTATION('',(#5951),#5955);
#5951 = LINE('',#5952,#5953);
#5952 = CARTESIAN_POINT('',(0.E+000,0.22));
#5953 = VECTOR('',#5954,1.);
#5954 = DIRECTION('',(1.,0.E+000));
#5955 = ( GEOMETRIC_REPRESENTATION_CONTEXT(2) 
PARAMETRIC_REPRESENTATION_CONTEXT() REPRESENTATION_CONTEXT('2D SPACE',''
  ) );
#5956 = PCURVE('',#5957,#5962);
#5957 = CYLINDRICAL_SURFACE('',#5958,1.E-002);
#5958 = AXIS2_PLACEMENT_3D('',#5959,#5960,#5961);
#5959 = CARTESIAN_POINT('',(0.15,1.5E-002,-0.285));
#5960 = DIRECTION('',(1.,1.214080557731E-016,0.E+000));
#5961 = DIRECTION('',(-1.214080557731E-016,1.,0.E+000));
#5962 = DEFINITIONAL_REPRESENTATION('',(#5963),#5989);
#5963 = B_SPLINE_CURVE_WITH_KNOTS('',3,(#5964,#5965,#5966,#5967,#5968,
    #5969,#5970,#5971,#5972,#5973,#5974,#5975,#5976,#5977,#5978,#5979,
    #5980,#5981,#5982,#5983,#5984,#5985,#5986,#5987,#5988),
  .UNSPECIFIED.,.F.,.F.,(4,1,1,1,1,1,1,1,1,1,1,1,1,1,1,1,1,1,1,1,1,1,4),
  (-5.551115123126E-017,1.363636363636E-002,2.727272727273E-002,
    4.090909090909E-002,5.454545454545E-002,6.818181818182E-002,
    8.181818181818E-002,9.545454545455E-002,0.109090909091,
    0.122727272727,0.136363636364,0.15,0.163636363636,0.177272727273,
    0.190909090909,0.204545454545,0.218181818182,0.231818181818,
    0.245454545455,0.259090909091,0.272727272727,0.286363636364,0.3),
  .UNSPECIFIED.);
#5964 = CARTESIAN_POINT('',(4.712388980385,-2.775557561563E-017));
#5965 = CARTESIAN_POINT('',(4.712388980385,4.545454545455E-003));
#5966 = CARTESIAN_POINT('',(4.712388980385,1.363636363636E-002));
#5967 = CARTESIAN_POINT('',(4.712388980385,2.727272727273E-002));
#5968 = CARTESIAN_POINT('',(4.712388980385,4.090909090909E-002));
#5969 = CARTESIAN_POINT('',(4.712388980385,5.454545454545E-002));
#5970 = CARTESIAN_POINT('',(4.712388980385,6.818181818182E-002));
#5971 = CARTESIAN_POINT('',(4.712388980385,8.181818181818E-002));
#5972 = CARTESIAN_POINT('',(4.712388980385,9.545454545455E-002));
#5973 = CARTESIAN_POINT('',(4.712388980385,0.109090909091));
#5974 = CARTESIAN_POINT('',(4.712388980385,0.122727272727));
#5975 = CARTESIAN_POINT('',(4.712388980385,0.136363636364));
#5976 = CARTESIAN_POINT('',(4.712388980385,0.15));
#5977 = CARTESIAN_POINT('',(4.712388980385,0.163636363636));
#5978 = CARTESIAN_POINT('',(4.712388980385,0.177272727273));
#5979 = CARTESIAN_POINT('',(4.712388980385,0.190909090909));
#5980 = CARTESIAN_POINT('',(4.712388980385,0.204545454545));
#5981 = CARTESIAN_POINT('',(4.712388980385,0.218181818182));
#5982 = CARTESIAN_POINT('',(4.712388980385,0.231818181818));
#5983 = CARTESIAN_POINT('',(4.712388980385,0.245454545455));
#5984 = CARTESIAN_POINT('',(4.712388980385,0.259090909091));
#5985 = CARTESIAN_POINT('',(4.712388980385,0.272727272727));
#5986 = CARTESIAN_POINT('',(4.712388980385,0.286363636364));
#5987 = CARTESIAN_POINT('',(4.712388980385,0.295454545455));
#5988 = CARTESIAN_POINT('',(4.712388980385,0.3));
#5989 = ( GEOMETRIC_REPRESENTATION_CONTEXT(2) 
PARAMETRIC_REPRESENTATION_CONTEXT() REPRESENTATION_CONTEXT('2D SPACE',''
  ) );
#5990 = ORIENTED_EDGE('',*,*,#5991,.F.);
#5991 = EDGE_CURVE('',#5992,#5935,#5994,.T.);
#5992 = VERTEX_POINT('',#5993);
#5993 = CARTESIAN_POINT('',(0.15,0.285,-0.295));
#5994 = SURFACE_CURVE('',#5995,(#5999,#6006),.PCURVE_S1.);
#5995 = LINE('',#5996,#5997);
#5996 = CARTESIAN_POINT('',(0.15,-0.205,-0.295));
#5997 = VECTOR('',#5998,1.);
#5998 = DIRECTION('',(0.E+000,-1.,-0.E+000));
#5999 = PCURVE('',#5945,#6000);
#6000 = DEFINITIONAL_REPRESENTATION('',(#6001),#6005);
#6001 = LINE('',#6002,#6003);
#6002 = CARTESIAN_POINT('',(-8.326672684689E-017,0.E+000));
#6003 = VECTOR('',#6004,1.);
#6004 = DIRECTION('',(0.E+000,-1.));
#6005 = ( GEOMETRIC_REPRESENTATION_CONTEXT(2) 
PARAMETRIC_REPRESENTATION_CONTEXT() REPRESENTATION_CONTEXT('2D SPACE',''
  ) );
#6006 = PCURVE('',#6007,#6012);
#6007 = PLANE('',#6008);
#6008 = AXIS2_PLACEMENT_3D('',#6009,#6010,#6011);
#6009 = CARTESIAN_POINT('',(0.15,0.3,-0.5));
#6010 = DIRECTION('',(-1.,0.E+000,0.E+000));
#6011 = DIRECTION('',(0.E+000,0.E+000,1.));
#6012 = DEFINITIONAL_REPRESENTATION('',(#6013),#6017);
#6013 = LINE('',#6014,#6015);
#6014 = CARTESIAN_POINT('',(0.205,-0.505));
#6015 = VECTOR('',#6016,1.);
#6016 = DIRECTION('',(0.E+000,-1.));
#6017 = ( GEOMETRIC_REPRESENTATION_CONTEXT(2) 
PARAMETRIC_REPRESENTATION_CONTEXT() REPRESENTATION_CONTEXT('2D SPACE',''
  ) );
#6018 = ORIENTED_EDGE('',*,*,#6019,.F.);
#6019 = EDGE_CURVE('',#6020,#5992,#6022,.T.);
#6020 = VERTEX_POINT('',#6021);
#6021 = CARTESIAN_POINT('',(0.45,0.285,-0.295));
#6022 = SURFACE_CURVE('',#6023,(#6027,#6034),.PCURVE_S1.);
#6023 = LINE('',#6024,#6025);
#6024 = CARTESIAN_POINT('',(0.15,0.285,-0.295));
#6025 = VECTOR('',#6026,1.);
#6026 = DIRECTION('',(-1.,-0.E+000,0.E+000));
#6027 = PCURVE('',#5945,#6028);
#6028 = DEFINITIONAL_REPRESENTATION('',(#6029),#6033);
#6029 = LINE('',#6030,#6031);
#6030 = CARTESIAN_POINT('',(0.E+000,0.49));
#6031 = VECTOR('',#6032,1.);
#6032 = DIRECTION('',(-1.,0.E+000));
#6033 = ( GEOMETRIC_REPRESENTATION_CONTEXT(2) 
PARAMETRIC_REPRESENTATION_CONTEXT() REPRESENTATION_CONTEXT('2D SPACE',''
  ) );
#6034 = PCURVE('',#6035,#6040);
#6035 = CYLINDRICAL_SURFACE('',#6036,1.E-002);
#6036 = AXIS2_PLACEMENT_3D('',#6037,#6038,#6039);
#6037 = CARTESIAN_POINT('',(0.15,0.285,-0.285));
#6038 = DIRECTION('',(1.,1.807003620809E-016,0.E+000));
#6039 = DIRECTION('',(-1.807003620809E-016,1.,0.E+000));
#6040 = DEFINITIONAL_REPRESENTATION('',(#6041),#6067);
#6041 = B_SPLINE_CURVE_WITH_KNOTS('',3,(#6042,#6043,#6044,#6045,#6046,
    #6047,#6048,#6049,#6050,#6051,#6052,#6053,#6054,#6055,#6056,#6057,
    #6058,#6059,#6060,#6061,#6062,#6063,#6064,#6065,#6066),
  .UNSPECIFIED.,.F.,.F.,(4,1,1,1,1,1,1,1,1,1,1,1,1,1,1,1,1,1,1,1,1,1,4),
  (-0.3,-0.286363636364,-0.272727272727,-0.259090909091,-0.245454545455,
    -0.231818181818,-0.218181818182,-0.204545454545,-0.190909090909,
    -0.177272727273,-0.163636363636,-0.15,-0.136363636364,
    -0.122727272727,-0.109090909091,-9.545454545455E-002,
    -8.181818181818E-002,-6.818181818182E-002,-5.454545454545E-002,
    -4.090909090909E-002,-2.727272727273E-002,-1.363636363636E-002,
    8.326672684689E-017),.UNSPECIFIED.);
#6042 = CARTESIAN_POINT('',(4.712388980385,0.3));
#6043 = CARTESIAN_POINT('',(4.712388980385,0.295454545455));
#6044 = CARTESIAN_POINT('',(4.712388980385,0.286363636364));
#6045 = CARTESIAN_POINT('',(4.712388980385,0.272727272727));
#6046 = CARTESIAN_POINT('',(4.712388980385,0.259090909091));
#6047 = CARTESIAN_POINT('',(4.712388980385,0.245454545455));
#6048 = CARTESIAN_POINT('',(4.712388980385,0.231818181818));
#6049 = CARTESIAN_POINT('',(4.712388980385,0.218181818182));
#6050 = CARTESIAN_POINT('',(4.712388980385,0.204545454545));
#6051 = CARTESIAN_POINT('',(4.712388980385,0.190909090909));
#6052 = CARTESIAN_POINT('',(4.712388980385,0.177272727273));
#6053 = CARTESIAN_POINT('',(4.712388980385,0.163636363636));
#6054 = CARTESIAN_POINT('',(4.712388980385,0.15));
#6055 = CARTESIAN_POINT('',(4.712388980385,0.136363636364));
#6056 = CARTESIAN_POINT('',(4.712388980385,0.122727272727));
#6057 = CARTESIAN_POINT('',(4.712388980385,0.109090909091));
#6058 = CARTESIAN_POINT('',(4.712388980385,9.545454545455E-002));
#6059 = CARTESIAN_POINT('',(4.712388980385,8.181818181818E-002));
#6060 = CARTESIAN_POINT('',(4.712388980385,6.818181818182E-002));
#6061 = CARTESIAN_POINT('',(4.712388980385,5.454545454545E-002));
#6062 = CARTESIAN_POINT('',(4.712388980385,4.090909090909E-002));
#6063 = CARTESIAN_POINT('',(4.712388980385,2.727272727273E-002));
#6064 = CARTESIAN_POINT('',(4.712388980385,1.363636363636E-002));
#6065 = CARTESIAN_POINT('',(4.712388980385,4.545454545455E-003));
#6066 = CARTESIAN_POINT('',(4.712388980385,0.E+000));
#6067 = ( GEOMETRIC_REPRESENTATION_CONTEXT(2) 
PARAMETRIC_REPRESENTATION_CONTEXT() REPRESENTATION_CONTEXT('2D SPACE',''
  ) );
#6068 = ORIENTED_EDGE('',*,*,#6069,.F.);
#6069 = EDGE_CURVE('',#5937,#6020,#6070,.T.);
#6070 = SURFACE_CURVE('',#6071,(#6075,#6082),.PCURVE_S1.);
#6071 = LINE('',#6072,#6073);
#6072 = CARTESIAN_POINT('',(0.45,-0.205,-0.295));
#6073 = VECTOR('',#6074,1.);
#6074 = DIRECTION('',(-0.E+000,1.,0.E+000));
#6075 = PCURVE('',#5945,#6076);
#6076 = DEFINITIONAL_REPRESENTATION('',(#6077),#6081);
#6077 = LINE('',#6078,#6079);
#6078 = CARTESIAN_POINT('',(0.3,0.E+000));
#6079 = VECTOR('',#6080,1.);
#6080 = DIRECTION('',(0.E+000,1.));
#6081 = ( GEOMETRIC_REPRESENTATION_CONTEXT(2) 
PARAMETRIC_REPRESENTATION_CONTEXT() REPRESENTATION_CONTEXT('2D SPACE',''
  ) );
#6082 = PCURVE('',#6083,#6088);
#6083 = PLANE('',#6084);
#6084 = AXIS2_PLACEMENT_3D('',#6085,#6086,#6087);
#6085 = CARTESIAN_POINT('',(0.45,0.3,-0.5));
#6086 = DIRECTION('',(1.,-0.E+000,0.E+000));
#6087 = DIRECTION('',(0.E+000,0.E+000,-1.));
#6088 = DEFINITIONAL_REPRESENTATION('',(#6089),#6093);
#6089 = LINE('',#6090,#6091);
#6090 = CARTESIAN_POINT('',(-0.205,-0.505));
#6091 = VECTOR('',#6092,1.);
#6092 = DIRECTION('',(0.E+000,1.));
#6093 = ( GEOMETRIC_REPRESENTATION_CONTEXT(2) 
PARAMETRIC_REPRESENTATION_CONTEXT() REPRESENTATION_CONTEXT('2D SPACE',''
  ) );
#6094 = ADVANCED_FACE('',(#6095,#6321),#6083,.F.);
#6095 = FACE_BOUND('',#6096,.T.);
#6096 = EDGE_LOOP('',(#6097,#6127,#6155,#6183,#6211,#6239,#6267,#6295));
#6097 = ORIENTED_EDGE('',*,*,#6098,.F.);
#6098 = EDGE_CURVE('',#6099,#6101,#6103,.T.);
#6099 = VERTEX_POINT('',#6100);
#6100 = CARTESIAN_POINT('',(0.45,1.E-002,0.E+000));
#6101 = VERTEX_POINT('',#6102);
#6102 = CARTESIAN_POINT('',(0.45,0.E+000,-1.E-002));
#6103 = SURFACE_CURVE('',#6104,(#6109,#6116),.PCURVE_S1.);
#6104 = CIRCLE('',#6105,1.E-002);
#6105 = AXIS2_PLACEMENT_3D('',#6106,#6107,#6108);
#6106 = CARTESIAN_POINT('',(0.45,1.E-002,-1.E-002));
#6107 = DIRECTION('',(1.,0.E+000,-0.E+000));
#6108 = DIRECTION('',(0.E+000,0.E+000,1.));
#6109 = PCURVE('',#6083,#6110);
#6110 = DEFINITIONAL_REPRESENTATION('',(#6111),#6115);
#6111 = CIRCLE('',#6112,1.E-002);
#6112 = AXIS2_PLACEMENT_2D('',#6113,#6114);
#6113 = CARTESIAN_POINT('',(-0.49,-0.29));
#6114 = DIRECTION('',(-1.,0.E+000));
#6115 = ( GEOMETRIC_REPRESENTATION_CONTEXT(2) 
PARAMETRIC_REPRESENTATION_CONTEXT() REPRESENTATION_CONTEXT('2D SPACE',''
  ) );
#6116 = PCURVE('',#6117,#6122);
#6117 = CYLINDRICAL_SURFACE('',#6118,1.E-002);
#6118 = AXIS2_PLACEMENT_3D('',#6119,#6120,#6121);
#6119 = CARTESIAN_POINT('',(0.E+000,1.E-002,-1.E-002));
#6120 = DIRECTION('',(-1.,0.E+000,0.E+000));
#6121 = DIRECTION('',(0.E+000,0.E+000,1.));
#6122 = DEFINITIONAL_REPRESENTATION('',(#6123),#6126);
#6123 = B_SPLINE_CURVE_WITH_KNOTS('',1,(#6124,#6125),.UNSPECIFIED.,.F.,
  .F.,(2,2),(0.E+000,1.570796326795),.PIECEWISE_BEZIER_KNOTS.);
#6124 = CARTESIAN_POINT('',(6.28318530718,-0.45));
#6125 = CARTESIAN_POINT('',(4.712388980385,-0.45));
#6126 = ( GEOMETRIC_REPRESENTATION_CONTEXT(2) 
PARAMETRIC_REPRESENTATION_CONTEXT() REPRESENTATION_CONTEXT('2D SPACE',''
  ) );
#6127 = ORIENTED_EDGE('',*,*,#6128,.F.);
#6128 = EDGE_CURVE('',#6129,#6099,#6131,.T.);
#6129 = VERTEX_POINT('',#6130);
#6130 = CARTESIAN_POINT('',(0.45,0.29,0.E+000));
#6131 = SURFACE_CURVE('',#6132,(#6136,#6143),.PCURVE_S1.);
#6132 = LINE('',#6133,#6134);
#6133 = CARTESIAN_POINT('',(0.45,0.3,0.E+000));
#6134 = VECTOR('',#6135,1.);
#6135 = DIRECTION('',(-0.E+000,-1.,-0.E+000));
#6136 = PCURVE('',#6083,#6137);
#6137 = DEFINITIONAL_REPRESENTATION('',(#6138),#6142);
#6138 = LINE('',#6139,#6140);
#6139 = CARTESIAN_POINT('',(-0.5,0.E+000));
#6140 = VECTOR('',#6141,1.);
#6141 = DIRECTION('',(0.E+000,-1.));
#6142 = ( GEOMETRIC_REPRESENTATION_CONTEXT(2) 
PARAMETRIC_REPRESENTATION_CONTEXT() REPRESENTATION_CONTEXT('2D SPACE',''
  ) );
#6143 = PCURVE('',#6144,#6149);
#6144 = PLANE('',#6145);
#6145 = AXIS2_PLACEMENT_3D('',#6146,#6147,#6148);
#6146 = CARTESIAN_POINT('',(0.E+000,0.3,0.E+000));
#6147 = DIRECTION('',(0.E+000,0.E+000,-1.));
#6148 = DIRECTION('',(-1.,0.E+000,-0.E+000));
#6149 = DEFINITIONAL_REPRESENTATION('',(#6150),#6154);
#6150 = LINE('',#6151,#6152);
#6151 = CARTESIAN_POINT('',(-0.45,0.E+000));
#6152 = VECTOR('',#6153,1.);
#6153 = DIRECTION('',(0.E+000,-1.));
#6154 = ( GEOMETRIC_REPRESENTATION_CONTEXT(2) 
PARAMETRIC_REPRESENTATION_CONTEXT() REPRESENTATION_CONTEXT('2D SPACE',''
  ) );
#6155 = ORIENTED_EDGE('',*,*,#6156,.F.);
#6156 = EDGE_CURVE('',#6157,#6129,#6159,.T.);
#6157 = VERTEX_POINT('',#6158);
#6158 = CARTESIAN_POINT('',(0.45,0.3,-1.E-002));
#6159 = SURFACE_CURVE('',#6160,(#6165,#6172),.PCURVE_S1.);
#6160 = CIRCLE('',#6161,1.E-002);
#6161 = AXIS2_PLACEMENT_3D('',#6162,#6163,#6164);
#6162 = CARTESIAN_POINT('',(0.45,0.29,-1.E-002));
#6163 = DIRECTION('',(1.,0.E+000,0.E+000));
#6164 = DIRECTION('',(0.E+000,0.E+000,-1.));
#6165 = PCURVE('',#6083,#6166);
#6166 = DEFINITIONAL_REPRESENTATION('',(#6167),#6171);
#6167 = CIRCLE('',#6168,1.E-002);
#6168 = AXIS2_PLACEMENT_2D('',#6169,#6170);
#6169 = CARTESIAN_POINT('',(-0.49,-1.E-002));
#6170 = DIRECTION('',(1.,0.E+000));
#6171 = ( GEOMETRIC_REPRESENTATION_CONTEXT(2) 
PARAMETRIC_REPRESENTATION_CONTEXT() REPRESENTATION_CONTEXT('2D SPACE',''
  ) );
#6172 = PCURVE('',#6173,#6178);
#6173 = CYLINDRICAL_SURFACE('',#6174,1.E-002);
#6174 = AXIS2_PLACEMENT_3D('',#6175,#6176,#6177);
#6175 = CARTESIAN_POINT('',(0.E+000,0.29,-1.E-002));
#6176 = DIRECTION('',(1.,0.E+000,0.E+000));
#6177 = DIRECTION('',(0.E+000,0.E+000,-1.));
#6178 = DEFINITIONAL_REPRESENTATION('',(#6179),#6182);
#6179 = B_SPLINE_CURVE_WITH_KNOTS('',1,(#6180,#6181),.UNSPECIFIED.,.F.,
  .F.,(2,2),(1.570796326795,3.14159265359),.PIECEWISE_BEZIER_KNOTS.);
#6180 = CARTESIAN_POINT('',(1.570796326795,0.45));
#6181 = CARTESIAN_POINT('',(3.14159265359,0.45));
#6182 = ( GEOMETRIC_REPRESENTATION_CONTEXT(2) 
PARAMETRIC_REPRESENTATION_CONTEXT() REPRESENTATION_CONTEXT('2D SPACE',''
  ) );
#6183 = ORIENTED_EDGE('',*,*,#6184,.F.);
#6184 = EDGE_CURVE('',#6185,#6157,#6187,.T.);
#6185 = VERTEX_POINT('',#6186);
#6186 = CARTESIAN_POINT('',(0.45,0.3,-0.29));
#6187 = SURFACE_CURVE('',#6188,(#6192,#6199),.PCURVE_S1.);
#6188 = LINE('',#6189,#6190);
#6189 = CARTESIAN_POINT('',(0.45,0.3,-0.5));
#6190 = VECTOR('',#6191,1.);
#6191 = DIRECTION('',(-0.E+000,-0.E+000,1.));
#6192 = PCURVE('',#6083,#6193);
#6193 = DEFINITIONAL_REPRESENTATION('',(#6194),#6198);
#6194 = LINE('',#6195,#6196);
#6195 = CARTESIAN_POINT('',(0.E+000,0.E+000));
#6196 = VECTOR('',#6197,1.);
#6197 = DIRECTION('',(-1.,0.E+000));
#6198 = ( GEOMETRIC_REPRESENTATION_CONTEXT(2) 
PARAMETRIC_REPRESENTATION_CONTEXT() REPRESENTATION_CONTEXT('2D SPACE',''
  ) );
#6199 = PCURVE('',#6200,#6205);
#6200 = PLANE('',#6201);
#6201 = AXIS2_PLACEMENT_3D('',#6202,#6203,#6204);
#6202 = CARTESIAN_POINT('',(0.E+000,0.3,-0.3));
#6203 = DIRECTION('',(0.E+000,-1.,0.E+000));
#6204 = DIRECTION('',(0.E+000,-0.E+000,-1.));
#6205 = DEFINITIONAL_REPRESENTATION('',(#6206),#6210);
#6206 = LINE('',#6207,#6208);
#6207 = CARTESIAN_POINT('',(0.2,0.45));
#6208 = VECTOR('',#6209,1.);
#6209 = DIRECTION('',(-1.,0.E+000));
#6210 = ( GEOMETRIC_REPRESENTATION_CONTEXT(2) 
PARAMETRIC_REPRESENTATION_CONTEXT() REPRESENTATION_CONTEXT('2D SPACE',''
  ) );
#6211 = ORIENTED_EDGE('',*,*,#6212,.F.);
#6212 = EDGE_CURVE('',#6213,#6185,#6215,.T.);
#6213 = VERTEX_POINT('',#6214);
#6214 = CARTESIAN_POINT('',(0.45,0.29,-0.3));
#6215 = SURFACE_CURVE('',#6216,(#6221,#6228),.PCURVE_S1.);
#6216 = CIRCLE('',#6217,1.E-002);
#6217 = AXIS2_PLACEMENT_3D('',#6218,#6219,#6220);
#6218 = CARTESIAN_POINT('',(0.45,0.29,-0.29));
#6219 = DIRECTION('',(1.,0.E+000,-9.035018104046E-017));
#6220 = DIRECTION('',(9.035018104046E-017,0.E+000,1.));
#6221 = PCURVE('',#6083,#6222);
#6222 = DEFINITIONAL_REPRESENTATION('',(#6223),#6227);
#6223 = CIRCLE('',#6224,1.E-002);
#6224 = AXIS2_PLACEMENT_2D('',#6225,#6226);
#6225 = CARTESIAN_POINT('',(-0.21,-1.E-002));
#6226 = DIRECTION('',(-1.,0.E+000));
#6227 = ( GEOMETRIC_REPRESENTATION_CONTEXT(2) 
PARAMETRIC_REPRESENTATION_CONTEXT() REPRESENTATION_CONTEXT('2D SPACE',''
  ) );
#6228 = PCURVE('',#6229,#6234);
#6229 = CYLINDRICAL_SURFACE('',#6230,1.E-002);
#6230 = AXIS2_PLACEMENT_3D('',#6231,#6232,#6233);
#6231 = CARTESIAN_POINT('',(9.035018104046E-019,0.29,-0.29));
#6232 = DIRECTION('',(-1.,0.E+000,9.035018104046E-017));
#6233 = DIRECTION('',(9.035018104046E-017,0.E+000,1.));
#6234 = DEFINITIONAL_REPRESENTATION('',(#6235),#6238);
#6235 = B_SPLINE_CURVE_WITH_KNOTS('',1,(#6236,#6237),.UNSPECIFIED.,.F.,
  .F.,(2,2),(3.14159265359,4.712388980385),.PIECEWISE_BEZIER_KNOTS.);
#6236 = CARTESIAN_POINT('',(3.14159265359,-0.45));
#6237 = CARTESIAN_POINT('',(1.570796326795,-0.45));
#6238 = ( GEOMETRIC_REPRESENTATION_CONTEXT(2) 
PARAMETRIC_REPRESENTATION_CONTEXT() REPRESENTATION_CONTEXT('2D SPACE',''
  ) );
#6239 = ORIENTED_EDGE('',*,*,#6240,.F.);
#6240 = EDGE_CURVE('',#6241,#6213,#6243,.T.);
#6241 = VERTEX_POINT('',#6242);
#6242 = CARTESIAN_POINT('',(0.45,1.E-002,-0.3));
#6243 = SURFACE_CURVE('',#6244,(#6248,#6255),.PCURVE_S1.);
#6244 = LINE('',#6245,#6246);
#6245 = CARTESIAN_POINT('',(0.45,0.3,-0.3));
#6246 = VECTOR('',#6247,1.);
#6247 = DIRECTION('',(0.E+000,1.,0.E+000));
#6248 = PCURVE('',#6083,#6249);
#6249 = DEFINITIONAL_REPRESENTATION('',(#6250),#6254);
#6250 = LINE('',#6251,#6252);
#6251 = CARTESIAN_POINT('',(-0.2,0.E+000));
#6252 = VECTOR('',#6253,1.);
#6253 = DIRECTION('',(0.E+000,1.));
#6254 = ( GEOMETRIC_REPRESENTATION_CONTEXT(2) 
PARAMETRIC_REPRESENTATION_CONTEXT() REPRESENTATION_CONTEXT('2D SPACE',''
  ) );
#6255 = PCURVE('',#6256,#6261);
#6256 = PLANE('',#6257);
#6257 = AXIS2_PLACEMENT_3D('',#6258,#6259,#6260);
#6258 = CARTESIAN_POINT('',(0.E+000,0.3,-0.3));
#6259 = DIRECTION('',(9.035018104046E-017,-0.E+000,1.));
#6260 = DIRECTION('',(1.,0.E+000,-9.035018104046E-017));
#6261 = DEFINITIONAL_REPRESENTATION('',(#6262),#6266);
#6262 = LINE('',#6263,#6264);
#6263 = CARTESIAN_POINT('',(0.45,0.E+000));
#6264 = VECTOR('',#6265,1.);
#6265 = DIRECTION('',(0.E+000,1.));
#6266 = ( GEOMETRIC_REPRESENTATION_CONTEXT(2) 
PARAMETRIC_REPRESENTATION_CONTEXT() REPRESENTATION_CONTEXT('2D SPACE',''
  ) );
#6267 = ORIENTED_EDGE('',*,*,#6268,.F.);
#6268 = EDGE_CURVE('',#6269,#6241,#6271,.T.);
#6269 = VERTEX_POINT('',#6270);
#6270 = CARTESIAN_POINT('',(0.45,0.E+000,-0.29));
#6271 = SURFACE_CURVE('',#6272,(#6277,#6284),.PCURVE_S1.);
#6272 = CIRCLE('',#6273,1.E-002);
#6273 = AXIS2_PLACEMENT_3D('',#6274,#6275,#6276);
#6274 = CARTESIAN_POINT('',(0.45,1.E-002,-0.29));
#6275 = DIRECTION('',(1.,0.E+000,-9.035018104046E-017));
#6276 = DIRECTION('',(-9.035018104046E-017,-0.E+000,-1.));
#6277 = PCURVE('',#6083,#6278);
#6278 = DEFINITIONAL_REPRESENTATION('',(#6279),#6283);
#6279 = CIRCLE('',#6280,1.E-002);
#6280 = AXIS2_PLACEMENT_2D('',#6281,#6282);
#6281 = CARTESIAN_POINT('',(-0.21,-0.29));
#6282 = DIRECTION('',(1.,0.E+000));
#6283 = ( GEOMETRIC_REPRESENTATION_CONTEXT(2) 
PARAMETRIC_REPRESENTATION_CONTEXT() REPRESENTATION_CONTEXT('2D SPACE',''
  ) );
#6284 = PCURVE('',#6285,#6290);
#6285 = CYLINDRICAL_SURFACE('',#6286,1.E-002);
#6286 = AXIS2_PLACEMENT_3D('',#6287,#6288,#6289);
#6287 = CARTESIAN_POINT('',(9.035018104046E-019,1.E-002,-0.29));
#6288 = DIRECTION('',(1.,0.E+000,-9.035018104046E-017));
#6289 = DIRECTION('',(-9.035018104046E-017,0.E+000,-1.));
#6290 = DEFINITIONAL_REPRESENTATION('',(#6291),#6294);
#6291 = B_SPLINE_CURVE_WITH_KNOTS('',1,(#6292,#6293),.UNSPECIFIED.,.F.,
  .F.,(2,2),(4.712388980385,6.28318530718),.PIECEWISE_BEZIER_KNOTS.);
#6292 = CARTESIAN_POINT('',(4.712388980385,0.45));
#6293 = CARTESIAN_POINT('',(6.28318530718,0.45));
#6294 = ( GEOMETRIC_REPRESENTATION_CONTEXT(2) 
PARAMETRIC_REPRESENTATION_CONTEXT() REPRESENTATION_CONTEXT('2D SPACE',''
  ) );
#6295 = ORIENTED_EDGE('',*,*,#6296,.F.);
#6296 = EDGE_CURVE('',#6101,#6269,#6297,.T.);
#6297 = SURFACE_CURVE('',#6298,(#6302,#6309),.PCURVE_S1.);
#6298 = LINE('',#6299,#6300);
#6299 = CARTESIAN_POINT('',(0.45,0.E+000,-0.5));
#6300 = VECTOR('',#6301,1.);
#6301 = DIRECTION('',(0.E+000,0.E+000,-1.));
#6302 = PCURVE('',#6083,#6303);
#6303 = DEFINITIONAL_REPRESENTATION('',(#6304),#6308);
#6304 = LINE('',#6305,#6306);
#6305 = CARTESIAN_POINT('',(0.E+000,-0.3));
#6306 = VECTOR('',#6307,1.);
#6307 = DIRECTION('',(1.,0.E+000));
#6308 = ( GEOMETRIC_REPRESENTATION_CONTEXT(2) 
PARAMETRIC_REPRESENTATION_CONTEXT() REPRESENTATION_CONTEXT('2D SPACE',''
  ) );
#6309 = PCURVE('',#6310,#6315);
#6310 = PLANE('',#6311);
#6311 = AXIS2_PLACEMENT_3D('',#6312,#6313,#6314);
#6312 = CARTESIAN_POINT('',(0.E+000,0.E+000,-0.3));
#6313 = DIRECTION('',(0.E+000,-1.,0.E+000));
#6314 = DIRECTION('',(0.E+000,-0.E+000,-1.));
#6315 = DEFINITIONAL_REPRESENTATION('',(#6316),#6320);
#6316 = LINE('',#6317,#6318);
#6317 = CARTESIAN_POINT('',(0.2,0.45));
#6318 = VECTOR('',#6319,1.);
#6319 = DIRECTION('',(1.,0.E+000));
#6320 = ( GEOMETRIC_REPRESENTATION_CONTEXT(2) 
PARAMETRIC_REPRESENTATION_CONTEXT() REPRESENTATION_CONTEXT('2D SPACE',''
  ) );
#6321 = FACE_BOUND('',#6322,.T.);
#6322 = EDGE_LOOP('',(#6323,#6357,#6385,#6410,#6411,#6438,#6466,#6498));
#6323 = ORIENTED_EDGE('',*,*,#6324,.F.);
#6324 = EDGE_CURVE('',#6325,#6327,#6329,.T.);
#6325 = VERTEX_POINT('',#6326);
#6326 = CARTESIAN_POINT('',(0.45,5.E-003,-1.5E-002));
#6327 = VERTEX_POINT('',#6328);
#6328 = CARTESIAN_POINT('',(0.45,1.5E-002,-5.E-003));
#6329 = SURFACE_CURVE('',#6330,(#6335,#6346),.PCURVE_S1.);
#6330 = CIRCLE('',#6331,1.E-002);
#6331 = AXIS2_PLACEMENT_3D('',#6332,#6333,#6334);
#6332 = CARTESIAN_POINT('',(0.45,1.5E-002,-1.5E-002));
#6333 = DIRECTION('',(-1.,-1.214080557731E-016,1.807003620809E-016));
#6334 = DIRECTION('',(1.807003620809E-016,2.193847963774E-032,1.));
#6335 = PCURVE('',#6083,#6336);
#6336 = DEFINITIONAL_REPRESENTATION('',(#6337),#6345);
#6337 = ( BOUNDED_CURVE() B_SPLINE_CURVE(2,(#6338,#6339,#6340,#6341,
#6342,#6343,#6344),.UNSPECIFIED.,.T.,.F.) B_SPLINE_CURVE_WITH_KNOTS((1,2
    ,2,2,2,1),(-2.094395102393,0.E+000,2.094395102393,4.188790204786,
6.28318530718,8.377580409573),.UNSPECIFIED.) CURVE() 
GEOMETRIC_REPRESENTATION_ITEM() RATIONAL_B_SPLINE_CURVE((1.,0.5,1.,0.5,
1.,0.5,1.)) REPRESENTATION_ITEM('') );
#6338 = CARTESIAN_POINT('',(-0.495,-0.285));
#6339 = CARTESIAN_POINT('',(-0.495,-0.267679491924));
#6340 = CARTESIAN_POINT('',(-0.48,-0.276339745962));
#6341 = CARTESIAN_POINT('',(-0.465,-0.285));
#6342 = CARTESIAN_POINT('',(-0.48,-0.293660254038));
#6343 = CARTESIAN_POINT('',(-0.495,-0.302320508076));
#6344 = CARTESIAN_POINT('',(-0.495,-0.285));
#6345 = ( GEOMETRIC_REPRESENTATION_CONTEXT(2) 
PARAMETRIC_REPRESENTATION_CONTEXT() REPRESENTATION_CONTEXT('2D SPACE',''
  ) );
#6346 = PCURVE('',#6347,#6352);
#6347 = CYLINDRICAL_SURFACE('',#6348,1.E-002);
#6348 = AXIS2_PLACEMENT_3D('',#6349,#6350,#6351);
#6349 = CARTESIAN_POINT('',(0.15,1.5E-002,-1.5E-002));
#6350 = DIRECTION('',(-1.,-1.214080557731E-016,1.807003620809E-016));
#6351 = DIRECTION('',(1.807003620809E-016,2.193847963774E-032,1.));
#6352 = DEFINITIONAL_REPRESENTATION('',(#6353),#6356);
#6353 = B_SPLINE_CURVE_WITH_KNOTS('',1,(#6354,#6355),.UNSPECIFIED.,.F.,
  .F.,(2,2),(4.712388980385,6.28318530718),.PIECEWISE_BEZIER_KNOTS.);
#6354 = CARTESIAN_POINT('',(4.712388980385,-0.3));
#6355 = CARTESIAN_POINT('',(6.28318530718,-0.3));
#6356 = ( GEOMETRIC_REPRESENTATION_CONTEXT(2) 
PARAMETRIC_REPRESENTATION_CONTEXT() REPRESENTATION_CONTEXT('2D SPACE',''
  ) );
#6357 = ORIENTED_EDGE('',*,*,#6358,.F.);
#6358 = EDGE_CURVE('',#6359,#6325,#6361,.T.);
#6359 = VERTEX_POINT('',#6360);
#6360 = CARTESIAN_POINT('',(0.45,5.E-003,-0.285));
#6361 = SURFACE_CURVE('',#6362,(#6366,#6373),.PCURVE_S1.);
#6362 = LINE('',#6363,#6364);
#6363 = CARTESIAN_POINT('',(0.45,5.E-003,-0.5));
#6364 = VECTOR('',#6365,1.);
#6365 = DIRECTION('',(-0.E+000,-0.E+000,1.));
#6366 = PCURVE('',#6083,#6367);
#6367 = DEFINITIONAL_REPRESENTATION('',(#6368),#6372);
#6368 = LINE('',#6369,#6370);
#6369 = CARTESIAN_POINT('',(0.E+000,-0.295));
#6370 = VECTOR('',#6371,1.);
#6371 = DIRECTION('',(-1.,0.E+000));
#6372 = ( GEOMETRIC_REPRESENTATION_CONTEXT(2) 
PARAMETRIC_REPRESENTATION_CONTEXT() REPRESENTATION_CONTEXT('2D SPACE',''
  ) );
#6373 = PCURVE('',#6374,#6379);
#6374 = PLANE('',#6375);
#6375 = AXIS2_PLACEMENT_3D('',#6376,#6377,#6378);
#6376 = CARTESIAN_POINT('',(0.15,5.E-003,-0.5));
#6377 = DIRECTION('',(-1.214080557731E-016,1.,0.E+000));
#6378 = DIRECTION('',(-1.,-1.214080557731E-016,0.E+000));
#6379 = DEFINITIONAL_REPRESENTATION('',(#6380),#6384);
#6380 = LINE('',#6381,#6382);
#6381 = CARTESIAN_POINT('',(-0.3,0.E+000));
#6382 = VECTOR('',#6383,1.);
#6383 = DIRECTION('',(0.E+000,1.));
#6384 = ( GEOMETRIC_REPRESENTATION_CONTEXT(2) 
PARAMETRIC_REPRESENTATION_CONTEXT() REPRESENTATION_CONTEXT('2D SPACE',''
  ) );
#6385 = ORIENTED_EDGE('',*,*,#6386,.F.);
#6386 = EDGE_CURVE('',#5937,#6359,#6387,.T.);
#6387 = SURFACE_CURVE('',#6388,(#6393,#6404),.PCURVE_S1.);
#6388 = CIRCLE('',#6389,1.E-002);
#6389 = AXIS2_PLACEMENT_3D('',#6390,#6391,#6392);
#6390 = CARTESIAN_POINT('',(0.45,1.5E-002,-0.285));
#6391 = DIRECTION('',(-1.,-1.214080557731E-016,-0.E+000));
#6392 = DIRECTION('',(-1.214080557731E-016,1.,0.E+000));
#6393 = PCURVE('',#6083,#6394);
#6394 = DEFINITIONAL_REPRESENTATION('',(#6395),#6403);
#6395 = ( BOUNDED_CURVE() B_SPLINE_CURVE(2,(#6396,#6397,#6398,#6399,
#6400,#6401,#6402),.UNSPECIFIED.,.T.,.F.) B_SPLINE_CURVE_WITH_KNOTS((1,2
    ,2,2,2,1),(-2.094395102393,0.E+000,2.094395102393,4.188790204786,
6.28318530718,8.377580409573),.UNSPECIFIED.) CURVE() 
GEOMETRIC_REPRESENTATION_ITEM() RATIONAL_B_SPLINE_CURVE((1.,0.5,1.,0.5,
1.,0.5,1.)) REPRESENTATION_ITEM('') );
#6396 = CARTESIAN_POINT('',(-0.215,-0.275));
#6397 = CARTESIAN_POINT('',(-0.197679491924,-0.275));
#6398 = CARTESIAN_POINT('',(-0.206339745962,-0.29));
#6399 = CARTESIAN_POINT('',(-0.215,-0.305));
#6400 = CARTESIAN_POINT('',(-0.223660254038,-0.29));
#6401 = CARTESIAN_POINT('',(-0.232320508076,-0.275));
#6402 = CARTESIAN_POINT('',(-0.215,-0.275));
#6403 = ( GEOMETRIC_REPRESENTATION_CONTEXT(2) 
PARAMETRIC_REPRESENTATION_CONTEXT() REPRESENTATION_CONTEXT('2D SPACE',''
  ) );
#6404 = PCURVE('',#5957,#6405);
#6405 = DEFINITIONAL_REPRESENTATION('',(#6406),#6409);
#6406 = B_SPLINE_CURVE_WITH_KNOTS('',1,(#6407,#6408),.UNSPECIFIED.,.F.,
  .F.,(2,2),(1.570796326795,3.14159265359),.PIECEWISE_BEZIER_KNOTS.);
#6407 = CARTESIAN_POINT('',(4.712388980385,0.3));
#6408 = CARTESIAN_POINT('',(3.14159265359,0.3));
#6409 = ( GEOMETRIC_REPRESENTATION_CONTEXT(2) 
PARAMETRIC_REPRESENTATION_CONTEXT() REPRESENTATION_CONTEXT('2D SPACE',''
  ) );
#6410 = ORIENTED_EDGE('',*,*,#6069,.T.);
#6411 = ORIENTED_EDGE('',*,*,#6412,.F.);
#6412 = EDGE_CURVE('',#6413,#6020,#6415,.T.);
#6413 = VERTEX_POINT('',#6414);
#6414 = CARTESIAN_POINT('',(0.45,0.295,-0.285));
#6415 = SURFACE_CURVE('',#6416,(#6421,#6432),.PCURVE_S1.);
#6416 = CIRCLE('',#6417,1.E-002);
#6417 = AXIS2_PLACEMENT_3D('',#6418,#6419,#6420);
#6418 = CARTESIAN_POINT('',(0.45,0.285,-0.285));
#6419 = DIRECTION('',(-1.,-1.807003620809E-016,-0.E+000));
#6420 = DIRECTION('',(-1.807003620809E-016,1.,0.E+000));
#6421 = PCURVE('',#6083,#6422);
#6422 = DEFINITIONAL_REPRESENTATION('',(#6423),#6431);
#6423 = ( BOUNDED_CURVE() B_SPLINE_CURVE(2,(#6424,#6425,#6426,#6427,
#6428,#6429,#6430),.UNSPECIFIED.,.F.,.F.) B_SPLINE_CURVE_WITH_KNOTS((1,2
    ,2,2,2,1),(-2.094395102393,0.E+000,2.094395102393,4.188790204786,
6.28318530718,8.377580409573),.UNSPECIFIED.) CURVE() 
GEOMETRIC_REPRESENTATION_ITEM() RATIONAL_B_SPLINE_CURVE((1.,0.5,1.,0.5,
1.,0.5,1.)) REPRESENTATION_ITEM('') );
#6424 = CARTESIAN_POINT('',(-0.215,-5.E-003));
#6425 = CARTESIAN_POINT('',(-0.197679491924,-5.E-003));
#6426 = CARTESIAN_POINT('',(-0.206339745962,-2.E-002));
#6427 = CARTESIAN_POINT('',(-0.215,-3.5E-002));
#6428 = CARTESIAN_POINT('',(-0.223660254038,-2.E-002));
#6429 = CARTESIAN_POINT('',(-0.232320508076,-5.E-003));
#6430 = CARTESIAN_POINT('',(-0.215,-5.E-003));
#6431 = ( GEOMETRIC_REPRESENTATION_CONTEXT(2) 
PARAMETRIC_REPRESENTATION_CONTEXT() REPRESENTATION_CONTEXT('2D SPACE',''
  ) );
#6432 = PCURVE('',#6035,#6433);
#6433 = DEFINITIONAL_REPRESENTATION('',(#6434),#6437);
#6434 = B_SPLINE_CURVE_WITH_KNOTS('',1,(#6435,#6436),.UNSPECIFIED.,.F.,
  .F.,(2,2),(0.E+000,1.570796326795),.PIECEWISE_BEZIER_KNOTS.);
#6435 = CARTESIAN_POINT('',(6.28318530718,0.3));
#6436 = CARTESIAN_POINT('',(4.712388980385,0.3));
#6437 = ( GEOMETRIC_REPRESENTATION_CONTEXT(2) 
PARAMETRIC_REPRESENTATION_CONTEXT() REPRESENTATION_CONTEXT('2D SPACE',''
  ) );
#6438 = ORIENTED_EDGE('',*,*,#6439,.F.);
#6439 = EDGE_CURVE('',#6440,#6413,#6442,.T.);
#6440 = VERTEX_POINT('',#6441);
#6441 = CARTESIAN_POINT('',(0.45,0.295,-1.5E-002));
#6442 = SURFACE_CURVE('',#6443,(#6447,#6454),.PCURVE_S1.);
#6443 = LINE('',#6444,#6445);
#6444 = CARTESIAN_POINT('',(0.45,0.295,-0.5));
#6445 = VECTOR('',#6446,1.);
#6446 = DIRECTION('',(0.E+000,0.E+000,-1.));
#6447 = PCURVE('',#6083,#6448);
#6448 = DEFINITIONAL_REPRESENTATION('',(#6449),#6453);
#6449 = LINE('',#6450,#6451);
#6450 = CARTESIAN_POINT('',(0.E+000,-5.E-003));
#6451 = VECTOR('',#6452,1.);
#6452 = DIRECTION('',(1.,0.E+000));
#6453 = ( GEOMETRIC_REPRESENTATION_CONTEXT(2) 
PARAMETRIC_REPRESENTATION_CONTEXT() REPRESENTATION_CONTEXT('2D SPACE',''
  ) );
#6454 = PCURVE('',#6455,#6460);
#6455 = PLANE('',#6456);
#6456 = AXIS2_PLACEMENT_3D('',#6457,#6458,#6459);
#6457 = CARTESIAN_POINT('',(0.15,0.295,-0.5));
#6458 = DIRECTION('',(1.807003620809E-016,-1.,0.E+000));
#6459 = DIRECTION('',(1.,1.807003620809E-016,0.E+000));
#6460 = DEFINITIONAL_REPRESENTATION('',(#6461),#6465);
#6461 = LINE('',#6462,#6463);
#6462 = CARTESIAN_POINT('',(0.3,0.E+000));
#6463 = VECTOR('',#6464,1.);
#6464 = DIRECTION('',(0.E+000,-1.));
#6465 = ( GEOMETRIC_REPRESENTATION_CONTEXT(2) 
PARAMETRIC_REPRESENTATION_CONTEXT() REPRESENTATION_CONTEXT('2D SPACE',''
  ) );
#6466 = ORIENTED_EDGE('',*,*,#6467,.F.);
#6467 = EDGE_CURVE('',#6468,#6440,#6470,.T.);
#6468 = VERTEX_POINT('',#6469);
#6469 = CARTESIAN_POINT('',(0.45,0.285,-5.E-003));
#6470 = SURFACE_CURVE('',#6471,(#6476,#6487),.PCURVE_S1.);
#6471 = CIRCLE('',#6472,1.E-002);
#6472 = AXIS2_PLACEMENT_3D('',#6473,#6474,#6475);
#6473 = CARTESIAN_POINT('',(0.45,0.285,-1.5E-002));
#6474 = DIRECTION('',(-1.,-1.807003620809E-016,1.807003620809E-016));
#6475 = DIRECTION('',(1.807003620809E-016,3.265262085617E-032,1.));
#6476 = PCURVE('',#6083,#6477);
#6477 = DEFINITIONAL_REPRESENTATION('',(#6478),#6486);
#6478 = ( BOUNDED_CURVE() B_SPLINE_CURVE(2,(#6479,#6480,#6481,#6482,
#6483,#6484,#6485),.UNSPECIFIED.,.T.,.F.) B_SPLINE_CURVE_WITH_KNOTS((1,2
    ,2,2,2,1),(-2.094395102393,0.E+000,2.094395102393,4.188790204786,
6.28318530718,8.377580409573),.UNSPECIFIED.) CURVE() 
GEOMETRIC_REPRESENTATION_ITEM() RATIONAL_B_SPLINE_CURVE((1.,0.5,1.,0.5,
1.,0.5,1.)) REPRESENTATION_ITEM('') );
#6479 = CARTESIAN_POINT('',(-0.495,-1.5E-002));
#6480 = CARTESIAN_POINT('',(-0.495,2.320508075689E-003));
#6481 = CARTESIAN_POINT('',(-0.48,-6.339745962156E-003));
#6482 = CARTESIAN_POINT('',(-0.465,-1.5E-002));
#6483 = CARTESIAN_POINT('',(-0.48,-2.366025403784E-002));
#6484 = CARTESIAN_POINT('',(-0.495,-3.232050807569E-002));
#6485 = CARTESIAN_POINT('',(-0.495,-1.5E-002));
#6486 = ( GEOMETRIC_REPRESENTATION_CONTEXT(2) 
PARAMETRIC_REPRESENTATION_CONTEXT() REPRESENTATION_CONTEXT('2D SPACE',''
  ) );
#6487 = PCURVE('',#6488,#6493);
#6488 = CYLINDRICAL_SURFACE('',#6489,1.E-002);
#6489 = AXIS2_PLACEMENT_3D('',#6490,#6491,#6492);
#6490 = CARTESIAN_POINT('',(0.15,0.285,-1.5E-002));
#6491 = DIRECTION('',(-1.,-1.807003620809E-016,1.807003620809E-016));
#6492 = DIRECTION('',(1.807003620809E-016,3.265262085617E-032,1.));
#6493 = DEFINITIONAL_REPRESENTATION('',(#6494),#6497);
#6494 = B_SPLINE_CURVE_WITH_KNOTS('',1,(#6495,#6496),.UNSPECIFIED.,.F.,
  .F.,(2,2),(0.E+000,1.570796326795),.PIECEWISE_BEZIER_KNOTS.);
#6495 = CARTESIAN_POINT('',(0.E+000,-0.3));
#6496 = CARTESIAN_POINT('',(1.570796326795,-0.3));
#6497 = ( GEOMETRIC_REPRESENTATION_CONTEXT(2) 
PARAMETRIC_REPRESENTATION_CONTEXT() REPRESENTATION_CONTEXT('2D SPACE',''
  ) );
#6498 = ORIENTED_EDGE('',*,*,#6499,.F.);
#6499 = EDGE_CURVE('',#6327,#6468,#6500,.T.);
#6500 = SURFACE_CURVE('',#6501,(#6505,#6512),.PCURVE_S1.);
#6501 = LINE('',#6502,#6503);
#6502 = CARTESIAN_POINT('',(0.45,0.3,-5.E-003));
#6503 = VECTOR('',#6504,1.);
#6504 = DIRECTION('',(0.E+000,1.,0.E+000));
#6505 = PCURVE('',#6083,#6506);
#6506 = DEFINITIONAL_REPRESENTATION('',(#6507),#6511);
#6507 = LINE('',#6508,#6509);
#6508 = CARTESIAN_POINT('',(-0.495,0.E+000));
#6509 = VECTOR('',#6510,1.);
#6510 = DIRECTION('',(0.E+000,1.));
#6511 = ( GEOMETRIC_REPRESENTATION_CONTEXT(2) 
PARAMETRIC_REPRESENTATION_CONTEXT() REPRESENTATION_CONTEXT('2D SPACE',''
  ) );
#6512 = PCURVE('',#6513,#6518);
#6513 = PLANE('',#6514);
#6514 = AXIS2_PLACEMENT_3D('',#6515,#6516,#6517);
#6515 = CARTESIAN_POINT('',(0.15,-0.205,-5.E-003));
#6516 = DIRECTION('',(-1.807003620809E-016,-3.265262085617E-032,-1.));
#6517 = DIRECTION('',(-1.,0.E+000,1.807003620809E-016));
#6518 = DEFINITIONAL_REPRESENTATION('',(#6519),#6523);
#6519 = LINE('',#6520,#6521);
#6520 = CARTESIAN_POINT('',(-0.3,0.505));
#6521 = VECTOR('',#6522,1.);
#6522 = DIRECTION('',(3.881313316079E-064,1.));
#6523 = ( GEOMETRIC_REPRESENTATION_CONTEXT(2) 
PARAMETRIC_REPRESENTATION_CONTEXT() REPRESENTATION_CONTEXT('2D SPACE',''
  ) );
#6524 = ADVANCED_FACE('',(#6525),#5957,.T.);
#6525 = FACE_BOUND('',#6526,.T.);
#6526 = EDGE_LOOP('',(#6527,#6528,#6550,#6575));
#6527 = ORIENTED_EDGE('',*,*,#6386,.T.);
#6528 = ORIENTED_EDGE('',*,*,#6529,.T.);
#6529 = EDGE_CURVE('',#6359,#6530,#6532,.T.);
#6530 = VERTEX_POINT('',#6531);
#6531 = CARTESIAN_POINT('',(0.15,5.E-003,-0.285));
#6532 = SURFACE_CURVE('',#6533,(#6537,#6543),.PCURVE_S1.);
#6533 = LINE('',#6534,#6535);
#6534 = CARTESIAN_POINT('',(0.15,5.E-003,-0.285));
#6535 = VECTOR('',#6536,1.);
#6536 = DIRECTION('',(-1.,-1.214080557731E-016,-0.E+000));
#6537 = PCURVE('',#5957,#6538);
#6538 = DEFINITIONAL_REPRESENTATION('',(#6539),#6542);
#6539 = B_SPLINE_CURVE_WITH_KNOTS('',1,(#6540,#6541),.UNSPECIFIED.,.F.,
  .F.,(2,2),(-0.3,2.775557561563E-017),.PIECEWISE_BEZIER_KNOTS.);
#6540 = CARTESIAN_POINT('',(3.14159265359,0.3));
#6541 = CARTESIAN_POINT('',(3.14159265359,-2.775557561563E-017));
#6542 = ( GEOMETRIC_REPRESENTATION_CONTEXT(2) 
PARAMETRIC_REPRESENTATION_CONTEXT() REPRESENTATION_CONTEXT('2D SPACE',''
  ) );
#6543 = PCURVE('',#6374,#6544);
#6544 = DEFINITIONAL_REPRESENTATION('',(#6545),#6549);
#6545 = LINE('',#6546,#6547);
#6546 = CARTESIAN_POINT('',(0.E+000,0.215));
#6547 = VECTOR('',#6548,1.);
#6548 = DIRECTION('',(1.,-0.E+000));
#6549 = ( GEOMETRIC_REPRESENTATION_CONTEXT(2) 
PARAMETRIC_REPRESENTATION_CONTEXT() REPRESENTATION_CONTEXT('2D SPACE',''
  ) );
#6550 = ORIENTED_EDGE('',*,*,#6551,.T.);
#6551 = EDGE_CURVE('',#6530,#5935,#6552,.T.);
#6552 = SURFACE_CURVE('',#6553,(#6558,#6564),.PCURVE_S1.);
#6553 = CIRCLE('',#6554,1.E-002);
#6554 = AXIS2_PLACEMENT_3D('',#6555,#6556,#6557);
#6555 = CARTESIAN_POINT('',(0.15,1.5E-002,-0.285));
#6556 = DIRECTION('',(1.,1.214080557731E-016,0.E+000));
#6557 = DIRECTION('',(-1.214080557731E-016,1.,0.E+000));
#6558 = PCURVE('',#5957,#6559);
#6559 = DEFINITIONAL_REPRESENTATION('',(#6560),#6563);
#6560 = B_SPLINE_CURVE_WITH_KNOTS('',1,(#6561,#6562),.UNSPECIFIED.,.F.,
  .F.,(2,2),(3.14159265359,4.712388980385),.PIECEWISE_BEZIER_KNOTS.);
#6561 = CARTESIAN_POINT('',(3.14159265359,0.E+000));
#6562 = CARTESIAN_POINT('',(4.712388980385,0.E+000));
#6563 = ( GEOMETRIC_REPRESENTATION_CONTEXT(2) 
PARAMETRIC_REPRESENTATION_CONTEXT() REPRESENTATION_CONTEXT('2D SPACE',''
  ) );
#6564 = PCURVE('',#6007,#6565);
#6565 = DEFINITIONAL_REPRESENTATION('',(#6566),#6574);
#6566 = ( BOUNDED_CURVE() B_SPLINE_CURVE(2,(#6567,#6568,#6569,#6570,
#6571,#6572,#6573),.UNSPECIFIED.,.T.,.F.) B_SPLINE_CURVE_WITH_KNOTS((1,2
    ,2,2,2,1),(-2.094395102393,0.E+000,2.094395102393,4.188790204786,
6.28318530718,8.377580409573),.UNSPECIFIED.) CURVE() 
GEOMETRIC_REPRESENTATION_ITEM() RATIONAL_B_SPLINE_CURVE((1.,0.5,1.,0.5,
1.,0.5,1.)) REPRESENTATION_ITEM('') );
#6567 = CARTESIAN_POINT('',(0.215,-0.275));
#6568 = CARTESIAN_POINT('',(0.232320508076,-0.275));
#6569 = CARTESIAN_POINT('',(0.223660254038,-0.29));
#6570 = CARTESIAN_POINT('',(0.215,-0.305));
#6571 = CARTESIAN_POINT('',(0.206339745962,-0.29));
#6572 = CARTESIAN_POINT('',(0.197679491924,-0.275));
#6573 = CARTESIAN_POINT('',(0.215,-0.275));
#6574 = ( GEOMETRIC_REPRESENTATION_CONTEXT(2) 
PARAMETRIC_REPRESENTATION_CONTEXT() REPRESENTATION_CONTEXT('2D SPACE',''
  ) );
#6575 = ORIENTED_EDGE('',*,*,#5934,.T.);
#6576 = ADVANCED_FACE('',(#6577,#6729),#6007,.F.);
#6577 = FACE_BOUND('',#6578,.T.);
#6578 = EDGE_LOOP('',(#6579,#6580,#6603,#6630,#6653,#6680,#6703,#6728));
#6579 = ORIENTED_EDGE('',*,*,#6551,.F.);
#6580 = ORIENTED_EDGE('',*,*,#6581,.F.);
#6581 = EDGE_CURVE('',#6582,#6530,#6584,.T.);
#6582 = VERTEX_POINT('',#6583);
#6583 = CARTESIAN_POINT('',(0.15,5.E-003,-1.5E-002));
#6584 = SURFACE_CURVE('',#6585,(#6589,#6596),.PCURVE_S1.);
#6585 = LINE('',#6586,#6587);
#6586 = CARTESIAN_POINT('',(0.15,5.E-003,-0.5));
#6587 = VECTOR('',#6588,1.);
#6588 = DIRECTION('',(-0.E+000,-0.E+000,-1.));
#6589 = PCURVE('',#6007,#6590);
#6590 = DEFINITIONAL_REPRESENTATION('',(#6591),#6595);
#6591 = LINE('',#6592,#6593);
#6592 = CARTESIAN_POINT('',(0.E+000,-0.295));
#6593 = VECTOR('',#6594,1.);
#6594 = DIRECTION('',(-1.,0.E+000));
#6595 = ( GEOMETRIC_REPRESENTATION_CONTEXT(2) 
PARAMETRIC_REPRESENTATION_CONTEXT() REPRESENTATION_CONTEXT('2D SPACE',''
  ) );
#6596 = PCURVE('',#6374,#6597);
#6597 = DEFINITIONAL_REPRESENTATION('',(#6598),#6602);
#6598 = LINE('',#6599,#6600);
#6599 = CARTESIAN_POINT('',(5.551115123126E-017,0.E+000));
#6600 = VECTOR('',#6601,1.);
#6601 = DIRECTION('',(0.E+000,-1.));
#6602 = ( GEOMETRIC_REPRESENTATION_CONTEXT(2) 
PARAMETRIC_REPRESENTATION_CONTEXT() REPRESENTATION_CONTEXT('2D SPACE',''
  ) );
#6603 = ORIENTED_EDGE('',*,*,#6604,.F.);
#6604 = EDGE_CURVE('',#6605,#6582,#6607,.T.);
#6605 = VERTEX_POINT('',#6606);
#6606 = CARTESIAN_POINT('',(0.15,1.5E-002,-5.E-003));
#6607 = SURFACE_CURVE('',#6608,(#6613,#6624),.PCURVE_S1.);
#6608 = CIRCLE('',#6609,1.E-002);
#6609 = AXIS2_PLACEMENT_3D('',#6610,#6611,#6612);
#6610 = CARTESIAN_POINT('',(0.15,1.5E-002,-1.5E-002));
#6611 = DIRECTION('',(1.,1.214080557731E-016,-1.807003620809E-016));
#6612 = DIRECTION('',(1.807003620809E-016,2.193847963774E-032,1.));
#6613 = PCURVE('',#6007,#6614);
#6614 = DEFINITIONAL_REPRESENTATION('',(#6615),#6623);
#6615 = ( BOUNDED_CURVE() B_SPLINE_CURVE(2,(#6616,#6617,#6618,#6619,
#6620,#6621,#6622),.UNSPECIFIED.,.T.,.F.) B_SPLINE_CURVE_WITH_KNOTS((1,2
    ,2,2,2,1),(-2.094395102393,0.E+000,2.094395102393,4.188790204786,
6.28318530718,8.377580409573),.UNSPECIFIED.) CURVE() 
GEOMETRIC_REPRESENTATION_ITEM() RATIONAL_B_SPLINE_CURVE((1.,0.5,1.,0.5,
1.,0.5,1.)) REPRESENTATION_ITEM('') );
#6616 = CARTESIAN_POINT('',(0.495,-0.285));
#6617 = CARTESIAN_POINT('',(0.495,-0.302320508076));
#6618 = CARTESIAN_POINT('',(0.48,-0.293660254038));
#6619 = CARTESIAN_POINT('',(0.465,-0.285));
#6620 = CARTESIAN_POINT('',(0.48,-0.276339745962));
#6621 = CARTESIAN_POINT('',(0.495,-0.267679491924));
#6622 = CARTESIAN_POINT('',(0.495,-0.285));
#6623 = ( GEOMETRIC_REPRESENTATION_CONTEXT(2) 
PARAMETRIC_REPRESENTATION_CONTEXT() REPRESENTATION_CONTEXT('2D SPACE',''
  ) );
#6624 = PCURVE('',#6347,#6625);
#6625 = DEFINITIONAL_REPRESENTATION('',(#6626),#6629);
#6626 = B_SPLINE_CURVE_WITH_KNOTS('',1,(#6627,#6628),.UNSPECIFIED.,.F.,
  .F.,(2,2),(0.E+000,1.570796326795),.PIECEWISE_BEZIER_KNOTS.);
#6627 = CARTESIAN_POINT('',(6.28318530718,1.110223024625E-016));
#6628 = CARTESIAN_POINT('',(4.712388980385,1.110223024625E-016));
#6629 = ( GEOMETRIC_REPRESENTATION_CONTEXT(2) 
PARAMETRIC_REPRESENTATION_CONTEXT() REPRESENTATION_CONTEXT('2D SPACE',''
  ) );
#6630 = ORIENTED_EDGE('',*,*,#6631,.F.);
#6631 = EDGE_CURVE('',#6632,#6605,#6634,.T.);
#6632 = VERTEX_POINT('',#6633);
#6633 = CARTESIAN_POINT('',(0.15,0.285,-5.E-003));
#6634 = SURFACE_CURVE('',#6635,(#6639,#6646),.PCURVE_S1.);
#6635 = LINE('',#6636,#6637);
#6636 = CARTESIAN_POINT('',(0.15,0.3,-5.E-003));
#6637 = VECTOR('',#6638,1.);
#6638 = DIRECTION('',(-0.E+000,-1.,0.E+000));
#6639 = PCURVE('',#6007,#6640);
#6640 = DEFINITIONAL_REPRESENTATION('',(#6641),#6645);
#6641 = LINE('',#6642,#6643);
#6642 = CARTESIAN_POINT('',(0.495,0.E+000));
#6643 = VECTOR('',#6644,1.);
#6644 = DIRECTION('',(0.E+000,-1.));
#6645 = ( GEOMETRIC_REPRESENTATION_CONTEXT(2) 
PARAMETRIC_REPRESENTATION_CONTEXT() REPRESENTATION_CONTEXT('2D SPACE',''
  ) );
#6646 = PCURVE('',#6513,#6647);
#6647 = DEFINITIONAL_REPRESENTATION('',(#6648),#6652);
#6648 = LINE('',#6649,#6650);
#6649 = CARTESIAN_POINT('',(8.326672684689E-017,0.505));
#6650 = VECTOR('',#6651,1.);
#6651 = DIRECTION('',(-3.881313316079E-064,-1.));
#6652 = ( GEOMETRIC_REPRESENTATION_CONTEXT(2) 
PARAMETRIC_REPRESENTATION_CONTEXT() REPRESENTATION_CONTEXT('2D SPACE',''
  ) );
#6653 = ORIENTED_EDGE('',*,*,#6654,.F.);
#6654 = EDGE_CURVE('',#6655,#6632,#6657,.T.);
#6655 = VERTEX_POINT('',#6656);
#6656 = CARTESIAN_POINT('',(0.15,0.295,-1.5E-002));
#6657 = SURFACE_CURVE('',#6658,(#6663,#6674),.PCURVE_S1.);
#6658 = CIRCLE('',#6659,1.E-002);
#6659 = AXIS2_PLACEMENT_3D('',#6660,#6661,#6662);
#6660 = CARTESIAN_POINT('',(0.15,0.285,-1.5E-002));
#6661 = DIRECTION('',(1.,1.807003620809E-016,-1.807003620809E-016));
#6662 = DIRECTION('',(1.807003620809E-016,3.265262085617E-032,1.));
#6663 = PCURVE('',#6007,#6664);
#6664 = DEFINITIONAL_REPRESENTATION('',(#6665),#6673);
#6665 = ( BOUNDED_CURVE() B_SPLINE_CURVE(2,(#6666,#6667,#6668,#6669,
#6670,#6671,#6672),.UNSPECIFIED.,.F.,.F.) B_SPLINE_CURVE_WITH_KNOTS((1,2
    ,2,2,2,1),(-2.094395102393,0.E+000,2.094395102393,4.188790204786,
6.28318530718,8.377580409573),.UNSPECIFIED.) CURVE() 
GEOMETRIC_REPRESENTATION_ITEM() RATIONAL_B_SPLINE_CURVE((1.,0.5,1.,0.5,
1.,0.5,1.)) REPRESENTATION_ITEM('') );
#6666 = CARTESIAN_POINT('',(0.495,-1.5E-002));
#6667 = CARTESIAN_POINT('',(0.495,-3.232050807569E-002));
#6668 = CARTESIAN_POINT('',(0.48,-2.366025403784E-002));
#6669 = CARTESIAN_POINT('',(0.465,-1.5E-002));
#6670 = CARTESIAN_POINT('',(0.48,-6.339745962156E-003));
#6671 = CARTESIAN_POINT('',(0.495,2.320508075689E-003));
#6672 = CARTESIAN_POINT('',(0.495,-1.5E-002));
#6673 = ( GEOMETRIC_REPRESENTATION_CONTEXT(2) 
PARAMETRIC_REPRESENTATION_CONTEXT() REPRESENTATION_CONTEXT('2D SPACE',''
  ) );
#6674 = PCURVE('',#6488,#6675);
#6675 = DEFINITIONAL_REPRESENTATION('',(#6676),#6679);
#6676 = B_SPLINE_CURVE_WITH_KNOTS('',1,(#6677,#6678),.UNSPECIFIED.,.F.,
  .F.,(2,2),(4.712388980385,6.28318530718),.PIECEWISE_BEZIER_KNOTS.);
#6677 = CARTESIAN_POINT('',(1.570796326795,0.E+000));
#6678 = CARTESIAN_POINT('',(0.E+000,0.E+000));
#6679 = ( GEOMETRIC_REPRESENTATION_CONTEXT(2) 
PARAMETRIC_REPRESENTATION_CONTEXT() REPRESENTATION_CONTEXT('2D SPACE',''
  ) );
#6680 = ORIENTED_EDGE('',*,*,#6681,.F.);
#6681 = EDGE_CURVE('',#6682,#6655,#6684,.T.);
#6682 = VERTEX_POINT('',#6683);
#6683 = CARTESIAN_POINT('',(0.15,0.295,-0.285));
#6684 = SURFACE_CURVE('',#6685,(#6689,#6696),.PCURVE_S1.);
#6685 = LINE('',#6686,#6687);
#6686 = CARTESIAN_POINT('',(0.15,0.295,-0.5));
#6687 = VECTOR('',#6688,1.);
#6688 = DIRECTION('',(0.E+000,0.E+000,1.));
#6689 = PCURVE('',#6007,#6690);
#6690 = DEFINITIONAL_REPRESENTATION('',(#6691),#6695);
#6691 = LINE('',#6692,#6693);
#6692 = CARTESIAN_POINT('',(0.E+000,-5.E-003));
#6693 = VECTOR('',#6694,1.);
#6694 = DIRECTION('',(1.,0.E+000));
#6695 = ( GEOMETRIC_REPRESENTATION_CONTEXT(2) 
PARAMETRIC_REPRESENTATION_CONTEXT() REPRESENTATION_CONTEXT('2D SPACE',''
  ) );
#6696 = PCURVE('',#6455,#6697);
#6697 = DEFINITIONAL_REPRESENTATION('',(#6698),#6702);
#6698 = LINE('',#6699,#6700);
#6699 = CARTESIAN_POINT('',(0.E+000,0.E+000));
#6700 = VECTOR('',#6701,1.);
#6701 = DIRECTION('',(0.E+000,1.));
#6702 = ( GEOMETRIC_REPRESENTATION_CONTEXT(2) 
PARAMETRIC_REPRESENTATION_CONTEXT() REPRESENTATION_CONTEXT('2D SPACE',''
  ) );
#6703 = ORIENTED_EDGE('',*,*,#6704,.F.);
#6704 = EDGE_CURVE('',#5992,#6682,#6705,.T.);
#6705 = SURFACE_CURVE('',#6706,(#6711,#6722),.PCURVE_S1.);
#6706 = CIRCLE('',#6707,1.E-002);
#6707 = AXIS2_PLACEMENT_3D('',#6708,#6709,#6710);
#6708 = CARTESIAN_POINT('',(0.15,0.285,-0.285));
#6709 = DIRECTION('',(1.,1.807003620809E-016,0.E+000));
#6710 = DIRECTION('',(-1.807003620809E-016,1.,0.E+000));
#6711 = PCURVE('',#6007,#6712);
#6712 = DEFINITIONAL_REPRESENTATION('',(#6713),#6721);
#6713 = ( BOUNDED_CURVE() B_SPLINE_CURVE(2,(#6714,#6715,#6716,#6717,
#6718,#6719,#6720),.UNSPECIFIED.,.F.,.F.) B_SPLINE_CURVE_WITH_KNOTS((1,2
    ,2,2,2,1),(-2.094395102393,0.E+000,2.094395102393,4.188790204786,
6.28318530718,8.377580409573),.UNSPECIFIED.) CURVE() 
GEOMETRIC_REPRESENTATION_ITEM() RATIONAL_B_SPLINE_CURVE((1.,0.5,1.,0.5,
1.,0.5,1.)) REPRESENTATION_ITEM('') );
#6714 = CARTESIAN_POINT('',(0.215,-5.E-003));
#6715 = CARTESIAN_POINT('',(0.232320508076,-5.E-003));
#6716 = CARTESIAN_POINT('',(0.223660254038,-2.E-002));
#6717 = CARTESIAN_POINT('',(0.215,-3.5E-002));
#6718 = CARTESIAN_POINT('',(0.206339745962,-2.E-002));
#6719 = CARTESIAN_POINT('',(0.197679491924,-5.E-003));
#6720 = CARTESIAN_POINT('',(0.215,-5.E-003));
#6721 = ( GEOMETRIC_REPRESENTATION_CONTEXT(2) 
PARAMETRIC_REPRESENTATION_CONTEXT() REPRESENTATION_CONTEXT('2D SPACE',''
  ) );
#6722 = PCURVE('',#6035,#6723);
#6723 = DEFINITIONAL_REPRESENTATION('',(#6724),#6727);
#6724 = B_SPLINE_CURVE_WITH_KNOTS('',1,(#6725,#6726),.UNSPECIFIED.,.F.,
  .F.,(2,2),(4.712388980385,6.28318530718),.PIECEWISE_BEZIER_KNOTS.);
#6725 = CARTESIAN_POINT('',(4.712388980385,0.E+000));
#6726 = CARTESIAN_POINT('',(6.28318530718,0.E+000));
#6727 = ( GEOMETRIC_REPRESENTATION_CONTEXT(2) 
PARAMETRIC_REPRESENTATION_CONTEXT() REPRESENTATION_CONTEXT('2D SPACE',''
  ) );
#6728 = ORIENTED_EDGE('',*,*,#5991,.T.);
#6729 = FACE_BOUND('',#6730,.T.);
#6730 = EDGE_LOOP('',(#6731,#6761,#6789,#6817,#6845,#6873,#6901,#6929));
#6731 = ORIENTED_EDGE('',*,*,#6732,.F.);
#6732 = EDGE_CURVE('',#6733,#6735,#6737,.T.);
#6733 = VERTEX_POINT('',#6734);
#6734 = CARTESIAN_POINT('',(0.15,1.270549420881E-017,-1.E-002));
#6735 = VERTEX_POINT('',#6736);
#6736 = CARTESIAN_POINT('',(0.15,1.E-002,0.E+000));
#6737 = SURFACE_CURVE('',#6738,(#6743,#6750),.PCURVE_S1.);
#6738 = CIRCLE('',#6739,1.E-002);
#6739 = AXIS2_PLACEMENT_3D('',#6740,#6741,#6742);
#6740 = CARTESIAN_POINT('',(0.15,1.E-002,-1.E-002));
#6741 = DIRECTION('',(-1.,0.E+000,0.E+000));
#6742 = DIRECTION('',(0.E+000,0.E+000,1.));
#6743 = PCURVE('',#6007,#6744);
#6744 = DEFINITIONAL_REPRESENTATION('',(#6745),#6749);
#6745 = CIRCLE('',#6746,1.E-002);
#6746 = AXIS2_PLACEMENT_2D('',#6747,#6748);
#6747 = CARTESIAN_POINT('',(0.49,-0.29));
#6748 = DIRECTION('',(1.,0.E+000));
#6749 = ( GEOMETRIC_REPRESENTATION_CONTEXT(2) 
PARAMETRIC_REPRESENTATION_CONTEXT() REPRESENTATION_CONTEXT('2D SPACE',''
  ) );
#6750 = PCURVE('',#6751,#6756);
#6751 = CYLINDRICAL_SURFACE('',#6752,1.E-002);
#6752 = AXIS2_PLACEMENT_3D('',#6753,#6754,#6755);
#6753 = CARTESIAN_POINT('',(0.E+000,1.E-002,-1.E-002));
#6754 = DIRECTION('',(-1.,0.E+000,0.E+000));
#6755 = DIRECTION('',(0.E+000,0.E+000,1.));
#6756 = DEFINITIONAL_REPRESENTATION('',(#6757),#6760);
#6757 = B_SPLINE_CURVE_WITH_KNOTS('',1,(#6758,#6759),.UNSPECIFIED.,.F.,
  .F.,(2,2),(4.712388980385,6.28318530718),.PIECEWISE_BEZIER_KNOTS.);
#6758 = CARTESIAN_POINT('',(4.712388980385,-0.15));
#6759 = CARTESIAN_POINT('',(6.28318530718,-0.15));
#6760 = ( GEOMETRIC_REPRESENTATION_CONTEXT(2) 
PARAMETRIC_REPRESENTATION_CONTEXT() REPRESENTATION_CONTEXT('2D SPACE',''
  ) );
#6761 = ORIENTED_EDGE('',*,*,#6762,.F.);
#6762 = EDGE_CURVE('',#6763,#6733,#6765,.T.);
#6763 = VERTEX_POINT('',#6764);
#6764 = CARTESIAN_POINT('',(0.15,0.E+000,-0.29));
#6765 = SURFACE_CURVE('',#6766,(#6770,#6777),.PCURVE_S1.);
#6766 = LINE('',#6767,#6768);
#6767 = CARTESIAN_POINT('',(0.15,0.E+000,-0.5));
#6768 = VECTOR('',#6769,1.);
#6769 = DIRECTION('',(0.E+000,0.E+000,1.));
#6770 = PCURVE('',#6007,#6771);
#6771 = DEFINITIONAL_REPRESENTATION('',(#6772),#6776);
#6772 = LINE('',#6773,#6774);
#6773 = CARTESIAN_POINT('',(0.E+000,-0.3));
#6774 = VECTOR('',#6775,1.);
#6775 = DIRECTION('',(1.,0.E+000));
#6776 = ( GEOMETRIC_REPRESENTATION_CONTEXT(2) 
PARAMETRIC_REPRESENTATION_CONTEXT() REPRESENTATION_CONTEXT('2D SPACE',''
  ) );
#6777 = PCURVE('',#6778,#6783);
#6778 = PLANE('',#6779);
#6779 = AXIS2_PLACEMENT_3D('',#6780,#6781,#6782);
#6780 = CARTESIAN_POINT('',(0.E+000,0.E+000,-0.3));
#6781 = DIRECTION('',(0.E+000,-1.,0.E+000));
#6782 = DIRECTION('',(0.E+000,-0.E+000,-1.));
#6783 = DEFINITIONAL_REPRESENTATION('',(#6784),#6788);
#6784 = LINE('',#6785,#6786);
#6785 = CARTESIAN_POINT('',(0.2,0.15));
#6786 = VECTOR('',#6787,1.);
#6787 = DIRECTION('',(-1.,0.E+000));
#6788 = ( GEOMETRIC_REPRESENTATION_CONTEXT(2) 
PARAMETRIC_REPRESENTATION_CONTEXT() REPRESENTATION_CONTEXT('2D SPACE',''
  ) );
#6789 = ORIENTED_EDGE('',*,*,#6790,.F.);
#6790 = EDGE_CURVE('',#6791,#6763,#6793,.T.);
#6791 = VERTEX_POINT('',#6792);
#6792 = CARTESIAN_POINT('',(0.15,1.E-002,-0.3));
#6793 = SURFACE_CURVE('',#6794,(#6799,#6806),.PCURVE_S1.);
#6794 = CIRCLE('',#6795,1.E-002);
#6795 = AXIS2_PLACEMENT_3D('',#6796,#6797,#6798);
#6796 = CARTESIAN_POINT('',(0.15,1.E-002,-0.29));
#6797 = DIRECTION('',(-1.,-0.E+000,9.035018104046E-017));
#6798 = DIRECTION('',(-9.035018104046E-017,0.E+000,-1.));
#6799 = PCURVE('',#6007,#6800);
#6800 = DEFINITIONAL_REPRESENTATION('',(#6801),#6805);
#6801 = CIRCLE('',#6802,1.E-002);
#6802 = AXIS2_PLACEMENT_2D('',#6803,#6804);
#6803 = CARTESIAN_POINT('',(0.21,-0.29));
#6804 = DIRECTION('',(-1.,0.E+000));
#6805 = ( GEOMETRIC_REPRESENTATION_CONTEXT(2) 
PARAMETRIC_REPRESENTATION_CONTEXT() REPRESENTATION_CONTEXT('2D SPACE',''
  ) );
#6806 = PCURVE('',#6807,#6812);
#6807 = CYLINDRICAL_SURFACE('',#6808,1.E-002);
#6808 = AXIS2_PLACEMENT_3D('',#6809,#6810,#6811);
#6809 = CARTESIAN_POINT('',(9.035018104046E-019,1.E-002,-0.29));
#6810 = DIRECTION('',(1.,0.E+000,-9.035018104046E-017));
#6811 = DIRECTION('',(-9.035018104046E-017,0.E+000,-1.));
#6812 = DEFINITIONAL_REPRESENTATION('',(#6813),#6816);
#6813 = B_SPLINE_CURVE_WITH_KNOTS('',1,(#6814,#6815),.UNSPECIFIED.,.F.,
  .F.,(2,2),(0.E+000,1.570796326795),.PIECEWISE_BEZIER_KNOTS.);
#6814 = CARTESIAN_POINT('',(6.28318530718,0.15));
#6815 = CARTESIAN_POINT('',(4.712388980385,0.15));
#6816 = ( GEOMETRIC_REPRESENTATION_CONTEXT(2) 
PARAMETRIC_REPRESENTATION_CONTEXT() REPRESENTATION_CONTEXT('2D SPACE',''
  ) );
#6817 = ORIENTED_EDGE('',*,*,#6818,.F.);
#6818 = EDGE_CURVE('',#6819,#6791,#6821,.T.);
#6819 = VERTEX_POINT('',#6820);
#6820 = CARTESIAN_POINT('',(0.15,0.29,-0.3));
#6821 = SURFACE_CURVE('',#6822,(#6826,#6833),.PCURVE_S1.);
#6822 = LINE('',#6823,#6824);
#6823 = CARTESIAN_POINT('',(0.15,0.3,-0.3));
#6824 = VECTOR('',#6825,1.);
#6825 = DIRECTION('',(-0.E+000,-1.,0.E+000));
#6826 = PCURVE('',#6007,#6827);
#6827 = DEFINITIONAL_REPRESENTATION('',(#6828),#6832);
#6828 = LINE('',#6829,#6830);
#6829 = CARTESIAN_POINT('',(0.2,0.E+000));
#6830 = VECTOR('',#6831,1.);
#6831 = DIRECTION('',(0.E+000,-1.));
#6832 = ( GEOMETRIC_REPRESENTATION_CONTEXT(2) 
PARAMETRIC_REPRESENTATION_CONTEXT() REPRESENTATION_CONTEXT('2D SPACE',''
  ) );
#6833 = PCURVE('',#6834,#6839);
#6834 = PLANE('',#6835);
#6835 = AXIS2_PLACEMENT_3D('',#6836,#6837,#6838);
#6836 = CARTESIAN_POINT('',(0.E+000,0.3,-0.3));
#6837 = DIRECTION('',(9.035018104046E-017,-0.E+000,1.));
#6838 = DIRECTION('',(1.,0.E+000,-9.035018104046E-017));
#6839 = DEFINITIONAL_REPRESENTATION('',(#6840),#6844);
#6840 = LINE('',#6841,#6842);
#6841 = CARTESIAN_POINT('',(0.15,0.E+000));
#6842 = VECTOR('',#6843,1.);
#6843 = DIRECTION('',(-0.E+000,-1.));
#6844 = ( GEOMETRIC_REPRESENTATION_CONTEXT(2) 
PARAMETRIC_REPRESENTATION_CONTEXT() REPRESENTATION_CONTEXT('2D SPACE',''
  ) );
#6845 = ORIENTED_EDGE('',*,*,#6846,.F.);
#6846 = EDGE_CURVE('',#6847,#6819,#6849,.T.);
#6847 = VERTEX_POINT('',#6848);
#6848 = CARTESIAN_POINT('',(0.15,0.3,-0.29));
#6849 = SURFACE_CURVE('',#6850,(#6855,#6862),.PCURVE_S1.);
#6850 = CIRCLE('',#6851,1.E-002);
#6851 = AXIS2_PLACEMENT_3D('',#6852,#6853,#6854);
#6852 = CARTESIAN_POINT('',(0.15,0.29,-0.29));
#6853 = DIRECTION('',(-1.,0.E+000,9.035018104046E-017));
#6854 = DIRECTION('',(9.035018104046E-017,0.E+000,1.));
#6855 = PCURVE('',#6007,#6856);
#6856 = DEFINITIONAL_REPRESENTATION('',(#6857),#6861);
#6857 = CIRCLE('',#6858,1.E-002);
#6858 = AXIS2_PLACEMENT_2D('',#6859,#6860);
#6859 = CARTESIAN_POINT('',(0.21,-1.E-002));
#6860 = DIRECTION('',(1.,0.E+000));
#6861 = ( GEOMETRIC_REPRESENTATION_CONTEXT(2) 
PARAMETRIC_REPRESENTATION_CONTEXT() REPRESENTATION_CONTEXT('2D SPACE',''
  ) );
#6862 = PCURVE('',#6863,#6868);
#6863 = CYLINDRICAL_SURFACE('',#6864,1.E-002);
#6864 = AXIS2_PLACEMENT_3D('',#6865,#6866,#6867);
#6865 = CARTESIAN_POINT('',(9.035018104046E-019,0.29,-0.29));
#6866 = DIRECTION('',(-1.,0.E+000,9.035018104046E-017));
#6867 = DIRECTION('',(9.035018104046E-017,0.E+000,1.));
#6868 = DEFINITIONAL_REPRESENTATION('',(#6869),#6872);
#6869 = B_SPLINE_CURVE_WITH_KNOTS('',1,(#6870,#6871),.UNSPECIFIED.,.F.,
  .F.,(2,2),(1.570796326795,3.14159265359),.PIECEWISE_BEZIER_KNOTS.);
#6870 = CARTESIAN_POINT('',(1.570796326795,-0.15));
#6871 = CARTESIAN_POINT('',(3.14159265359,-0.15));
#6872 = ( GEOMETRIC_REPRESENTATION_CONTEXT(2) 
PARAMETRIC_REPRESENTATION_CONTEXT() REPRESENTATION_CONTEXT('2D SPACE',''
  ) );
#6873 = ORIENTED_EDGE('',*,*,#6874,.F.);
#6874 = EDGE_CURVE('',#6875,#6847,#6877,.T.);
#6875 = VERTEX_POINT('',#6876);
#6876 = CARTESIAN_POINT('',(0.15,0.3,-1.E-002));
#6877 = SURFACE_CURVE('',#6878,(#6882,#6889),.PCURVE_S1.);
#6878 = LINE('',#6879,#6880);
#6879 = CARTESIAN_POINT('',(0.15,0.3,-0.5));
#6880 = VECTOR('',#6881,1.);
#6881 = DIRECTION('',(-0.E+000,-0.E+000,-1.));
#6882 = PCURVE('',#6007,#6883);
#6883 = DEFINITIONAL_REPRESENTATION('',(#6884),#6888);
#6884 = LINE('',#6885,#6886);
#6885 = CARTESIAN_POINT('',(0.E+000,0.E+000));
#6886 = VECTOR('',#6887,1.);
#6887 = DIRECTION('',(-1.,0.E+000));
#6888 = ( GEOMETRIC_REPRESENTATION_CONTEXT(2) 
PARAMETRIC_REPRESENTATION_CONTEXT() REPRESENTATION_CONTEXT('2D SPACE',''
  ) );
#6889 = PCURVE('',#6890,#6895);
#6890 = PLANE('',#6891);
#6891 = AXIS2_PLACEMENT_3D('',#6892,#6893,#6894);
#6892 = CARTESIAN_POINT('',(0.E+000,0.3,-0.3));
#6893 = DIRECTION('',(0.E+000,-1.,0.E+000));
#6894 = DIRECTION('',(0.E+000,-0.E+000,-1.));
#6895 = DEFINITIONAL_REPRESENTATION('',(#6896),#6900);
#6896 = LINE('',#6897,#6898);
#6897 = CARTESIAN_POINT('',(0.2,0.15));
#6898 = VECTOR('',#6899,1.);
#6899 = DIRECTION('',(1.,0.E+000));
#6900 = ( GEOMETRIC_REPRESENTATION_CONTEXT(2) 
PARAMETRIC_REPRESENTATION_CONTEXT() REPRESENTATION_CONTEXT('2D SPACE',''
  ) );
#6901 = ORIENTED_EDGE('',*,*,#6902,.F.);
#6902 = EDGE_CURVE('',#6903,#6875,#6905,.T.);
#6903 = VERTEX_POINT('',#6904);
#6904 = CARTESIAN_POINT('',(0.15,0.29,0.E+000));
#6905 = SURFACE_CURVE('',#6906,(#6911,#6918),.PCURVE_S1.);
#6906 = CIRCLE('',#6907,1.E-002);
#6907 = AXIS2_PLACEMENT_3D('',#6908,#6909,#6910);
#6908 = CARTESIAN_POINT('',(0.15,0.29,-1.E-002));
#6909 = DIRECTION('',(-1.,-0.E+000,-0.E+000));
#6910 = DIRECTION('',(0.E+000,0.E+000,-1.));
#6911 = PCURVE('',#6007,#6912);
#6912 = DEFINITIONAL_REPRESENTATION('',(#6913),#6917);
#6913 = CIRCLE('',#6914,1.E-002);
#6914 = AXIS2_PLACEMENT_2D('',#6915,#6916);
#6915 = CARTESIAN_POINT('',(0.49,-1.E-002));
#6916 = DIRECTION('',(-1.,0.E+000));
#6917 = ( GEOMETRIC_REPRESENTATION_CONTEXT(2) 
PARAMETRIC_REPRESENTATION_CONTEXT() REPRESENTATION_CONTEXT('2D SPACE',''
  ) );
#6918 = PCURVE('',#6919,#6924);
#6919 = CYLINDRICAL_SURFACE('',#6920,1.E-002);
#6920 = AXIS2_PLACEMENT_3D('',#6921,#6922,#6923);
#6921 = CARTESIAN_POINT('',(0.E+000,0.29,-1.E-002));
#6922 = DIRECTION('',(1.,0.E+000,0.E+000));
#6923 = DIRECTION('',(0.E+000,0.E+000,-1.));
#6924 = DEFINITIONAL_REPRESENTATION('',(#6925),#6928);
#6925 = B_SPLINE_CURVE_WITH_KNOTS('',1,(#6926,#6927),.UNSPECIFIED.,.F.,
  .F.,(2,2),(3.14159265359,4.712388980385),.PIECEWISE_BEZIER_KNOTS.);
#6926 = CARTESIAN_POINT('',(3.14159265359,0.15));
#6927 = CARTESIAN_POINT('',(1.570796326795,0.15));
#6928 = ( GEOMETRIC_REPRESENTATION_CONTEXT(2) 
PARAMETRIC_REPRESENTATION_CONTEXT() REPRESENTATION_CONTEXT('2D SPACE',''
  ) );
#6929 = ORIENTED_EDGE('',*,*,#6930,.F.);
#6930 = EDGE_CURVE('',#6735,#6903,#6931,.T.);
#6931 = SURFACE_CURVE('',#6932,(#6936,#6943),.PCURVE_S1.);
#6932 = LINE('',#6933,#6934);
#6933 = CARTESIAN_POINT('',(0.15,0.3,0.E+000));
#6934 = VECTOR('',#6935,1.);
#6935 = DIRECTION('',(0.E+000,1.,-0.E+000));
#6936 = PCURVE('',#6007,#6937);
#6937 = DEFINITIONAL_REPRESENTATION('',(#6938),#6942);
#6938 = LINE('',#6939,#6940);
#6939 = CARTESIAN_POINT('',(0.5,0.E+000));
#6940 = VECTOR('',#6941,1.);
#6941 = DIRECTION('',(0.E+000,1.));
#6942 = ( GEOMETRIC_REPRESENTATION_CONTEXT(2) 
PARAMETRIC_REPRESENTATION_CONTEXT() REPRESENTATION_CONTEXT('2D SPACE',''
  ) );
#6943 = PCURVE('',#6944,#6949);
#6944 = PLANE('',#6945);
#6945 = AXIS2_PLACEMENT_3D('',#6946,#6947,#6948);
#6946 = CARTESIAN_POINT('',(0.E+000,0.3,0.E+000));
#6947 = DIRECTION('',(0.E+000,0.E+000,-1.));
#6948 = DIRECTION('',(-1.,0.E+000,-0.E+000));
#6949 = DEFINITIONAL_REPRESENTATION('',(#6950),#6954);
#6950 = LINE('',#6951,#6952);
#6951 = CARTESIAN_POINT('',(-0.15,0.E+000));
#6952 = VECTOR('',#6953,1.);
#6953 = DIRECTION('',(0.E+000,1.));
#6954 = ( GEOMETRIC_REPRESENTATION_CONTEXT(2) 
PARAMETRIC_REPRESENTATION_CONTEXT() REPRESENTATION_CONTEXT('2D SPACE',''
  ) );
#6955 = ADVANCED_FACE('',(#6956),#6035,.T.);
#6956 = FACE_BOUND('',#6957,.T.);
#6957 = EDGE_LOOP('',(#6958,#6959,#6960,#6961));
#6958 = ORIENTED_EDGE('',*,*,#6412,.T.);
#6959 = ORIENTED_EDGE('',*,*,#6019,.T.);
#6960 = ORIENTED_EDGE('',*,*,#6704,.T.);
#6961 = ORIENTED_EDGE('',*,*,#6962,.T.);
#6962 = EDGE_CURVE('',#6682,#6413,#6963,.T.);
#6963 = SURFACE_CURVE('',#6964,(#6968,#6974),.PCURVE_S1.);
#6964 = LINE('',#6965,#6966);
#6965 = CARTESIAN_POINT('',(0.15,0.295,-0.285));
#6966 = VECTOR('',#6967,1.);
#6967 = DIRECTION('',(1.,1.807003620809E-016,0.E+000));
#6968 = PCURVE('',#6035,#6969);
#6969 = DEFINITIONAL_REPRESENTATION('',(#6970),#6973);
#6970 = B_SPLINE_CURVE_WITH_KNOTS('',1,(#6971,#6972),.UNSPECIFIED.,.F.,
  .F.,(2,2),(0.E+000,0.3),.PIECEWISE_BEZIER_KNOTS.);
#6971 = CARTESIAN_POINT('',(6.28318530718,1.003088512702E-032));
#6972 = CARTESIAN_POINT('',(6.28318530718,0.3));
#6973 = ( GEOMETRIC_REPRESENTATION_CONTEXT(2) 
PARAMETRIC_REPRESENTATION_CONTEXT() REPRESENTATION_CONTEXT('2D SPACE',''
  ) );
#6974 = PCURVE('',#6455,#6975);
#6975 = DEFINITIONAL_REPRESENTATION('',(#6976),#6980);
#6976 = LINE('',#6977,#6978);
#6977 = CARTESIAN_POINT('',(0.E+000,0.215));
#6978 = VECTOR('',#6979,1.);
#6979 = DIRECTION('',(1.,0.E+000));
#6980 = ( GEOMETRIC_REPRESENTATION_CONTEXT(2) 
PARAMETRIC_REPRESENTATION_CONTEXT() REPRESENTATION_CONTEXT('2D SPACE',''
  ) );
#6981 = ADVANCED_FACE('',(#6982),#6310,.T.);
#6982 = FACE_BOUND('',#6983,.T.);
#6983 = EDGE_LOOP('',(#6984,#6985,#7007,#7057));
#6984 = ORIENTED_EDGE('',*,*,#6296,.T.);
#6985 = ORIENTED_EDGE('',*,*,#6986,.T.);
#6986 = EDGE_CURVE('',#6269,#6987,#6989,.T.);
#6987 = VERTEX_POINT('',#6988);
#6988 = CARTESIAN_POINT('',(0.59,0.E+000,-0.29));
#6989 = SURFACE_CURVE('',#6990,(#6994,#7001),.PCURVE_S1.);
#6990 = LINE('',#6991,#6992);
#6991 = CARTESIAN_POINT('',(0.E+000,0.E+000,-0.29));
#6992 = VECTOR('',#6993,1.);
#6993 = DIRECTION('',(1.,0.E+000,0.E+000));
#6994 = PCURVE('',#6310,#6995);
#6995 = DEFINITIONAL_REPRESENTATION('',(#6996),#7000);
#6996 = LINE('',#6997,#6998);
#6997 = CARTESIAN_POINT('',(-1.E-002,0.E+000));
#6998 = VECTOR('',#6999,1.);
#6999 = DIRECTION('',(0.E+000,1.));
#7000 = ( GEOMETRIC_REPRESENTATION_CONTEXT(2) 
PARAMETRIC_REPRESENTATION_CONTEXT() REPRESENTATION_CONTEXT('2D SPACE',''
  ) );
#7001 = PCURVE('',#6285,#7002);
#7002 = DEFINITIONAL_REPRESENTATION('',(#7003),#7006);
#7003 = B_SPLINE_CURVE_WITH_KNOTS('',1,(#7004,#7005),.UNSPECIFIED.,.F.,
  .F.,(2,2),(0.45,0.59),.PIECEWISE_BEZIER_KNOTS.);
#7004 = CARTESIAN_POINT('',(4.712388980385,0.45));
#7005 = CARTESIAN_POINT('',(4.712388980385,0.59));
#7006 = ( GEOMETRIC_REPRESENTATION_CONTEXT(2) 
PARAMETRIC_REPRESENTATION_CONTEXT() REPRESENTATION_CONTEXT('2D SPACE',''
  ) );
#7007 = ORIENTED_EDGE('',*,*,#7008,.T.);
#7008 = EDGE_CURVE('',#6987,#7009,#7011,.T.);
#7009 = VERTEX_POINT('',#7010);
#7010 = CARTESIAN_POINT('',(0.59,6.352747104407E-018,-1.E-002));
#7011 = SURFACE_CURVE('',#7012,(#7016,#7023),.PCURVE_S1.);
#7012 = LINE('',#7013,#7014);
#7013 = CARTESIAN_POINT('',(0.59,0.E+000,-0.3));
#7014 = VECTOR('',#7015,1.);
#7015 = DIRECTION('',(-0.E+000,0.E+000,1.));
#7016 = PCURVE('',#6310,#7017);
#7017 = DEFINITIONAL_REPRESENTATION('',(#7018),#7022);
#7018 = LINE('',#7019,#7020);
#7019 = CARTESIAN_POINT('',(0.E+000,0.59));
#7020 = VECTOR('',#7021,1.);
#7021 = DIRECTION('',(-1.,0.E+000));
#7022 = ( GEOMETRIC_REPRESENTATION_CONTEXT(2) 
PARAMETRIC_REPRESENTATION_CONTEXT() REPRESENTATION_CONTEXT('2D SPACE',''
  ) );
#7023 = PCURVE('',#7024,#7029);
#7024 = CYLINDRICAL_SURFACE('',#7025,1.E-002);
#7025 = AXIS2_PLACEMENT_3D('',#7026,#7027,#7028);
#7026 = CARTESIAN_POINT('',(0.59,1.E-002,-3.614007241618E-018));
#7027 = DIRECTION('',(-3.614007241618E-016,0.E+000,1.));
#7028 = DIRECTION('',(1.,0.E+000,3.614007241618E-016));
#7029 = DEFINITIONAL_REPRESENTATION('',(#7030),#7056);
#7030 = B_SPLINE_CURVE_WITH_KNOTS('',3,(#7031,#7032,#7033,#7034,#7035,
    #7036,#7037,#7038,#7039,#7040,#7041,#7042,#7043,#7044,#7045,#7046,
    #7047,#7048,#7049,#7050,#7051,#7052,#7053,#7054,#7055),
  .UNSPECIFIED.,.F.,.F.,(4,1,1,1,1,1,1,1,1,1,1,1,1,1,1,1,1,1,1,1,1,1,4),
  (1.E-002,2.272727272727E-002,3.545454545455E-002,4.818181818182E-002,
    6.090909090909E-002,7.363636363636E-002,8.636363636364E-002,
    9.909090909091E-002,0.111818181818,0.124545454545,0.137272727273,
    0.15,0.162727272727,0.175454545455,0.188181818182,0.200909090909,
    0.213636363636,0.226363636364,0.239090909091,0.251818181818,
    0.264545454545,0.277272727273,0.29),.QUASI_UNIFORM_KNOTS.);
#7031 = CARTESIAN_POINT('',(4.712388980385,-0.29));
#7032 = CARTESIAN_POINT('',(4.712388980385,-0.285757575758));
#7033 = CARTESIAN_POINT('',(4.712388980385,-0.277272727273));
#7034 = CARTESIAN_POINT('',(4.712388980385,-0.264545454545));
#7035 = CARTESIAN_POINT('',(4.712388980385,-0.251818181818));
#7036 = CARTESIAN_POINT('',(4.712388980385,-0.239090909091));
#7037 = CARTESIAN_POINT('',(4.712388980385,-0.226363636364));
#7038 = CARTESIAN_POINT('',(4.712388980385,-0.213636363636));
#7039 = CARTESIAN_POINT('',(4.712388980385,-0.200909090909));
#7040 = CARTESIAN_POINT('',(4.712388980385,-0.188181818182));
#7041 = CARTESIAN_POINT('',(4.712388980385,-0.175454545455));
#7042 = CARTESIAN_POINT('',(4.712388980385,-0.162727272727));
#7043 = CARTESIAN_POINT('',(4.712388980385,-0.15));
#7044 = CARTESIAN_POINT('',(4.712388980385,-0.137272727273));
#7045 = CARTESIAN_POINT('',(4.712388980385,-0.124545454545));
#7046 = CARTESIAN_POINT('',(4.712388980385,-0.111818181818));
#7047 = CARTESIAN_POINT('',(4.712388980385,-9.909090909091E-002));
#7048 = CARTESIAN_POINT('',(4.712388980385,-8.636363636364E-002));
#7049 = CARTESIAN_POINT('',(4.712388980385,-7.363636363636E-002));
#7050 = CARTESIAN_POINT('',(4.712388980385,-6.090909090909E-002));
#7051 = CARTESIAN_POINT('',(4.712388980385,-4.818181818182E-002));
#7052 = CARTESIAN_POINT('',(4.712388980385,-3.545454545455E-002));
#7053 = CARTESIAN_POINT('',(4.712388980385,-2.272727272727E-002));
#7054 = CARTESIAN_POINT('',(4.712388980385,-1.424242424242E-002));
#7055 = CARTESIAN_POINT('',(4.712388980385,-1.E-002));
#7056 = ( GEOMETRIC_REPRESENTATION_CONTEXT(2) 
PARAMETRIC_REPRESENTATION_CONTEXT() REPRESENTATION_CONTEXT('2D SPACE',''
  ) );
#7057 = ORIENTED_EDGE('',*,*,#7058,.T.);
#7058 = EDGE_CURVE('',#7009,#6101,#7059,.T.);
#7059 = SURFACE_CURVE('',#7060,(#7064,#7071),.PCURVE_S1.);
#7060 = LINE('',#7061,#7062);
#7061 = CARTESIAN_POINT('',(0.E+000,0.E+000,-1.E-002));
#7062 = VECTOR('',#7063,1.);
#7063 = DIRECTION('',(-1.,-0.E+000,-0.E+000));
#7064 = PCURVE('',#6310,#7065);
#7065 = DEFINITIONAL_REPRESENTATION('',(#7066),#7070);
#7066 = LINE('',#7067,#7068);
#7067 = CARTESIAN_POINT('',(-0.29,0.E+000));
#7068 = VECTOR('',#7069,1.);
#7069 = DIRECTION('',(0.E+000,-1.));
#7070 = ( GEOMETRIC_REPRESENTATION_CONTEXT(2) 
PARAMETRIC_REPRESENTATION_CONTEXT() REPRESENTATION_CONTEXT('2D SPACE',''
  ) );
#7071 = PCURVE('',#6117,#7072);
#7072 = DEFINITIONAL_REPRESENTATION('',(#7073),#7076);
#7073 = B_SPLINE_CURVE_WITH_KNOTS('',1,(#7074,#7075),.UNSPECIFIED.,.F.,
  .F.,(2,2),(-0.59,-0.45),.PIECEWISE_BEZIER_KNOTS.);
#7074 = CARTESIAN_POINT('',(4.712388980385,-0.59));
#7075 = CARTESIAN_POINT('',(4.712388980385,-0.45));
#7076 = ( GEOMETRIC_REPRESENTATION_CONTEXT(2) 
PARAMETRIC_REPRESENTATION_CONTEXT() REPRESENTATION_CONTEXT('2D SPACE',''
  ) );
#7077 = ADVANCED_FACE('',(#7078),#6117,.T.);
#7078 = FACE_BOUND('',#7079,.T.);
#7079 = EDGE_LOOP('',(#7080,#7142,#7162,#7163));
#7080 = ORIENTED_EDGE('',*,*,#7081,.T.);
#7081 = EDGE_CURVE('',#7009,#7082,#7084,.T.);
#7082 = VERTEX_POINT('',#7083);
#7083 = CARTESIAN_POINT('',(0.59,1.E-002,4.235164736272E-019));
#7084 = SURFACE_CURVE('',#7085,(#7090,#7096),.PCURVE_S1.);
#7085 = CIRCLE('',#7086,1.E-002);
#7086 = AXIS2_PLACEMENT_3D('',#7087,#7088,#7089);
#7087 = CARTESIAN_POINT('',(0.59,1.E-002,-1.E-002));
#7088 = DIRECTION('',(-1.,0.E+000,0.E+000));
#7089 = DIRECTION('',(0.E+000,0.E+000,1.));
#7090 = PCURVE('',#6117,#7091);
#7091 = DEFINITIONAL_REPRESENTATION('',(#7092),#7095);
#7092 = B_SPLINE_CURVE_WITH_KNOTS('',1,(#7093,#7094),.UNSPECIFIED.,.F.,
  .F.,(2,2),(4.712388980385,6.28318530718),.PIECEWISE_BEZIER_KNOTS.);
#7093 = CARTESIAN_POINT('',(4.712388980385,-0.59));
#7094 = CARTESIAN_POINT('',(6.28318530718,-0.59));
#7095 = ( GEOMETRIC_REPRESENTATION_CONTEXT(2) 
PARAMETRIC_REPRESENTATION_CONTEXT() REPRESENTATION_CONTEXT('2D SPACE',''
  ) );
#7096 = PCURVE('',#7097,#7114);
#7097 = ( BOUNDED_SURFACE() B_SPLINE_SURFACE(3,3,(
    (#7098,#7099,#7100,#7101)
    ,(#7102,#7103,#7104,#7105)
    ,(#7106,#7107,#7108,#7109)
    ,(#7110,#7111,#7112,#7113
)),.UNSPECIFIED.,.F.,.F.,.F.) B_SPLINE_SURFACE_WITH_KNOTS((4,4),(4,4),(
    0.E+000,1.),(0.E+000,1.),.PIECEWISE_BEZIER_KNOTS.) 
GEOMETRIC_REPRESENTATION_ITEM() RATIONAL_B_SPLINE_SURFACE((
    (1.,0.804737854124,0.804737854124,1.)
    ,(0.804737854124,0.647603013861,0.647603013861,0.804737854124)
    ,(0.804737854124,0.647603013861,0.647603013861,0.804737854124)
,(1.,0.804737854124,0.804737854124,1.
))) REPRESENTATION_ITEM('') SURFACE() );
#7098 = CARTESIAN_POINT('',(0.6,1.E-002,-1.E-002));
#7099 = CARTESIAN_POINT('',(0.6,1.E-002,-1.E-002));
#7100 = CARTESIAN_POINT('',(0.6,1.E-002,-1.E-002));
#7101 = CARTESIAN_POINT('',(0.6,1.E-002,-1.E-002));
#7102 = CARTESIAN_POINT('',(0.6,1.E-002,-4.142135623731E-003));
#7103 = CARTESIAN_POINT('',(0.6,6.568542494925E-003,-4.14213562373E-003)
  );
#7104 = CARTESIAN_POINT('',(0.6,4.142135623731E-003,-6.568542494923E-003
    ));
#7105 = CARTESIAN_POINT('',(0.6,4.142135623731E-003,-1.E-002));
#7106 = CARTESIAN_POINT('',(0.595857864376,1.E-002,-2.05275663742E-018)
  );
#7107 = CARTESIAN_POINT('',(0.595857864376,4.142135623733E-003,
    1.841753657048E-015));
#7108 = CARTESIAN_POINT('',(0.595857864376,-1.377105729003E-017,
    -4.14213562373E-003));
#7109 = CARTESIAN_POINT('',(0.595857864376,2.106715917164E-018,-1.E-002)
  );
#7110 = CARTESIAN_POINT('',(0.59,1.E-002,-1.694065894509E-018));
#7111 = CARTESIAN_POINT('',(0.59,4.142135623733E-003,1.842112347791E-015
    ));
#7112 = CARTESIAN_POINT('',(0.59,-1.412974803294E-017,
    -4.14213562373E-003));
#7113 = CARTESIAN_POINT('',(0.59,1.748025174253E-018,-1.E-002));
#7114 = DEFINITIONAL_REPRESENTATION('',(#7115),#7141);
#7115 = B_SPLINE_CURVE_WITH_KNOTS('',3,(#7116,#7117,#7118,#7119,#7120,
    #7121,#7122,#7123,#7124,#7125,#7126,#7127,#7128,#7129,#7130,#7131,
    #7132,#7133,#7134,#7135,#7136,#7137,#7138,#7139,#7140),
  .UNSPECIFIED.,.F.,.F.,(4,1,1,1,1,1,1,1,1,1,1,1,1,1,1,1,1,1,1,1,1,1,4),
  (4.712388980385,4.783788813421,4.855188646457,4.926588479493,
    4.997988312529,5.069388145565,5.140787978601,5.212187811638,
    5.283587644674,5.35498747771,5.426387310746,5.497787143782,
    5.569186976818,5.640586809854,5.711986642891,5.783386475927,
    5.854786308963,5.926186141999,5.997585975035,6.068985808071,
    6.140385641107,6.211785474143,6.28318530718),.QUASI_UNIFORM_KNOTS.);
#7116 = CARTESIAN_POINT('',(1.,1.));
#7117 = CARTESIAN_POINT('',(1.,0.983172198663));
#7118 = CARTESIAN_POINT('',(1.,0.950009297011));
#7119 = CARTESIAN_POINT('',(1.,0.901574474096));
#7120 = CARTESIAN_POINT('',(1.,0.854275086925));
#7121 = CARTESIAN_POINT('',(1.,0.807956362777));
#7122 = CARTESIAN_POINT('',(1.,0.762473275577));
#7123 = CARTESIAN_POINT('',(1.,0.717690577461));
#7124 = CARTESIAN_POINT('',(1.,0.673480563786));
#7125 = CARTESIAN_POINT('',(1.,0.629721689409));
#7126 = CARTESIAN_POINT('',(1.,0.586297147708));
#7127 = CARTESIAN_POINT('',(1.,0.543093605115));
#7128 = CARTESIAN_POINT('',(1.,0.5));
#7129 = CARTESIAN_POINT('',(1.,0.456906394885));
#7130 = CARTESIAN_POINT('',(1.,0.413702852292));
#7131 = CARTESIAN_POINT('',(1.,0.370278310591));
#7132 = CARTESIAN_POINT('',(1.,0.326519436214));
#7133 = CARTESIAN_POINT('',(1.,0.28230942254));
#7134 = CARTESIAN_POINT('',(1.,0.237526724423));
#7135 = CARTESIAN_POINT('',(1.,0.192043637223));
#7136 = CARTESIAN_POINT('',(1.,0.145724913076));
#7137 = CARTESIAN_POINT('',(1.,9.842552590423E-002));
#7138 = CARTESIAN_POINT('',(1.,4.999070298906E-002));
#7139 = CARTESIAN_POINT('',(1.,1.682780133718E-002));
#7140 = CARTESIAN_POINT('',(1.,0.E+000));
#7141 = ( GEOMETRIC_REPRESENTATION_CONTEXT(2) 
PARAMETRIC_REPRESENTATION_CONTEXT() REPRESENTATION_CONTEXT('2D SPACE',''
  ) );
#7142 = ORIENTED_EDGE('',*,*,#7143,.T.);
#7143 = EDGE_CURVE('',#7082,#6099,#7144,.T.);
#7144 = SURFACE_CURVE('',#7145,(#7149,#7155),.PCURVE_S1.);
#7145 = LINE('',#7146,#7147);
#7146 = CARTESIAN_POINT('',(0.E+000,1.E-002,0.E+000));
#7147 = VECTOR('',#7148,1.);
#7148 = DIRECTION('',(-1.,0.E+000,-0.E+000));
#7149 = PCURVE('',#6117,#7150);
#7150 = DEFINITIONAL_REPRESENTATION('',(#7151),#7154);
#7151 = B_SPLINE_CURVE_WITH_KNOTS('',1,(#7152,#7153),.UNSPECIFIED.,.F.,
  .F.,(2,2),(-0.59,-0.45),.PIECEWISE_BEZIER_KNOTS.);
#7152 = CARTESIAN_POINT('',(6.28318530718,-0.59));
#7153 = CARTESIAN_POINT('',(6.28318530718,-0.45));
#7154 = ( GEOMETRIC_REPRESENTATION_CONTEXT(2) 
PARAMETRIC_REPRESENTATION_CONTEXT() REPRESENTATION_CONTEXT('2D SPACE',''
  ) );
#7155 = PCURVE('',#6144,#7156);
#7156 = DEFINITIONAL_REPRESENTATION('',(#7157),#7161);
#7157 = LINE('',#7158,#7159);
#7158 = CARTESIAN_POINT('',(-0.E+000,-0.29));
#7159 = VECTOR('',#7160,1.);
#7160 = DIRECTION('',(1.,0.E+000));
#7161 = ( GEOMETRIC_REPRESENTATION_CONTEXT(2) 
PARAMETRIC_REPRESENTATION_CONTEXT() REPRESENTATION_CONTEXT('2D SPACE',''
  ) );
#7162 = ORIENTED_EDGE('',*,*,#6098,.T.);
#7163 = ORIENTED_EDGE('',*,*,#7058,.F.);
#7164 = ADVANCED_FACE('',(#7165),#6144,.F.);
#7165 = FACE_BOUND('',#7166,.T.);
#7166 = EDGE_LOOP('',(#7167,#7168,#7195,#7215));
#7167 = ORIENTED_EDGE('',*,*,#7143,.F.);
#7168 = ORIENTED_EDGE('',*,*,#7169,.F.);
#7169 = EDGE_CURVE('',#7170,#7082,#7172,.T.);
#7170 = VERTEX_POINT('',#7171);
#7171 = CARTESIAN_POINT('',(0.59,0.29,-6.776263578034E-018));
#7172 = SURFACE_CURVE('',#7173,(#7177,#7184),.PCURVE_S1.);
#7173 = LINE('',#7174,#7175);
#7174 = CARTESIAN_POINT('',(0.59,0.3,0.E+000));
#7175 = VECTOR('',#7176,1.);
#7176 = DIRECTION('',(-0.E+000,-1.,-0.E+000));
#7177 = PCURVE('',#6144,#7178);
#7178 = DEFINITIONAL_REPRESENTATION('',(#7179),#7183);
#7179 = LINE('',#7180,#7181);
#7180 = CARTESIAN_POINT('',(-0.59,0.E+000));
#7181 = VECTOR('',#7182,1.);
#7182 = DIRECTION('',(0.E+000,-1.));
#7183 = ( GEOMETRIC_REPRESENTATION_CONTEXT(2) 
PARAMETRIC_REPRESENTATION_CONTEXT() REPRESENTATION_CONTEXT('2D SPACE',''
  ) );
#7184 = PCURVE('',#7185,#7190);
#7185 = CYLINDRICAL_SURFACE('',#7186,1.E-002);
#7186 = AXIS2_PLACEMENT_3D('',#7187,#7188,#7189);
#7187 = CARTESIAN_POINT('',(0.59,0.3,-1.E-002));
#7188 = DIRECTION('',(0.E+000,-1.,0.E+000));
#7189 = DIRECTION('',(0.E+000,0.E+000,-1.));
#7190 = DEFINITIONAL_REPRESENTATION('',(#7191),#7194);
#7191 = B_SPLINE_CURVE_WITH_KNOTS('',1,(#7192,#7193),.UNSPECIFIED.,.F.,
  .F.,(2,2),(1.E-002,0.29),.PIECEWISE_BEZIER_KNOTS.);
#7192 = CARTESIAN_POINT('',(3.14159265359,1.E-002));
#7193 = CARTESIAN_POINT('',(3.14159265359,0.29));
#7194 = ( GEOMETRIC_REPRESENTATION_CONTEXT(2) 
PARAMETRIC_REPRESENTATION_CONTEXT() REPRESENTATION_CONTEXT('2D SPACE',''
  ) );
#7195 = ORIENTED_EDGE('',*,*,#7196,.F.);
#7196 = EDGE_CURVE('',#6129,#7170,#7197,.T.);
#7197 = SURFACE_CURVE('',#7198,(#7202,#7209),.PCURVE_S1.);
#7198 = LINE('',#7199,#7200);
#7199 = CARTESIAN_POINT('',(0.E+000,0.29,0.E+000));
#7200 = VECTOR('',#7201,1.);
#7201 = DIRECTION('',(1.,-0.E+000,0.E+000));
#7202 = PCURVE('',#6144,#7203);
#7203 = DEFINITIONAL_REPRESENTATION('',(#7204),#7208);
#7204 = LINE('',#7205,#7206);
#7205 = CARTESIAN_POINT('',(-0.E+000,-1.E-002));
#7206 = VECTOR('',#7207,1.);
#7207 = DIRECTION('',(-1.,0.E+000));
#7208 = ( GEOMETRIC_REPRESENTATION_CONTEXT(2) 
PARAMETRIC_REPRESENTATION_CONTEXT() REPRESENTATION_CONTEXT('2D SPACE',''
  ) );
#7209 = PCURVE('',#6173,#7210);
#7210 = DEFINITIONAL_REPRESENTATION('',(#7211),#7214);
#7211 = B_SPLINE_CURVE_WITH_KNOTS('',1,(#7212,#7213),.UNSPECIFIED.,.F.,
  .F.,(2,2),(0.45,0.59),.PIECEWISE_BEZIER_KNOTS.);
#7212 = CARTESIAN_POINT('',(3.14159265359,0.45));
#7213 = CARTESIAN_POINT('',(3.14159265359,0.59));
#7214 = ( GEOMETRIC_REPRESENTATION_CONTEXT(2) 
PARAMETRIC_REPRESENTATION_CONTEXT() REPRESENTATION_CONTEXT('2D SPACE',''
  ) );
#7215 = ORIENTED_EDGE('',*,*,#6128,.T.);
#7216 = ADVANCED_FACE('',(#7217),#6173,.T.);
#7217 = FACE_BOUND('',#7218,.T.);
#7218 = EDGE_LOOP('',(#7219,#7281,#7301,#7302));
#7219 = ORIENTED_EDGE('',*,*,#7220,.T.);
#7220 = EDGE_CURVE('',#7170,#7221,#7223,.T.);
#7221 = VERTEX_POINT('',#7222);
#7222 = CARTESIAN_POINT('',(0.59,0.3,-1.E-002));
#7223 = SURFACE_CURVE('',#7224,(#7229,#7235),.PCURVE_S1.);
#7224 = CIRCLE('',#7225,1.E-002);
#7225 = AXIS2_PLACEMENT_3D('',#7226,#7227,#7228);
#7226 = CARTESIAN_POINT('',(0.59,0.29,-1.E-002));
#7227 = DIRECTION('',(-1.,-0.E+000,-0.E+000));
#7228 = DIRECTION('',(0.E+000,0.E+000,-1.));
#7229 = PCURVE('',#6173,#7230);
#7230 = DEFINITIONAL_REPRESENTATION('',(#7231),#7234);
#7231 = B_SPLINE_CURVE_WITH_KNOTS('',1,(#7232,#7233),.UNSPECIFIED.,.F.,
  .F.,(2,2),(3.14159265359,4.712388980385),.PIECEWISE_BEZIER_KNOTS.);
#7232 = CARTESIAN_POINT('',(3.14159265359,0.59));
#7233 = CARTESIAN_POINT('',(1.570796326795,0.59));
#7234 = ( GEOMETRIC_REPRESENTATION_CONTEXT(2) 
PARAMETRIC_REPRESENTATION_CONTEXT() REPRESENTATION_CONTEXT('2D SPACE',''
  ) );
#7235 = PCURVE('',#7236,#7253);
#7236 = ( BOUNDED_SURFACE() B_SPLINE_SURFACE(3,3,(
    (#7237,#7238,#7239,#7240)
    ,(#7241,#7242,#7243,#7244)
    ,(#7245,#7246,#7247,#7248)
    ,(#7249,#7250,#7251,#7252
)),.UNSPECIFIED.,.F.,.F.,.F.) B_SPLINE_SURFACE_WITH_KNOTS((4,4),(4,4),(
    0.E+000,1.),(0.E+000,1.),.PIECEWISE_BEZIER_KNOTS.) 
GEOMETRIC_REPRESENTATION_ITEM() RATIONAL_B_SPLINE_SURFACE((
    (1.,0.804737854124,0.804737854124,1.)
    ,(0.804737854124,0.647603013861,0.647603013861,0.804737854124)
    ,(0.804737854124,0.647603013861,0.647603013861,0.804737854124)
,(1.,0.804737854124,0.804737854124,1.
))) REPRESENTATION_ITEM('') SURFACE() );
#7237 = CARTESIAN_POINT('',(0.6,0.29,-1.E-002));
#7238 = CARTESIAN_POINT('',(0.6,0.29,-1.E-002));
#7239 = CARTESIAN_POINT('',(0.6,0.29,-1.E-002));
#7240 = CARTESIAN_POINT('',(0.6,0.29,-1.E-002));
#7241 = CARTESIAN_POINT('',(0.6,0.295857864376,-1.E-002));
#7242 = CARTESIAN_POINT('',(0.6,0.295857864376,-6.568542494924E-003));
#7243 = CARTESIAN_POINT('',(0.6,0.293431457505,-4.142135623731E-003));
#7244 = CARTESIAN_POINT('',(0.6,0.29,-4.142135623731E-003));
#7245 = CARTESIAN_POINT('',(0.595857864376,0.3,-1.E-002));
#7246 = CARTESIAN_POINT('',(0.595857864376,0.3,-4.142135623731E-003));
#7247 = CARTESIAN_POINT('',(0.595857864376,0.295857864376,
    -2.245456220989E-017));
#7248 = CARTESIAN_POINT('',(0.595857864376,0.29,-5.421010862428E-017));
#7249 = CARTESIAN_POINT('',(0.59,0.3,-1.E-002));
#7250 = CARTESIAN_POINT('',(0.59,0.3,-4.142135623731E-003));
#7251 = CARTESIAN_POINT('',(0.59,0.295857864376,-2.245456220989E-017));
#7252 = CARTESIAN_POINT('',(0.59,0.29,-5.421010862428E-017));
#7253 = DEFINITIONAL_REPRESENTATION('',(#7254),#7280);
#7254 = B_SPLINE_CURVE_WITH_KNOTS('',3,(#7255,#7256,#7257,#7258,#7259,
    #7260,#7261,#7262,#7263,#7264,#7265,#7266,#7267,#7268,#7269,#7270,
    #7271,#7272,#7273,#7274,#7275,#7276,#7277,#7278,#7279),
  .UNSPECIFIED.,.F.,.F.,(4,1,1,1,1,1,1,1,1,1,1,1,1,1,1,1,1,1,1,1,1,1,4),
  (3.14159265359,3.212992486626,3.284392319662,3.355792152698,
    3.427191985734,3.49859181877,3.569991651807,3.641391484843,
    3.712791317879,3.784191150915,3.855590983951,3.926990816987,
    3.998390650023,4.069790483059,4.141190316096,4.212590149132,
    4.283989982168,4.355389815204,4.42678964824,4.498189481276,
    4.569589314312,4.640989147349,4.712388980385),
  .QUASI_UNIFORM_KNOTS.);
#7255 = CARTESIAN_POINT('',(1.,1.));
#7256 = CARTESIAN_POINT('',(1.,0.983172198663));
#7257 = CARTESIAN_POINT('',(1.,0.950009297011));
#7258 = CARTESIAN_POINT('',(1.,0.901574474096));
#7259 = CARTESIAN_POINT('',(1.,0.854275086925));
#7260 = CARTESIAN_POINT('',(1.,0.807956362777));
#7261 = CARTESIAN_POINT('',(1.,0.762473275577));
#7262 = CARTESIAN_POINT('',(1.,0.717690577461));
#7263 = CARTESIAN_POINT('',(1.,0.673480563786));
#7264 = CARTESIAN_POINT('',(1.,0.629721689409));
#7265 = CARTESIAN_POINT('',(1.,0.586297147708));
#7266 = CARTESIAN_POINT('',(1.,0.543093605115));
#7267 = CARTESIAN_POINT('',(1.,0.5));
#7268 = CARTESIAN_POINT('',(1.,0.456906394885));
#7269 = CARTESIAN_POINT('',(1.,0.413702852292));
#7270 = CARTESIAN_POINT('',(1.,0.370278310591));
#7271 = CARTESIAN_POINT('',(1.,0.326519436214));
#7272 = CARTESIAN_POINT('',(1.,0.282309422539));
#7273 = CARTESIAN_POINT('',(1.,0.237526724423));
#7274 = CARTESIAN_POINT('',(1.,0.192043637223));
#7275 = CARTESIAN_POINT('',(1.,0.145724913075));
#7276 = CARTESIAN_POINT('',(1.,9.842552590405E-002));
#7277 = CARTESIAN_POINT('',(1.,4.999070298882E-002));
#7278 = CARTESIAN_POINT('',(1.,1.682780133706E-002));
#7279 = CARTESIAN_POINT('',(1.,0.E+000));
#7280 = ( GEOMETRIC_REPRESENTATION_CONTEXT(2) 
PARAMETRIC_REPRESENTATION_CONTEXT() REPRESENTATION_CONTEXT('2D SPACE',''
  ) );
#7281 = ORIENTED_EDGE('',*,*,#7282,.T.);
#7282 = EDGE_CURVE('',#7221,#6157,#7283,.T.);
#7283 = SURFACE_CURVE('',#7284,(#7288,#7294),.PCURVE_S1.);
#7284 = LINE('',#7285,#7286);
#7285 = CARTESIAN_POINT('',(0.E+000,0.3,-1.E-002));
#7286 = VECTOR('',#7287,1.);
#7287 = DIRECTION('',(-1.,-0.E+000,-0.E+000));
#7288 = PCURVE('',#6173,#7289);
#7289 = DEFINITIONAL_REPRESENTATION('',(#7290),#7293);
#7290 = B_SPLINE_CURVE_WITH_KNOTS('',1,(#7291,#7292),.UNSPECIFIED.,.F.,
  .F.,(2,2),(-0.59,-0.45),.PIECEWISE_BEZIER_KNOTS.);
#7291 = CARTESIAN_POINT('',(1.570796326795,0.59));
#7292 = CARTESIAN_POINT('',(1.570796326795,0.45));
#7293 = ( GEOMETRIC_REPRESENTATION_CONTEXT(2) 
PARAMETRIC_REPRESENTATION_CONTEXT() REPRESENTATION_CONTEXT('2D SPACE',''
  ) );
#7294 = PCURVE('',#6200,#7295);
#7295 = DEFINITIONAL_REPRESENTATION('',(#7296),#7300);
#7296 = LINE('',#7297,#7298);
#7297 = CARTESIAN_POINT('',(-0.29,0.E+000));
#7298 = VECTOR('',#7299,1.);
#7299 = DIRECTION('',(0.E+000,-1.));
#7300 = ( GEOMETRIC_REPRESENTATION_CONTEXT(2) 
PARAMETRIC_REPRESENTATION_CONTEXT() REPRESENTATION_CONTEXT('2D SPACE',''
  ) );
#7301 = ORIENTED_EDGE('',*,*,#6156,.T.);
#7302 = ORIENTED_EDGE('',*,*,#7196,.T.);
#7303 = ADVANCED_FACE('',(#7304),#6200,.F.);
#7304 = FACE_BOUND('',#7305,.T.);
#7305 = EDGE_LOOP('',(#7306,#7328,#7329,#7330));
#7306 = ORIENTED_EDGE('',*,*,#7307,.F.);
#7307 = EDGE_CURVE('',#6185,#7308,#7310,.T.);
#7308 = VERTEX_POINT('',#7309);
#7309 = CARTESIAN_POINT('',(0.59,0.3,-0.29));
#7310 = SURFACE_CURVE('',#7311,(#7315,#7322),.PCURVE_S1.);
#7311 = LINE('',#7312,#7313);
#7312 = CARTESIAN_POINT('',(0.E+000,0.3,-0.29));
#7313 = VECTOR('',#7314,1.);
#7314 = DIRECTION('',(1.,0.E+000,0.E+000));
#7315 = PCURVE('',#6200,#7316);
#7316 = DEFINITIONAL_REPRESENTATION('',(#7317),#7321);
#7317 = LINE('',#7318,#7319);
#7318 = CARTESIAN_POINT('',(-1.E-002,0.E+000));
#7319 = VECTOR('',#7320,1.);
#7320 = DIRECTION('',(0.E+000,1.));
#7321 = ( GEOMETRIC_REPRESENTATION_CONTEXT(2) 
PARAMETRIC_REPRESENTATION_CONTEXT() REPRESENTATION_CONTEXT('2D SPACE',''
  ) );
#7322 = PCURVE('',#6229,#7323);
#7323 = DEFINITIONAL_REPRESENTATION('',(#7324),#7327);
#7324 = B_SPLINE_CURVE_WITH_KNOTS('',1,(#7325,#7326),.UNSPECIFIED.,.F.,
  .F.,(2,2),(0.45,0.59),.PIECEWISE_BEZIER_KNOTS.);
#7325 = CARTESIAN_POINT('',(1.570796326795,-0.45));
#7326 = CARTESIAN_POINT('',(1.570796326795,-0.59));
#7327 = ( GEOMETRIC_REPRESENTATION_CONTEXT(2) 
PARAMETRIC_REPRESENTATION_CONTEXT() REPRESENTATION_CONTEXT('2D SPACE',''
  ) );
#7328 = ORIENTED_EDGE('',*,*,#6184,.T.);
#7329 = ORIENTED_EDGE('',*,*,#7282,.F.);
#7330 = ORIENTED_EDGE('',*,*,#7331,.F.);
#7331 = EDGE_CURVE('',#7308,#7221,#7332,.T.);
#7332 = SURFACE_CURVE('',#7333,(#7337,#7344),.PCURVE_S1.);
#7333 = LINE('',#7334,#7335);
#7334 = CARTESIAN_POINT('',(0.59,0.3,-0.3));
#7335 = VECTOR('',#7336,1.);
#7336 = DIRECTION('',(-0.E+000,0.E+000,1.));
#7337 = PCURVE('',#6200,#7338);
#7338 = DEFINITIONAL_REPRESENTATION('',(#7339),#7343);
#7339 = LINE('',#7340,#7341);
#7340 = CARTESIAN_POINT('',(0.E+000,0.59));
#7341 = VECTOR('',#7342,1.);
#7342 = DIRECTION('',(-1.,0.E+000));
#7343 = ( GEOMETRIC_REPRESENTATION_CONTEXT(2) 
PARAMETRIC_REPRESENTATION_CONTEXT() REPRESENTATION_CONTEXT('2D SPACE',''
  ) );
#7344 = PCURVE('',#7345,#7350);
#7345 = CYLINDRICAL_SURFACE('',#7346,1.E-002);
#7346 = AXIS2_PLACEMENT_3D('',#7347,#7348,#7349);
#7347 = CARTESIAN_POINT('',(0.59,0.29,-0.3));
#7348 = DIRECTION('',(3.614007241618E-016,0.E+000,-1.));
#7349 = DIRECTION('',(-1.,0.E+000,-3.614007241618E-016));
#7350 = DEFINITIONAL_REPRESENTATION('',(#7351),#7377);
#7351 = B_SPLINE_CURVE_WITH_KNOTS('',3,(#7352,#7353,#7354,#7355,#7356,
    #7357,#7358,#7359,#7360,#7361,#7362,#7363,#7364,#7365,#7366,#7367,
    #7368,#7369,#7370,#7371,#7372,#7373,#7374,#7375,#7376),
  .UNSPECIFIED.,.F.,.F.,(4,1,1,1,1,1,1,1,1,1,1,1,1,1,1,1,1,1,1,1,1,1,4),
  (1.E-002,2.272727272727E-002,3.545454545455E-002,4.818181818182E-002,
    6.090909090909E-002,7.363636363636E-002,8.636363636364E-002,
    9.909090909091E-002,0.111818181818,0.124545454545,0.137272727273,
    0.15,0.162727272727,0.175454545455,0.188181818182,0.200909090909,
    0.213636363636,0.226363636364,0.239090909091,0.251818181818,
    0.264545454545,0.277272727273,0.29),.QUASI_UNIFORM_KNOTS.);
#7352 = CARTESIAN_POINT('',(1.570796326795,-1.E-002));
#7353 = CARTESIAN_POINT('',(1.570796326795,-1.424242424242E-002));
#7354 = CARTESIAN_POINT('',(1.570796326795,-2.272727272727E-002));
#7355 = CARTESIAN_POINT('',(1.570796326795,-3.545454545455E-002));
#7356 = CARTESIAN_POINT('',(1.570796326795,-4.818181818182E-002));
#7357 = CARTESIAN_POINT('',(1.570796326795,-6.090909090909E-002));
#7358 = CARTESIAN_POINT('',(1.570796326795,-7.363636363636E-002));
#7359 = CARTESIAN_POINT('',(1.570796326795,-8.636363636364E-002));
#7360 = CARTESIAN_POINT('',(1.570796326795,-9.909090909091E-002));
#7361 = CARTESIAN_POINT('',(1.570796326795,-0.111818181818));
#7362 = CARTESIAN_POINT('',(1.570796326795,-0.124545454545));
#7363 = CARTESIAN_POINT('',(1.570796326795,-0.137272727273));
#7364 = CARTESIAN_POINT('',(1.570796326795,-0.15));
#7365 = CARTESIAN_POINT('',(1.570796326795,-0.162727272727));
#7366 = CARTESIAN_POINT('',(1.570796326795,-0.175454545455));
#7367 = CARTESIAN_POINT('',(1.570796326795,-0.188181818182));
#7368 = CARTESIAN_POINT('',(1.570796326795,-0.200909090909));
#7369 = CARTESIAN_POINT('',(1.570796326795,-0.213636363636));
#7370 = CARTESIAN_POINT('',(1.570796326795,-0.226363636364));
#7371 = CARTESIAN_POINT('',(1.570796326795,-0.239090909091));
#7372 = CARTESIAN_POINT('',(1.570796326795,-0.251818181818));
#7373 = CARTESIAN_POINT('',(1.570796326795,-0.264545454545));
#7374 = CARTESIAN_POINT('',(1.570796326795,-0.277272727273));
#7375 = CARTESIAN_POINT('',(1.570796326795,-0.285757575758));
#7376 = CARTESIAN_POINT('',(1.570796326795,-0.29));
#7377 = ( GEOMETRIC_REPRESENTATION_CONTEXT(2) 
PARAMETRIC_REPRESENTATION_CONTEXT() REPRESENTATION_CONTEXT('2D SPACE',''
  ) );
#7378 = ADVANCED_FACE('',(#7379),#6229,.T.);
#7379 = FACE_BOUND('',#7380,.T.);
#7380 = EDGE_LOOP('',(#7381,#7382,#7383,#7445));
#7381 = ORIENTED_EDGE('',*,*,#6212,.T.);
#7382 = ORIENTED_EDGE('',*,*,#7307,.T.);
#7383 = ORIENTED_EDGE('',*,*,#7384,.T.);
#7384 = EDGE_CURVE('',#7308,#7385,#7387,.T.);
#7385 = VERTEX_POINT('',#7386);
#7386 = CARTESIAN_POINT('',(0.59,0.29,-0.3));
#7387 = SURFACE_CURVE('',#7388,(#7393,#7399),.PCURVE_S1.);
#7388 = CIRCLE('',#7389,1.E-002);
#7389 = AXIS2_PLACEMENT_3D('',#7390,#7391,#7392);
#7390 = CARTESIAN_POINT('',(0.59,0.29,-0.29));
#7391 = DIRECTION('',(-1.,0.E+000,9.035018104046E-017));
#7392 = DIRECTION('',(9.035018104046E-017,0.E+000,1.));
#7393 = PCURVE('',#6229,#7394);
#7394 = DEFINITIONAL_REPRESENTATION('',(#7395),#7398);
#7395 = B_SPLINE_CURVE_WITH_KNOTS('',1,(#7396,#7397),.UNSPECIFIED.,.F.,
  .F.,(2,2),(1.570796326795,3.14159265359),.PIECEWISE_BEZIER_KNOTS.);
#7396 = CARTESIAN_POINT('',(1.570796326795,-0.59));
#7397 = CARTESIAN_POINT('',(3.14159265359,-0.59));
#7398 = ( GEOMETRIC_REPRESENTATION_CONTEXT(2) 
PARAMETRIC_REPRESENTATION_CONTEXT() REPRESENTATION_CONTEXT('2D SPACE',''
  ) );
#7399 = PCURVE('',#7400,#7417);
#7400 = ( BOUNDED_SURFACE() B_SPLINE_SURFACE(3,3,(
    (#7401,#7402,#7403,#7404)
    ,(#7405,#7406,#7407,#7408)
    ,(#7409,#7410,#7411,#7412)
    ,(#7413,#7414,#7415,#7416
)),.UNSPECIFIED.,.F.,.F.,.F.) B_SPLINE_SURFACE_WITH_KNOTS((4,4),(4,4),(
    0.E+000,1.),(0.E+000,1.),.PIECEWISE_BEZIER_KNOTS.) 
GEOMETRIC_REPRESENTATION_ITEM() RATIONAL_B_SPLINE_SURFACE((
    (1.,0.804737854124,0.804737854124,1.)
    ,(0.804737854124,0.647603013861,0.647603013861,0.804737854124)
    ,(0.804737854124,0.647603013861,0.647603013861,0.804737854124)
,(1.,0.804737854124,0.804737854124,1.
))) REPRESENTATION_ITEM('') SURFACE() );
#7401 = CARTESIAN_POINT('',(0.6,0.29,-0.29));
#7402 = CARTESIAN_POINT('',(0.6,0.29,-0.29));
#7403 = CARTESIAN_POINT('',(0.6,0.29,-0.29));
#7404 = CARTESIAN_POINT('',(0.6,0.29,-0.29));
#7405 = CARTESIAN_POINT('',(0.6,0.29,-0.295857864376));
#7406 = CARTESIAN_POINT('',(0.6,0.293431457505,-0.295857864376));
#7407 = CARTESIAN_POINT('',(0.6,0.295857864376,-0.293431457505));
#7408 = CARTESIAN_POINT('',(0.6,0.295857864376,-0.29));
#7409 = CARTESIAN_POINT('',(0.595857864376,0.29,-0.3));
#7410 = CARTESIAN_POINT('',(0.595857864376,0.295857864376,-0.3));
#7411 = CARTESIAN_POINT('',(0.595857864376,0.3,-0.295857864376));
#7412 = CARTESIAN_POINT('',(0.595857864376,0.3,-0.29));
#7413 = CARTESIAN_POINT('',(0.59,0.29,-0.3));
#7414 = CARTESIAN_POINT('',(0.59,0.295857864376,-0.3));
#7415 = CARTESIAN_POINT('',(0.59,0.3,-0.295857864376));
#7416 = CARTESIAN_POINT('',(0.59,0.3,-0.29));
#7417 = DEFINITIONAL_REPRESENTATION('',(#7418),#7444);
#7418 = B_SPLINE_CURVE_WITH_KNOTS('',3,(#7419,#7420,#7421,#7422,#7423,
    #7424,#7425,#7426,#7427,#7428,#7429,#7430,#7431,#7432,#7433,#7434,
    #7435,#7436,#7437,#7438,#7439,#7440,#7441,#7442,#7443),
  .UNSPECIFIED.,.F.,.F.,(4,1,1,1,1,1,1,1,1,1,1,1,1,1,1,1,1,1,1,1,1,1,4),
  (1.570796326795,1.642196159831,1.713595992867,1.784995825903,
    1.856395658939,1.927795491976,1.999195325012,2.070595158048,
    2.141994991084,2.21339482412,2.284794657156,2.356194490192,
    2.427594323228,2.498994156265,2.570393989301,2.641793822337,
    2.713193655373,2.784593488409,2.855993321445,2.927393154481,
    2.998792987518,3.070192820554,3.14159265359),.QUASI_UNIFORM_KNOTS.);
#7419 = CARTESIAN_POINT('',(1.,1.));
#7420 = CARTESIAN_POINT('',(1.,0.983172198663));
#7421 = CARTESIAN_POINT('',(1.,0.950009297011));
#7422 = CARTESIAN_POINT('',(1.,0.901574474096));
#7423 = CARTESIAN_POINT('',(1.,0.854275086925));
#7424 = CARTESIAN_POINT('',(1.,0.807956362777));
#7425 = CARTESIAN_POINT('',(1.,0.762473275577));
#7426 = CARTESIAN_POINT('',(1.,0.717690577461));
#7427 = CARTESIAN_POINT('',(1.,0.673480563786));
#7428 = CARTESIAN_POINT('',(1.,0.629721689409));
#7429 = CARTESIAN_POINT('',(1.,0.586297147708));
#7430 = CARTESIAN_POINT('',(1.,0.543093605115));
#7431 = CARTESIAN_POINT('',(1.,0.5));
#7432 = CARTESIAN_POINT('',(1.,0.456906394885));
#7433 = CARTESIAN_POINT('',(1.,0.413702852292));
#7434 = CARTESIAN_POINT('',(1.,0.370278310591));
#7435 = CARTESIAN_POINT('',(1.,0.326519436214));
#7436 = CARTESIAN_POINT('',(1.,0.282309422539));
#7437 = CARTESIAN_POINT('',(1.,0.237526724423));
#7438 = CARTESIAN_POINT('',(1.,0.192043637223));
#7439 = CARTESIAN_POINT('',(1.,0.145724913075));
#7440 = CARTESIAN_POINT('',(1.,9.842552590405E-002));
#7441 = CARTESIAN_POINT('',(1.,4.999070298881E-002));
#7442 = CARTESIAN_POINT('',(1.,1.682780133706E-002));
#7443 = CARTESIAN_POINT('',(1.,0.E+000));
#7444 = ( GEOMETRIC_REPRESENTATION_CONTEXT(2) 
PARAMETRIC_REPRESENTATION_CONTEXT() REPRESENTATION_CONTEXT('2D SPACE',''
  ) );
#7445 = ORIENTED_EDGE('',*,*,#7446,.T.);
#7446 = EDGE_CURVE('',#7385,#6213,#7447,.T.);
#7447 = SURFACE_CURVE('',#7448,(#7452,#7458),.PCURVE_S1.);
#7448 = LINE('',#7449,#7450);
#7449 = CARTESIAN_POINT('',(0.E+000,0.29,-0.3));
#7450 = VECTOR('',#7451,1.);
#7451 = DIRECTION('',(-1.,0.E+000,9.035018104046E-017));
#7452 = PCURVE('',#6229,#7453);
#7453 = DEFINITIONAL_REPRESENTATION('',(#7454),#7457);
#7454 = B_SPLINE_CURVE_WITH_KNOTS('',1,(#7455,#7456),.UNSPECIFIED.,.F.,
  .F.,(2,2),(-0.59,-0.45),.PIECEWISE_BEZIER_KNOTS.);
#7455 = CARTESIAN_POINT('',(3.14159265359,-0.59));
#7456 = CARTESIAN_POINT('',(3.14159265359,-0.45));
#7457 = ( GEOMETRIC_REPRESENTATION_CONTEXT(2) 
PARAMETRIC_REPRESENTATION_CONTEXT() REPRESENTATION_CONTEXT('2D SPACE',''
  ) );
#7458 = PCURVE('',#6256,#7459);
#7459 = DEFINITIONAL_REPRESENTATION('',(#7460),#7464);
#7460 = LINE('',#7461,#7462);
#7461 = CARTESIAN_POINT('',(0.E+000,-1.E-002));
#7462 = VECTOR('',#7463,1.);
#7463 = DIRECTION('',(-1.,0.E+000));
#7464 = ( GEOMETRIC_REPRESENTATION_CONTEXT(2) 
PARAMETRIC_REPRESENTATION_CONTEXT() REPRESENTATION_CONTEXT('2D SPACE',''
  ) );
#7465 = ADVANCED_FACE('',(#7466),#6256,.F.);
#7466 = FACE_BOUND('',#7467,.T.);
#7467 = EDGE_LOOP('',(#7468,#7490,#7491,#7492));
#7468 = ORIENTED_EDGE('',*,*,#7469,.F.);
#7469 = EDGE_CURVE('',#6241,#7470,#7472,.T.);
#7470 = VERTEX_POINT('',#7471);
#7471 = CARTESIAN_POINT('',(0.59,1.E-002,-0.3));
#7472 = SURFACE_CURVE('',#7473,(#7477,#7484),.PCURVE_S1.);
#7473 = LINE('',#7474,#7475);
#7474 = CARTESIAN_POINT('',(0.E+000,1.E-002,-0.3));
#7475 = VECTOR('',#7476,1.);
#7476 = DIRECTION('',(1.,0.E+000,-9.035018104046E-017));
#7477 = PCURVE('',#6256,#7478);
#7478 = DEFINITIONAL_REPRESENTATION('',(#7479),#7483);
#7479 = LINE('',#7480,#7481);
#7480 = CARTESIAN_POINT('',(0.E+000,-0.29));
#7481 = VECTOR('',#7482,1.);
#7482 = DIRECTION('',(1.,0.E+000));
#7483 = ( GEOMETRIC_REPRESENTATION_CONTEXT(2) 
PARAMETRIC_REPRESENTATION_CONTEXT() REPRESENTATION_CONTEXT('2D SPACE',''
  ) );
#7484 = PCURVE('',#6285,#7485);
#7485 = DEFINITIONAL_REPRESENTATION('',(#7486),#7489);
#7486 = B_SPLINE_CURVE_WITH_KNOTS('',1,(#7487,#7488),.UNSPECIFIED.,.F.,
  .F.,(2,2),(0.45,0.59),.PIECEWISE_BEZIER_KNOTS.);
#7487 = CARTESIAN_POINT('',(6.28318530718,0.45));
#7488 = CARTESIAN_POINT('',(6.28318530718,0.59));
#7489 = ( GEOMETRIC_REPRESENTATION_CONTEXT(2) 
PARAMETRIC_REPRESENTATION_CONTEXT() REPRESENTATION_CONTEXT('2D SPACE',''
  ) );
#7490 = ORIENTED_EDGE('',*,*,#6240,.T.);
#7491 = ORIENTED_EDGE('',*,*,#7446,.F.);
#7492 = ORIENTED_EDGE('',*,*,#7493,.F.);
#7493 = EDGE_CURVE('',#7470,#7385,#7494,.T.);
#7494 = SURFACE_CURVE('',#7495,(#7499,#7506),.PCURVE_S1.);
#7495 = LINE('',#7496,#7497);
#7496 = CARTESIAN_POINT('',(0.59,0.3,-0.3));
#7497 = VECTOR('',#7498,1.);
#7498 = DIRECTION('',(0.E+000,1.,0.E+000));
#7499 = PCURVE('',#6256,#7500);
#7500 = DEFINITIONAL_REPRESENTATION('',(#7501),#7505);
#7501 = LINE('',#7502,#7503);
#7502 = CARTESIAN_POINT('',(0.59,0.E+000));
#7503 = VECTOR('',#7504,1.);
#7504 = DIRECTION('',(0.E+000,1.));
#7505 = ( GEOMETRIC_REPRESENTATION_CONTEXT(2) 
PARAMETRIC_REPRESENTATION_CONTEXT() REPRESENTATION_CONTEXT('2D SPACE',''
  ) );
#7506 = PCURVE('',#7507,#7512);
#7507 = CYLINDRICAL_SURFACE('',#7508,1.E-002);
#7508 = AXIS2_PLACEMENT_3D('',#7509,#7510,#7511);
#7509 = CARTESIAN_POINT('',(0.59,0.3,-0.29));
#7510 = DIRECTION('',(0.E+000,-1.,0.E+000));
#7511 = DIRECTION('',(0.E+000,0.E+000,-1.));
#7512 = DEFINITIONAL_REPRESENTATION('',(#7513),#7516);
#7513 = B_SPLINE_CURVE_WITH_KNOTS('',1,(#7514,#7515),.UNSPECIFIED.,.F.,
  .F.,(2,2),(-0.29,-1.E-002),.PIECEWISE_BEZIER_KNOTS.);
#7514 = CARTESIAN_POINT('',(0.E+000,0.29));
#7515 = CARTESIAN_POINT('',(0.E+000,1.E-002));
#7516 = ( GEOMETRIC_REPRESENTATION_CONTEXT(2) 
PARAMETRIC_REPRESENTATION_CONTEXT() REPRESENTATION_CONTEXT('2D SPACE',''
  ) );
#7517 = ADVANCED_FACE('',(#7518),#6285,.T.);
#7518 = FACE_BOUND('',#7519,.T.);
#7519 = EDGE_LOOP('',(#7520,#7580,#7581,#7582));
#7520 = ORIENTED_EDGE('',*,*,#7521,.T.);
#7521 = EDGE_CURVE('',#7470,#6987,#7522,.T.);
#7522 = SURFACE_CURVE('',#7523,(#7528,#7534),.PCURVE_S1.);
#7523 = CIRCLE('',#7524,1.E-002);
#7524 = AXIS2_PLACEMENT_3D('',#7525,#7526,#7527);
#7525 = CARTESIAN_POINT('',(0.59,1.E-002,-0.29));
#7526 = DIRECTION('',(-1.,-0.E+000,9.035018104046E-017));
#7527 = DIRECTION('',(-9.035018104046E-017,0.E+000,-1.));
#7528 = PCURVE('',#6285,#7529);
#7529 = DEFINITIONAL_REPRESENTATION('',(#7530),#7533);
#7530 = B_SPLINE_CURVE_WITH_KNOTS('',1,(#7531,#7532),.UNSPECIFIED.,.F.,
  .F.,(2,2),(0.E+000,1.570796326795),.PIECEWISE_BEZIER_KNOTS.);
#7531 = CARTESIAN_POINT('',(6.28318530718,0.59));
#7532 = CARTESIAN_POINT('',(4.712388980385,0.59));
#7533 = ( GEOMETRIC_REPRESENTATION_CONTEXT(2) 
PARAMETRIC_REPRESENTATION_CONTEXT() REPRESENTATION_CONTEXT('2D SPACE',''
  ) );
#7534 = PCURVE('',#7535,#7552);
#7535 = ( BOUNDED_SURFACE() B_SPLINE_SURFACE(3,3,(
    (#7536,#7537,#7538,#7539)
    ,(#7540,#7541,#7542,#7543)
    ,(#7544,#7545,#7546,#7547)
    ,(#7548,#7549,#7550,#7551
)),.UNSPECIFIED.,.F.,.F.,.F.) B_SPLINE_SURFACE_WITH_KNOTS((4,4),(4,4),(
    0.E+000,1.),(0.E+000,1.),.PIECEWISE_BEZIER_KNOTS.) 
GEOMETRIC_REPRESENTATION_ITEM() RATIONAL_B_SPLINE_SURFACE((
    (1.,0.804737854124,0.804737854124,1.)
    ,(0.804737854124,0.647603013861,0.647603013861,0.804737854124)
    ,(0.804737854124,0.647603013861,0.647603013861,0.804737854124)
,(1.,0.804737854124,0.804737854124,1.
))) REPRESENTATION_ITEM('') SURFACE() );
#7536 = CARTESIAN_POINT('',(0.6,1.E-002,-0.29));
#7537 = CARTESIAN_POINT('',(0.6,1.E-002,-0.29));
#7538 = CARTESIAN_POINT('',(0.6,1.E-002,-0.29));
#7539 = CARTESIAN_POINT('',(0.6,1.E-002,-0.29));
#7540 = CARTESIAN_POINT('',(0.6,4.142135623731E-003,-0.29));
#7541 = CARTESIAN_POINT('',(0.6,4.142135623731E-003,-0.293431457505));
#7542 = CARTESIAN_POINT('',(0.6,6.568542494924E-003,-0.295857864376));
#7543 = CARTESIAN_POINT('',(0.6,1.E-002,-0.295857864376));
#7544 = CARTESIAN_POINT('',(0.595857864376,2.576967916054E-017,-0.29));
#7545 = CARTESIAN_POINT('',(0.595857864376,2.576967916054E-017,
    -0.295857864376));
#7546 = CARTESIAN_POINT('',(0.595857864376,4.142135623731E-003,-0.3));
#7547 = CARTESIAN_POINT('',(0.595857864376,1.E-002,-0.3));
#7548 = CARTESIAN_POINT('',(0.59,2.541098841763E-017,-0.29));
#7549 = CARTESIAN_POINT('',(0.59,2.541098841763E-017,-0.295857864376));
#7550 = CARTESIAN_POINT('',(0.59,4.142135623731E-003,-0.3));
#7551 = CARTESIAN_POINT('',(0.59,1.E-002,-0.3));
#7552 = DEFINITIONAL_REPRESENTATION('',(#7553),#7579);
#7553 = B_SPLINE_CURVE_WITH_KNOTS('',3,(#7554,#7555,#7556,#7557,#7558,
    #7559,#7560,#7561,#7562,#7563,#7564,#7565,#7566,#7567,#7568,#7569,
    #7570,#7571,#7572,#7573,#7574,#7575,#7576,#7577,#7578),
  .UNSPECIFIED.,.F.,.F.,(4,1,1,1,1,1,1,1,1,1,1,1,1,1,1,1,1,1,1,1,1,1,4),
  (0.E+000,7.139983303613E-002,0.142799666072,0.214199499108,
    0.285599332145,0.356999165181,0.428398998217,0.499798831253,
    0.571198664289,0.642598497325,0.713998330361,0.785398163397,
    0.856797996434,0.92819782947,0.999597662506,1.070997495542,
    1.142397328578,1.213797161614,1.28519699465,1.356596827687,
    1.427996660723,1.499396493759,1.570796326795),
  .QUASI_UNIFORM_KNOTS.);
#7554 = CARTESIAN_POINT('',(1.,1.));
#7555 = CARTESIAN_POINT('',(1.,0.983172198663));
#7556 = CARTESIAN_POINT('',(1.,0.950009297011));
#7557 = CARTESIAN_POINT('',(1.,0.901574474096));
#7558 = CARTESIAN_POINT('',(1.,0.854275086925));
#7559 = CARTESIAN_POINT('',(1.,0.807956362777));
#7560 = CARTESIAN_POINT('',(1.,0.762473275577));
#7561 = CARTESIAN_POINT('',(1.,0.717690577461));
#7562 = CARTESIAN_POINT('',(1.,0.673480563786));
#7563 = CARTESIAN_POINT('',(1.,0.629721689409));
#7564 = CARTESIAN_POINT('',(1.,0.586297147708));
#7565 = CARTESIAN_POINT('',(1.,0.543093605115));
#7566 = CARTESIAN_POINT('',(1.,0.5));
#7567 = CARTESIAN_POINT('',(1.,0.456906394885));
#7568 = CARTESIAN_POINT('',(1.,0.413702852292));
#7569 = CARTESIAN_POINT('',(1.,0.370278310591));
#7570 = CARTESIAN_POINT('',(1.,0.326519436214));
#7571 = CARTESIAN_POINT('',(1.,0.282309422539));
#7572 = CARTESIAN_POINT('',(1.,0.237526724423));
#7573 = CARTESIAN_POINT('',(1.,0.192043637223));
#7574 = CARTESIAN_POINT('',(1.,0.145724913075));
#7575 = CARTESIAN_POINT('',(1.,9.842552590405E-002));
#7576 = CARTESIAN_POINT('',(1.,4.99907029888E-002));
#7577 = CARTESIAN_POINT('',(1.,1.682780133705E-002));
#7578 = CARTESIAN_POINT('',(1.,0.E+000));
#7579 = ( GEOMETRIC_REPRESENTATION_CONTEXT(2) 
PARAMETRIC_REPRESENTATION_CONTEXT() REPRESENTATION_CONTEXT('2D SPACE',''
  ) );
#7580 = ORIENTED_EDGE('',*,*,#6986,.F.);
#7581 = ORIENTED_EDGE('',*,*,#6268,.T.);
#7582 = ORIENTED_EDGE('',*,*,#7469,.T.);
#7583 = ADVANCED_FACE('',(#7584),#6513,.F.);
#7584 = FACE_BOUND('',#7585,.T.);
#7585 = EDGE_LOOP('',(#7586,#7629,#7630,#7673));
#7586 = ORIENTED_EDGE('',*,*,#7587,.F.);
#7587 = EDGE_CURVE('',#6327,#6605,#7588,.T.);
#7588 = SURFACE_CURVE('',#7589,(#7593,#7600),.PCURVE_S1.);
#7589 = LINE('',#7590,#7591);
#7590 = CARTESIAN_POINT('',(0.15,1.5E-002,-5.E-003));
#7591 = VECTOR('',#7592,1.);
#7592 = DIRECTION('',(-1.,0.E+000,1.807003620809E-016));
#7593 = PCURVE('',#6513,#7594);
#7594 = DEFINITIONAL_REPRESENTATION('',(#7595),#7599);
#7595 = LINE('',#7596,#7597);
#7596 = CARTESIAN_POINT('',(0.E+000,0.22));
#7597 = VECTOR('',#7598,1.);
#7598 = DIRECTION('',(1.,3.881313316079E-064));
#7599 = ( GEOMETRIC_REPRESENTATION_CONTEXT(2) 
PARAMETRIC_REPRESENTATION_CONTEXT() REPRESENTATION_CONTEXT('2D SPACE',''
  ) );
#7600 = PCURVE('',#6347,#7601);
#7601 = DEFINITIONAL_REPRESENTATION('',(#7602),#7628);
#7602 = B_SPLINE_CURVE_WITH_KNOTS('',3,(#7603,#7604,#7605,#7606,#7607,
    #7608,#7609,#7610,#7611,#7612,#7613,#7614,#7615,#7616,#7617,#7618,
    #7619,#7620,#7621,#7622,#7623,#7624,#7625,#7626,#7627),
  .UNSPECIFIED.,.F.,.F.,(4,1,1,1,1,1,1,1,1,1,1,1,1,1,1,1,1,1,1,1,1,1,4),
  (-0.3,-0.286363636364,-0.272727272727,-0.259090909091,-0.245454545455,
    -0.231818181818,-0.218181818182,-0.204545454545,-0.190909090909,
    -0.177272727273,-0.163636363636,-0.15,-0.136363636364,
    -0.122727272727,-0.109090909091,-9.545454545455E-002,
    -8.181818181818E-002,-6.818181818182E-002,-5.454545454545E-002,
    -4.090909090909E-002,-2.727272727273E-002,-1.363636363636E-002,
    5.551115123126E-017),.UNSPECIFIED.);
#7603 = CARTESIAN_POINT('',(6.28318530718,-0.3));
#7604 = CARTESIAN_POINT('',(6.28318530718,-0.295454545455));
#7605 = CARTESIAN_POINT('',(6.28318530718,-0.286363636364));
#7606 = CARTESIAN_POINT('',(6.28318530718,-0.272727272727));
#7607 = CARTESIAN_POINT('',(6.28318530718,-0.259090909091));
#7608 = CARTESIAN_POINT('',(6.28318530718,-0.245454545455));
#7609 = CARTESIAN_POINT('',(6.28318530718,-0.231818181818));
#7610 = CARTESIAN_POINT('',(6.28318530718,-0.218181818182));
#7611 = CARTESIAN_POINT('',(6.28318530718,-0.204545454545));
#7612 = CARTESIAN_POINT('',(6.28318530718,-0.190909090909));
#7613 = CARTESIAN_POINT('',(6.28318530718,-0.177272727273));
#7614 = CARTESIAN_POINT('',(6.28318530718,-0.163636363636));
#7615 = CARTESIAN_POINT('',(6.28318530718,-0.15));
#7616 = CARTESIAN_POINT('',(6.28318530718,-0.136363636364));
#7617 = CARTESIAN_POINT('',(6.28318530718,-0.122727272727));
#7618 = CARTESIAN_POINT('',(6.28318530718,-0.109090909091));
#7619 = CARTESIAN_POINT('',(6.28318530718,-9.545454545455E-002));
#7620 = CARTESIAN_POINT('',(6.28318530718,-8.181818181818E-002));
#7621 = CARTESIAN_POINT('',(6.28318530718,-6.818181818182E-002));
#7622 = CARTESIAN_POINT('',(6.28318530718,-5.454545454545E-002));
#7623 = CARTESIAN_POINT('',(6.28318530718,-4.090909090909E-002));
#7624 = CARTESIAN_POINT('',(6.28318530718,-2.727272727273E-002));
#7625 = CARTESIAN_POINT('',(6.28318530718,-1.363636363636E-002));
#7626 = CARTESIAN_POINT('',(6.28318530718,-4.545454545454E-003));
#7627 = CARTESIAN_POINT('',(6.28318530718,1.387778780781E-016));
#7628 = ( GEOMETRIC_REPRESENTATION_CONTEXT(2) 
PARAMETRIC_REPRESENTATION_CONTEXT() REPRESENTATION_CONTEXT('2D SPACE',''
  ) );
#7629 = ORIENTED_EDGE('',*,*,#6499,.T.);
#7630 = ORIENTED_EDGE('',*,*,#7631,.F.);
#7631 = EDGE_CURVE('',#6632,#6468,#7632,.T.);
#7632 = SURFACE_CURVE('',#7633,(#7637,#7644),.PCURVE_S1.);
#7633 = LINE('',#7634,#7635);
#7634 = CARTESIAN_POINT('',(0.15,0.285,-5.E-003));
#7635 = VECTOR('',#7636,1.);
#7636 = DIRECTION('',(1.,-0.E+000,-1.807003620809E-016));
#7637 = PCURVE('',#6513,#7638);
#7638 = DEFINITIONAL_REPRESENTATION('',(#7639),#7643);
#7639 = LINE('',#7640,#7641);
#7640 = CARTESIAN_POINT('',(0.E+000,0.49));
#7641 = VECTOR('',#7642,1.);
#7642 = DIRECTION('',(-1.,-3.881313316079E-064));
#7643 = ( GEOMETRIC_REPRESENTATION_CONTEXT(2) 
PARAMETRIC_REPRESENTATION_CONTEXT() REPRESENTATION_CONTEXT('2D SPACE',''
  ) );
#7644 = PCURVE('',#6488,#7645);
#7645 = DEFINITIONAL_REPRESENTATION('',(#7646),#7672);
#7646 = B_SPLINE_CURVE_WITH_KNOTS('',3,(#7647,#7648,#7649,#7650,#7651,
    #7652,#7653,#7654,#7655,#7656,#7657,#7658,#7659,#7660,#7661,#7662,
    #7663,#7664,#7665,#7666,#7667,#7668,#7669,#7670,#7671),
  .UNSPECIFIED.,.F.,.F.,(4,1,1,1,1,1,1,1,1,1,1,1,1,1,1,1,1,1,1,1,1,1,4),
  (-8.326672684689E-017,1.363636363636E-002,2.727272727273E-002,
    4.090909090909E-002,5.454545454545E-002,6.818181818182E-002,
    8.181818181818E-002,9.545454545455E-002,0.109090909091,
    0.122727272727,0.136363636364,0.15,0.163636363636,0.177272727273,
    0.190909090909,0.204545454545,0.218181818182,0.231818181818,
    0.245454545455,0.259090909091,0.272727272727,0.286363636364,0.3),
  .UNSPECIFIED.);
#7647 = CARTESIAN_POINT('',(0.E+000,0.E+000));
#7648 = CARTESIAN_POINT('',(-2.6645352591E-015,-4.545454545455E-003));
#7649 = CARTESIAN_POINT('',(-5.329070518201E-015,-1.363636363636E-002));
#7650 = CARTESIAN_POINT('',(-4.440892098501E-015,-2.727272727273E-002));
#7651 = CARTESIAN_POINT('',(-5.329070518201E-015,-4.090909090909E-002));
#7652 = CARTESIAN_POINT('',(-4.440892098501E-015,-5.454545454545E-002));
#7653 = CARTESIAN_POINT('',(-5.329070518201E-015,-6.818181818182E-002));
#7654 = CARTESIAN_POINT('',(-5.329070518201E-015,-8.181818181818E-002));
#7655 = CARTESIAN_POINT('',(-4.440892098501E-015,-9.545454545455E-002));
#7656 = CARTESIAN_POINT('',(-4.440892098501E-015,-0.109090909091));
#7657 = CARTESIAN_POINT('',(-6.217248937901E-015,-0.122727272727));
#7658 = CARTESIAN_POINT('',(-4.440892098501E-015,-0.136363636364));
#7659 = CARTESIAN_POINT('',(-6.217248937901E-015,-0.15));
#7660 = CARTESIAN_POINT('',(-4.440892098501E-015,-0.163636363636));
#7661 = CARTESIAN_POINT('',(-5.329070518201E-015,-0.177272727273));
#7662 = CARTESIAN_POINT('',(-5.329070518201E-015,-0.190909090909));
#7663 = CARTESIAN_POINT('',(-4.440892098501E-015,-0.204545454545));
#7664 = CARTESIAN_POINT('',(-5.329070518201E-015,-0.218181818182));
#7665 = CARTESIAN_POINT('',(-4.440892098501E-015,-0.231818181818));
#7666 = CARTESIAN_POINT('',(-5.329070518201E-015,-0.245454545455));
#7667 = CARTESIAN_POINT('',(-6.217248937901E-015,-0.259090909091));
#7668 = CARTESIAN_POINT('',(-4.440892098501E-015,-0.272727272727));
#7669 = CARTESIAN_POINT('',(-5.329070518201E-015,-0.286363636364));
#7670 = CARTESIAN_POINT('',(-2.6645352591E-015,-0.295454545455));
#7671 = CARTESIAN_POINT('',(0.E+000,-0.3));
#7672 = ( GEOMETRIC_REPRESENTATION_CONTEXT(2) 
PARAMETRIC_REPRESENTATION_CONTEXT() REPRESENTATION_CONTEXT('2D SPACE',''
  ) );
#7673 = ORIENTED_EDGE('',*,*,#6631,.T.);
#7674 = ADVANCED_FACE('',(#7675),#6347,.T.);
#7675 = FACE_BOUND('',#7676,.T.);
#7676 = EDGE_LOOP('',(#7677,#7678,#7698,#7699));
#7677 = ORIENTED_EDGE('',*,*,#6604,.T.);
#7678 = ORIENTED_EDGE('',*,*,#7679,.T.);
#7679 = EDGE_CURVE('',#6582,#6325,#7680,.T.);
#7680 = SURFACE_CURVE('',#7681,(#7685,#7691),.PCURVE_S1.);
#7681 = LINE('',#7682,#7683);
#7682 = CARTESIAN_POINT('',(0.15,5.E-003,-1.5E-002));
#7683 = VECTOR('',#7684,1.);
#7684 = DIRECTION('',(1.,1.214080557731E-016,-1.807003620809E-016));
#7685 = PCURVE('',#6347,#7686);
#7686 = DEFINITIONAL_REPRESENTATION('',(#7687),#7690);
#7687 = B_SPLINE_CURVE_WITH_KNOTS('',1,(#7688,#7689),.UNSPECIFIED.,.F.,
  .F.,(2,2),(0.E+000,0.3),.PIECEWISE_BEZIER_KNOTS.);
#7688 = CARTESIAN_POINT('',(4.712388980385,1.387778780781E-016));
#7689 = CARTESIAN_POINT('',(4.712388980385,-0.3));
#7690 = ( GEOMETRIC_REPRESENTATION_CONTEXT(2) 
PARAMETRIC_REPRESENTATION_CONTEXT() REPRESENTATION_CONTEXT('2D SPACE',''
  ) );
#7691 = PCURVE('',#6374,#7692);
#7692 = DEFINITIONAL_REPRESENTATION('',(#7693),#7697);
#7693 = LINE('',#7694,#7695);
#7694 = CARTESIAN_POINT('',(-1.110223024625E-016,0.485));
#7695 = VECTOR('',#7696,1.);
#7696 = DIRECTION('',(-1.,-1.807003620809E-016));
#7697 = ( GEOMETRIC_REPRESENTATION_CONTEXT(2) 
PARAMETRIC_REPRESENTATION_CONTEXT() REPRESENTATION_CONTEXT('2D SPACE',''
  ) );
#7698 = ORIENTED_EDGE('',*,*,#6324,.T.);
#7699 = ORIENTED_EDGE('',*,*,#7587,.T.);
#7700 = ADVANCED_FACE('',(#7701),#6374,.F.);
#7701 = FACE_BOUND('',#7702,.T.);
#7702 = EDGE_LOOP('',(#7703,#7704,#7705,#7706));
#7703 = ORIENTED_EDGE('',*,*,#7679,.F.);
#7704 = ORIENTED_EDGE('',*,*,#6581,.T.);
#7705 = ORIENTED_EDGE('',*,*,#6529,.F.);
#7706 = ORIENTED_EDGE('',*,*,#6358,.T.);
#7707 = ADVANCED_FACE('',(#7708),#6455,.F.);
#7708 = FACE_BOUND('',#7709,.T.);
#7709 = EDGE_LOOP('',(#7710,#7711,#7712,#7755));
#7710 = ORIENTED_EDGE('',*,*,#6962,.F.);
#7711 = ORIENTED_EDGE('',*,*,#6681,.T.);
#7712 = ORIENTED_EDGE('',*,*,#7713,.F.);
#7713 = EDGE_CURVE('',#6440,#6655,#7714,.T.);
#7714 = SURFACE_CURVE('',#7715,(#7719,#7726),.PCURVE_S1.);
#7715 = LINE('',#7716,#7717);
#7716 = CARTESIAN_POINT('',(0.15,0.295,-1.5E-002));
#7717 = VECTOR('',#7718,1.);
#7718 = DIRECTION('',(-1.,-1.807003620809E-016,-0.E+000));
#7719 = PCURVE('',#6455,#7720);
#7720 = DEFINITIONAL_REPRESENTATION('',(#7721),#7725);
#7721 = LINE('',#7722,#7723);
#7722 = CARTESIAN_POINT('',(0.E+000,0.485));
#7723 = VECTOR('',#7724,1.);
#7724 = DIRECTION('',(-1.,0.E+000));
#7725 = ( GEOMETRIC_REPRESENTATION_CONTEXT(2) 
PARAMETRIC_REPRESENTATION_CONTEXT() REPRESENTATION_CONTEXT('2D SPACE',''
  ) );
#7726 = PCURVE('',#6488,#7727);
#7727 = DEFINITIONAL_REPRESENTATION('',(#7728),#7754);
#7728 = B_SPLINE_CURVE_WITH_KNOTS('',3,(#7729,#7730,#7731,#7732,#7733,
    #7734,#7735,#7736,#7737,#7738,#7739,#7740,#7741,#7742,#7743,#7744,
    #7745,#7746,#7747,#7748,#7749,#7750,#7751,#7752,#7753),
  .UNSPECIFIED.,.F.,.F.,(4,1,1,1,1,1,1,1,1,1,1,1,1,1,1,1,1,1,1,1,1,1,4),
  (-0.3,-0.286363636364,-0.272727272727,-0.259090909091,-0.245454545455,
    -0.231818181818,-0.218181818182,-0.204545454545,-0.190909090909,
    -0.177272727273,-0.163636363636,-0.15,-0.136363636364,
    -0.122727272727,-0.109090909091,-9.545454545455E-002,
    -8.181818181818E-002,-6.818181818182E-002,-5.454545454545E-002,
    -4.090909090909E-002,-2.727272727273E-002,-1.363636363636E-002,
    -0.E+000),.QUASI_UNIFORM_KNOTS.);
#7729 = CARTESIAN_POINT('',(1.570796326795,-0.3));
#7730 = CARTESIAN_POINT('',(1.570796326795,-0.295454545455));
#7731 = CARTESIAN_POINT('',(1.570796326795,-0.286363636364));
#7732 = CARTESIAN_POINT('',(1.570796326795,-0.272727272727));
#7733 = CARTESIAN_POINT('',(1.570796326795,-0.259090909091));
#7734 = CARTESIAN_POINT('',(1.570796326795,-0.245454545455));
#7735 = CARTESIAN_POINT('',(1.570796326795,-0.231818181818));
#7736 = CARTESIAN_POINT('',(1.570796326795,-0.218181818182));
#7737 = CARTESIAN_POINT('',(1.570796326795,-0.204545454545));
#7738 = CARTESIAN_POINT('',(1.570796326795,-0.190909090909));
#7739 = CARTESIAN_POINT('',(1.570796326795,-0.177272727273));
#7740 = CARTESIAN_POINT('',(1.570796326795,-0.163636363636));
#7741 = CARTESIAN_POINT('',(1.570796326795,-0.15));
#7742 = CARTESIAN_POINT('',(1.570796326795,-0.136363636364));
#7743 = CARTESIAN_POINT('',(1.570796326795,-0.122727272727));
#7744 = CARTESIAN_POINT('',(1.570796326795,-0.109090909091));
#7745 = CARTESIAN_POINT('',(1.570796326795,-9.545454545455E-002));
#7746 = CARTESIAN_POINT('',(1.570796326795,-8.181818181818E-002));
#7747 = CARTESIAN_POINT('',(1.570796326795,-6.818181818182E-002));
#7748 = CARTESIAN_POINT('',(1.570796326795,-5.454545454545E-002));
#7749 = CARTESIAN_POINT('',(1.570796326795,-4.090909090909E-002));
#7750 = CARTESIAN_POINT('',(1.570796326795,-2.727272727273E-002));
#7751 = CARTESIAN_POINT('',(1.570796326795,-1.363636363636E-002));
#7752 = CARTESIAN_POINT('',(1.570796326795,-4.545454545455E-003));
#7753 = CARTESIAN_POINT('',(1.570796326795,0.E+000));
#7754 = ( GEOMETRIC_REPRESENTATION_CONTEXT(2) 
PARAMETRIC_REPRESENTATION_CONTEXT() REPRESENTATION_CONTEXT('2D SPACE',''
  ) );
#7755 = ORIENTED_EDGE('',*,*,#6439,.T.);
#7756 = ADVANCED_FACE('',(#7757),#6488,.T.);
#7757 = FACE_BOUND('',#7758,.T.);
#7758 = EDGE_LOOP('',(#7759,#7760,#7761,#7762));
#7759 = ORIENTED_EDGE('',*,*,#6654,.T.);
#7760 = ORIENTED_EDGE('',*,*,#7631,.T.);
#7761 = ORIENTED_EDGE('',*,*,#6467,.T.);
#7762 = ORIENTED_EDGE('',*,*,#7713,.T.);
#7763 = ADVANCED_FACE('',(#7764),#6944,.F.);
#7764 = FACE_BOUND('',#7765,.T.);
#7765 = EDGE_LOOP('',(#7766,#7788,#7789,#7811));
#7766 = ORIENTED_EDGE('',*,*,#7767,.F.);
#7767 = EDGE_CURVE('',#6735,#7768,#7770,.T.);
#7768 = VERTEX_POINT('',#7769);
#7769 = CARTESIAN_POINT('',(1.E-002,1.E-002,0.E+000));
#7770 = SURFACE_CURVE('',#7771,(#7775,#7782),.PCURVE_S1.);
#7771 = LINE('',#7772,#7773);
#7772 = CARTESIAN_POINT('',(0.E+000,1.E-002,0.E+000));
#7773 = VECTOR('',#7774,1.);
#7774 = DIRECTION('',(-1.,0.E+000,-0.E+000));
#7775 = PCURVE('',#6944,#7776);
#7776 = DEFINITIONAL_REPRESENTATION('',(#7777),#7781);
#7777 = LINE('',#7778,#7779);
#7778 = CARTESIAN_POINT('',(-0.E+000,-0.29));
#7779 = VECTOR('',#7780,1.);
#7780 = DIRECTION('',(1.,0.E+000));
#7781 = ( GEOMETRIC_REPRESENTATION_CONTEXT(2) 
PARAMETRIC_REPRESENTATION_CONTEXT() REPRESENTATION_CONTEXT('2D SPACE',''
  ) );
#7782 = PCURVE('',#6751,#7783);
#7783 = DEFINITIONAL_REPRESENTATION('',(#7784),#7787);
#7784 = B_SPLINE_CURVE_WITH_KNOTS('',1,(#7785,#7786),.UNSPECIFIED.,.F.,
  .F.,(2,2),(-0.15,-1.E-002),.PIECEWISE_BEZIER_KNOTS.);
#7785 = CARTESIAN_POINT('',(6.28318530718,-0.15));
#7786 = CARTESIAN_POINT('',(6.28318530718,-1.E-002));
#7787 = ( GEOMETRIC_REPRESENTATION_CONTEXT(2) 
PARAMETRIC_REPRESENTATION_CONTEXT() REPRESENTATION_CONTEXT('2D SPACE',''
  ) );
#7788 = ORIENTED_EDGE('',*,*,#6930,.T.);
#7789 = ORIENTED_EDGE('',*,*,#7790,.F.);
#7790 = EDGE_CURVE('',#7791,#6903,#7793,.T.);
#7791 = VERTEX_POINT('',#7792);
#7792 = CARTESIAN_POINT('',(1.E-002,0.29,-6.776263578034E-018));
#7793 = SURFACE_CURVE('',#7794,(#7798,#7805),.PCURVE_S1.);
#7794 = LINE('',#7795,#7796);
#7795 = CARTESIAN_POINT('',(0.E+000,0.29,0.E+000));
#7796 = VECTOR('',#7797,1.);
#7797 = DIRECTION('',(1.,-0.E+000,0.E+000));
#7798 = PCURVE('',#6944,#7799);
#7799 = DEFINITIONAL_REPRESENTATION('',(#7800),#7804);
#7800 = LINE('',#7801,#7802);
#7801 = CARTESIAN_POINT('',(-0.E+000,-1.E-002));
#7802 = VECTOR('',#7803,1.);
#7803 = DIRECTION('',(-1.,0.E+000));
#7804 = ( GEOMETRIC_REPRESENTATION_CONTEXT(2) 
PARAMETRIC_REPRESENTATION_CONTEXT() REPRESENTATION_CONTEXT('2D SPACE',''
  ) );
#7805 = PCURVE('',#6919,#7806);
#7806 = DEFINITIONAL_REPRESENTATION('',(#7807),#7810);
#7807 = B_SPLINE_CURVE_WITH_KNOTS('',1,(#7808,#7809),.UNSPECIFIED.,.F.,
  .F.,(2,2),(1.E-002,0.15),.PIECEWISE_BEZIER_KNOTS.);
#7808 = CARTESIAN_POINT('',(3.14159265359,1.E-002));
#7809 = CARTESIAN_POINT('',(3.14159265359,0.15));
#7810 = ( GEOMETRIC_REPRESENTATION_CONTEXT(2) 
PARAMETRIC_REPRESENTATION_CONTEXT() REPRESENTATION_CONTEXT('2D SPACE',''
  ) );
#7811 = ORIENTED_EDGE('',*,*,#7812,.F.);
#7812 = EDGE_CURVE('',#7768,#7791,#7813,.T.);
#7813 = SURFACE_CURVE('',#7814,(#7818,#7825),.PCURVE_S1.);
#7814 = LINE('',#7815,#7816);
#7815 = CARTESIAN_POINT('',(1.E-002,0.3,0.E+000));
#7816 = VECTOR('',#7817,1.);
#7817 = DIRECTION('',(0.E+000,1.,0.E+000));
#7818 = PCURVE('',#6944,#7819);
#7819 = DEFINITIONAL_REPRESENTATION('',(#7820),#7824);
#7820 = LINE('',#7821,#7822);
#7821 = CARTESIAN_POINT('',(-1.E-002,0.E+000));
#7822 = VECTOR('',#7823,1.);
#7823 = DIRECTION('',(0.E+000,1.));
#7824 = ( GEOMETRIC_REPRESENTATION_CONTEXT(2) 
PARAMETRIC_REPRESENTATION_CONTEXT() REPRESENTATION_CONTEXT('2D SPACE',''
  ) );
#7825 = PCURVE('',#7826,#7831);
#7826 = CYLINDRICAL_SURFACE('',#7827,1.E-002);
#7827 = AXIS2_PLACEMENT_3D('',#7828,#7829,#7830);
#7828 = CARTESIAN_POINT('',(1.E-002,0.3,-1.E-002));
#7829 = DIRECTION('',(0.E+000,-1.,0.E+000));
#7830 = DIRECTION('',(0.E+000,0.E+000,-1.));
#7831 = DEFINITIONAL_REPRESENTATION('',(#7832),#7835);
#7832 = B_SPLINE_CURVE_WITH_KNOTS('',1,(#7833,#7834),.UNSPECIFIED.,.F.,
  .F.,(2,2),(-0.29,-1.E-002),.PIECEWISE_BEZIER_KNOTS.);
#7833 = CARTESIAN_POINT('',(3.14159265359,0.29));
#7834 = CARTESIAN_POINT('',(3.14159265359,1.E-002));
#7835 = ( GEOMETRIC_REPRESENTATION_CONTEXT(2) 
PARAMETRIC_REPRESENTATION_CONTEXT() REPRESENTATION_CONTEXT('2D SPACE',''
  ) );
#7836 = ADVANCED_FACE('',(#7837),#6751,.T.);
#7837 = FACE_BOUND('',#7838,.T.);
#7838 = EDGE_LOOP('',(#7839,#7840,#7841,#7903));
#7839 = ORIENTED_EDGE('',*,*,#6732,.T.);
#7840 = ORIENTED_EDGE('',*,*,#7767,.T.);
#7841 = ORIENTED_EDGE('',*,*,#7842,.T.);
#7842 = EDGE_CURVE('',#7768,#7843,#7845,.T.);
#7843 = VERTEX_POINT('',#7844);
#7844 = CARTESIAN_POINT('',(1.E-002,1.185846126156E-017,-1.E-002));
#7845 = SURFACE_CURVE('',#7846,(#7851,#7857),.PCURVE_S1.);
#7846 = CIRCLE('',#7847,1.E-002);
#7847 = AXIS2_PLACEMENT_3D('',#7848,#7849,#7850);
#7848 = CARTESIAN_POINT('',(1.E-002,1.E-002,-1.E-002));
#7849 = DIRECTION('',(1.,0.E+000,-0.E+000));
#7850 = DIRECTION('',(0.E+000,0.E+000,1.));
#7851 = PCURVE('',#6751,#7852);
#7852 = DEFINITIONAL_REPRESENTATION('',(#7853),#7856);
#7853 = B_SPLINE_CURVE_WITH_KNOTS('',1,(#7854,#7855),.UNSPECIFIED.,.F.,
  .F.,(2,2),(0.E+000,1.570796326795),.PIECEWISE_BEZIER_KNOTS.);
#7854 = CARTESIAN_POINT('',(6.28318530718,-1.E-002));
#7855 = CARTESIAN_POINT('',(4.712388980385,-1.E-002));
#7856 = ( GEOMETRIC_REPRESENTATION_CONTEXT(2) 
PARAMETRIC_REPRESENTATION_CONTEXT() REPRESENTATION_CONTEXT('2D SPACE',''
  ) );
#7857 = PCURVE('',#7858,#7875);
#7858 = ( BOUNDED_SURFACE() B_SPLINE_SURFACE(3,3,(
    (#7859,#7860,#7861,#7862)
    ,(#7863,#7864,#7865,#7866)
    ,(#7867,#7868,#7869,#7870)
    ,(#7871,#7872,#7873,#7874
)),.UNSPECIFIED.,.F.,.F.,.F.) B_SPLINE_SURFACE_WITH_KNOTS((4,4),(4,4),(
    0.E+000,1.),(0.E+000,1.),.PIECEWISE_BEZIER_KNOTS.) 
GEOMETRIC_REPRESENTATION_ITEM() RATIONAL_B_SPLINE_SURFACE((
    (1.,0.804737854124,0.804737854124,1.)
    ,(0.804737854124,0.647603013861,0.647603013861,0.804737854124)
    ,(0.804737854124,0.647603013861,0.647603013861,0.804737854124)
,(1.,0.804737854124,0.804737854124,1.
))) REPRESENTATION_ITEM('') SURFACE() );
#7859 = CARTESIAN_POINT('',(1.E-002,1.E-002,0.E+000));
#7860 = CARTESIAN_POINT('',(1.E-002,4.142135623731E-003,
    2.778610311258E-017));
#7861 = CARTESIAN_POINT('',(1.E-002,-1.225141447039E-016,
    -4.142135623731E-003));
#7862 = CARTESIAN_POINT('',(1.E-002,5.385976518434E-019,-1.E-002));
#7863 = CARTESIAN_POINT('',(4.142135623731E-003,1.E-002,
    3.586907429119E-019));
#7864 = CARTESIAN_POINT('',(4.142135623731E-003,4.142135623731E-003,
    2.913715468095E-017));
#7865 = CARTESIAN_POINT('',(4.142135623731E-003,-1.218804746214E-016,
    -4.142135623731E-003));
#7866 = CARTESIAN_POINT('',(4.142135623731E-003,1.799069089315E-019,
    -1.E-002));
#7867 = CARTESIAN_POINT('',(2.411447380332E-018,1.E-002,
    -4.142135623731E-003));
#7868 = CARTESIAN_POINT('',(2.411447380332E-018,6.568542494924E-003,
    -4.142135623731E-003));
#7869 = CARTESIAN_POINT('',(2.411447380332E-018,4.142135623731E-003,
    -6.568542494924E-003));
#7870 = CARTESIAN_POINT('',(2.411447380332E-018,4.142135623731E-003,
    -1.E-002));
#7871 = CARTESIAN_POINT('',(1.694065894509E-018,1.E-002,-1.E-002));
#7872 = CARTESIAN_POINT('',(1.694065894509E-018,1.E-002,-1.E-002));
#7873 = CARTESIAN_POINT('',(1.694065894509E-018,1.E-002,-1.E-002));
#7874 = CARTESIAN_POINT('',(1.694065894509E-018,1.E-002,-1.E-002));
#7875 = DEFINITIONAL_REPRESENTATION('',(#7876),#7902);
#7876 = B_SPLINE_CURVE_WITH_KNOTS('',3,(#7877,#7878,#7879,#7880,#7881,
    #7882,#7883,#7884,#7885,#7886,#7887,#7888,#7889,#7890,#7891,#7892,
    #7893,#7894,#7895,#7896,#7897,#7898,#7899,#7900,#7901),
  .UNSPECIFIED.,.F.,.F.,(4,1,1,1,1,1,1,1,1,1,1,1,1,1,1,1,1,1,1,1,1,1,4),
  (0.E+000,7.139983303613E-002,0.142799666072,0.214199499108,
    0.285599332145,0.356999165181,0.428398998217,0.499798831253,
    0.571198664289,0.642598497325,0.713998330361,0.785398163397,
    0.856797996434,0.92819782947,0.999597662506,1.070997495542,
    1.142397328578,1.213797161614,1.28519699465,1.356596827687,
    1.427996660723,1.499396493759,1.570796326795),
  .QUASI_UNIFORM_KNOTS.);
#7877 = CARTESIAN_POINT('',(0.E+000,0.E+000));
#7878 = CARTESIAN_POINT('',(0.E+000,1.682780133706E-002));
#7879 = CARTESIAN_POINT('',(0.E+000,4.999070298881E-002));
#7880 = CARTESIAN_POINT('',(0.E+000,9.842552590405E-002));
#7881 = CARTESIAN_POINT('',(0.E+000,0.145724913075));
#7882 = CARTESIAN_POINT('',(0.E+000,0.192043637223));
#7883 = CARTESIAN_POINT('',(0.E+000,0.237526724423));
#7884 = CARTESIAN_POINT('',(0.E+000,0.282309422539));
#7885 = CARTESIAN_POINT('',(0.E+000,0.326519436214));
#7886 = CARTESIAN_POINT('',(0.E+000,0.370278310591));
#7887 = CARTESIAN_POINT('',(0.E+000,0.413702852292));
#7888 = CARTESIAN_POINT('',(0.E+000,0.456906394885));
#7889 = CARTESIAN_POINT('',(0.E+000,0.5));
#7890 = CARTESIAN_POINT('',(0.E+000,0.543093605115));
#7891 = CARTESIAN_POINT('',(0.E+000,0.586297147708));
#7892 = CARTESIAN_POINT('',(0.E+000,0.629721689409));
#7893 = CARTESIAN_POINT('',(0.E+000,0.673480563786));
#7894 = CARTESIAN_POINT('',(0.E+000,0.717690577461));
#7895 = CARTESIAN_POINT('',(0.E+000,0.762473275577));
#7896 = CARTESIAN_POINT('',(0.E+000,0.807956362777));
#7897 = CARTESIAN_POINT('',(0.E+000,0.854275086925));
#7898 = CARTESIAN_POINT('',(0.E+000,0.901574474096));
#7899 = CARTESIAN_POINT('',(0.E+000,0.950009297011));
#7900 = CARTESIAN_POINT('',(-0.E+000,0.983172198663));
#7901 = CARTESIAN_POINT('',(0.E+000,1.));
#7902 = ( GEOMETRIC_REPRESENTATION_CONTEXT(2) 
PARAMETRIC_REPRESENTATION_CONTEXT() REPRESENTATION_CONTEXT('2D SPACE',''
  ) );
#7903 = ORIENTED_EDGE('',*,*,#7904,.T.);
#7904 = EDGE_CURVE('',#7843,#6733,#7905,.T.);
#7905 = SURFACE_CURVE('',#7906,(#7910,#7916),.PCURVE_S1.);
#7906 = LINE('',#7907,#7908);
#7907 = CARTESIAN_POINT('',(0.E+000,2.541098841763E-017,-1.E-002));
#7908 = VECTOR('',#7909,1.);
#7909 = DIRECTION('',(1.,-0.E+000,-0.E+000));
#7910 = PCURVE('',#6751,#7911);
#7911 = DEFINITIONAL_REPRESENTATION('',(#7912),#7915);
#7912 = B_SPLINE_CURVE_WITH_KNOTS('',1,(#7913,#7914),.UNSPECIFIED.,.F.,
  .F.,(2,2),(1.E-002,0.15),.PIECEWISE_BEZIER_KNOTS.);
#7913 = CARTESIAN_POINT('',(4.712388980385,-1.E-002));
#7914 = CARTESIAN_POINT('',(4.712388980385,-0.15));
#7915 = ( GEOMETRIC_REPRESENTATION_CONTEXT(2) 
PARAMETRIC_REPRESENTATION_CONTEXT() REPRESENTATION_CONTEXT('2D SPACE',''
  ) );
#7916 = PCURVE('',#6778,#7917);
#7917 = DEFINITIONAL_REPRESENTATION('',(#7918),#7922);
#7918 = LINE('',#7919,#7920);
#7919 = CARTESIAN_POINT('',(-0.29,0.E+000));
#7920 = VECTOR('',#7921,1.);
#7921 = DIRECTION('',(0.E+000,1.));
#7922 = ( GEOMETRIC_REPRESENTATION_CONTEXT(2) 
PARAMETRIC_REPRESENTATION_CONTEXT() REPRESENTATION_CONTEXT('2D SPACE',''
  ) );
#7923 = ADVANCED_FACE('',(#7924),#6778,.T.);
#7924 = FACE_BOUND('',#7925,.T.);
#7925 = EDGE_LOOP('',(#7926,#7953,#7973,#7974));
#7926 = ORIENTED_EDGE('',*,*,#7927,.T.);
#7927 = EDGE_CURVE('',#7843,#7928,#7930,.T.);
#7928 = VERTEX_POINT('',#7929);
#7929 = CARTESIAN_POINT('',(1.E-002,6.352747104407E-018,-0.29));
#7930 = SURFACE_CURVE('',#7931,(#7935,#7942),.PCURVE_S1.);
#7931 = LINE('',#7932,#7933);
#7932 = CARTESIAN_POINT('',(1.E-002,0.E+000,-0.3));
#7933 = VECTOR('',#7934,1.);
#7934 = DIRECTION('',(0.E+000,-0.E+000,-1.));
#7935 = PCURVE('',#6778,#7936);
#7936 = DEFINITIONAL_REPRESENTATION('',(#7937),#7941);
#7937 = LINE('',#7938,#7939);
#7938 = CARTESIAN_POINT('',(0.E+000,1.E-002));
#7939 = VECTOR('',#7940,1.);
#7940 = DIRECTION('',(1.,0.E+000));
#7941 = ( GEOMETRIC_REPRESENTATION_CONTEXT(2) 
PARAMETRIC_REPRESENTATION_CONTEXT() REPRESENTATION_CONTEXT('2D SPACE',''
  ) );
#7942 = PCURVE('',#7943,#7948);
#7943 = CYLINDRICAL_SURFACE('',#7944,1.E-002);
#7944 = AXIS2_PLACEMENT_3D('',#7945,#7946,#7947);
#7945 = CARTESIAN_POINT('',(1.E-002,1.E-002,0.E+000));
#7946 = DIRECTION('',(0.E+000,0.E+000,-1.));
#7947 = DIRECTION('',(-1.,0.E+000,0.E+000));
#7948 = DEFINITIONAL_REPRESENTATION('',(#7949),#7952);
#7949 = B_SPLINE_CURVE_WITH_KNOTS('',1,(#7950,#7951),.UNSPECIFIED.,.F.,
  .F.,(2,2),(-0.29,-1.E-002),.PIECEWISE_BEZIER_KNOTS.);
#7950 = CARTESIAN_POINT('',(4.712388980385,1.E-002));
#7951 = CARTESIAN_POINT('',(4.712388980385,0.29));
#7952 = ( GEOMETRIC_REPRESENTATION_CONTEXT(2) 
PARAMETRIC_REPRESENTATION_CONTEXT() REPRESENTATION_CONTEXT('2D SPACE',''
  ) );
#7953 = ORIENTED_EDGE('',*,*,#7954,.T.);
#7954 = EDGE_CURVE('',#7928,#6763,#7955,.T.);
#7955 = SURFACE_CURVE('',#7956,(#7960,#7967),.PCURVE_S1.);
#7956 = LINE('',#7957,#7958);
#7957 = CARTESIAN_POINT('',(0.E+000,0.E+000,-0.29));
#7958 = VECTOR('',#7959,1.);
#7959 = DIRECTION('',(1.,0.E+000,0.E+000));
#7960 = PCURVE('',#6778,#7961);
#7961 = DEFINITIONAL_REPRESENTATION('',(#7962),#7966);
#7962 = LINE('',#7963,#7964);
#7963 = CARTESIAN_POINT('',(-1.E-002,0.E+000));
#7964 = VECTOR('',#7965,1.);
#7965 = DIRECTION('',(0.E+000,1.));
#7966 = ( GEOMETRIC_REPRESENTATION_CONTEXT(2) 
PARAMETRIC_REPRESENTATION_CONTEXT() REPRESENTATION_CONTEXT('2D SPACE',''
  ) );
#7967 = PCURVE('',#6807,#7968);
#7968 = DEFINITIONAL_REPRESENTATION('',(#7969),#7972);
#7969 = B_SPLINE_CURVE_WITH_KNOTS('',1,(#7970,#7971),.UNSPECIFIED.,.F.,
  .F.,(2,2),(1.E-002,0.15),.PIECEWISE_BEZIER_KNOTS.);
#7970 = CARTESIAN_POINT('',(4.712388980385,1.E-002));
#7971 = CARTESIAN_POINT('',(4.712388980385,0.15));
#7972 = ( GEOMETRIC_REPRESENTATION_CONTEXT(2) 
PARAMETRIC_REPRESENTATION_CONTEXT() REPRESENTATION_CONTEXT('2D SPACE',''
  ) );
#7973 = ORIENTED_EDGE('',*,*,#6762,.T.);
#7974 = ORIENTED_EDGE('',*,*,#7904,.F.);
#7975 = ADVANCED_FACE('',(#7976),#6807,.T.);
#7976 = FACE_BOUND('',#7977,.T.);
#7977 = EDGE_LOOP('',(#7978,#8063,#8083,#8084));
#7978 = ORIENTED_EDGE('',*,*,#7979,.T.);
#7979 = EDGE_CURVE('',#7928,#7980,#7982,.T.);
#7980 = VERTEX_POINT('',#7981);
#7981 = CARTESIAN_POINT('',(1.E-002,1.E-002,-0.3));
#7982 = SURFACE_CURVE('',#7983,(#7988,#8017),.PCURVE_S1.);
#7983 = CIRCLE('',#7984,1.E-002);
#7984 = AXIS2_PLACEMENT_3D('',#7985,#7986,#7987);
#7985 = CARTESIAN_POINT('',(1.E-002,1.E-002,-0.29));
#7986 = DIRECTION('',(1.,0.E+000,-9.035018104046E-017));
#7987 = DIRECTION('',(-9.035018104046E-017,0.E+000,-1.));
#7988 = PCURVE('',#6807,#7989);
#7989 = DEFINITIONAL_REPRESENTATION('',(#7990),#8016);
#7990 = B_SPLINE_CURVE_WITH_KNOTS('',3,(#7991,#7992,#7993,#7994,#7995,
    #7996,#7997,#7998,#7999,#8000,#8001,#8002,#8003,#8004,#8005,#8006,
    #8007,#8008,#8009,#8010,#8011,#8012,#8013,#8014,#8015),
  .UNSPECIFIED.,.F.,.F.,(4,1,1,1,1,1,1,1,1,1,1,1,1,1,1,1,1,1,1,1,1,1,4),
  (4.712388980385,4.783788813421,4.855188646457,4.926588479493,
    4.997988312529,5.069388145565,5.140787978601,5.212187811638,
    5.283587644674,5.35498747771,5.426387310746,5.497787143782,
    5.569186976818,5.640586809854,5.711986642891,5.783386475927,
    5.854786308963,5.926186141999,5.997585975035,6.068985808071,
    6.140385641107,6.211785474143,6.28318530718),.QUASI_UNIFORM_KNOTS.);
#7991 = CARTESIAN_POINT('',(4.712388980385,1.E-002));
#7992 = CARTESIAN_POINT('',(4.73618892473,1.E-002));
#7993 = CARTESIAN_POINT('',(4.783788813421,1.E-002));
#7994 = CARTESIAN_POINT('',(4.855188646457,1.E-002));
#7995 = CARTESIAN_POINT('',(4.926588479493,1.E-002));
#7996 = CARTESIAN_POINT('',(4.997988312529,1.E-002));
#7997 = CARTESIAN_POINT('',(5.069388145565,1.E-002));
#7998 = CARTESIAN_POINT('',(5.140787978601,1.E-002));
#7999 = CARTESIAN_POINT('',(5.212187811638,1.E-002));
#8000 = CARTESIAN_POINT('',(5.283587644674,1.E-002));
#8001 = CARTESIAN_POINT('',(5.35498747771,1.E-002));
#8002 = CARTESIAN_POINT('',(5.426387310746,1.E-002));
#8003 = CARTESIAN_POINT('',(5.497787143782,1.E-002));
#8004 = CARTESIAN_POINT('',(5.569186976818,1.E-002));
#8005 = CARTESIAN_POINT('',(5.640586809854,1.E-002));
#8006 = CARTESIAN_POINT('',(5.711986642891,1.E-002));
#8007 = CARTESIAN_POINT('',(5.783386475927,1.E-002));
#8008 = CARTESIAN_POINT('',(5.854786308963,1.E-002));
#8009 = CARTESIAN_POINT('',(5.926186141999,1.E-002));
#8010 = CARTESIAN_POINT('',(5.997585975035,1.E-002));
#8011 = CARTESIAN_POINT('',(6.068985808071,1.E-002));
#8012 = CARTESIAN_POINT('',(6.140385641107,1.E-002));
#8013 = CARTESIAN_POINT('',(6.211785474143,1.E-002));
#8014 = CARTESIAN_POINT('',(6.259385362834,1.E-002));
#8015 = CARTESIAN_POINT('',(6.28318530718,1.E-002));
#8016 = ( GEOMETRIC_REPRESENTATION_CONTEXT(2) 
PARAMETRIC_REPRESENTATION_CONTEXT() REPRESENTATION_CONTEXT('2D SPACE',''
  ) );
#8017 = PCURVE('',#8018,#8035);
#8018 = ( BOUNDED_SURFACE() B_SPLINE_SURFACE(3,3,(
    (#8019,#8020,#8021,#8022)
    ,(#8023,#8024,#8025,#8026)
    ,(#8027,#8028,#8029,#8030)
    ,(#8031,#8032,#8033,#8034
)),.UNSPECIFIED.,.F.,.F.,.F.) B_SPLINE_SURFACE_WITH_KNOTS((4,4),(4,4),(
    0.E+000,1.),(0.E+000,1.),.PIECEWISE_BEZIER_KNOTS.) 
GEOMETRIC_REPRESENTATION_ITEM() RATIONAL_B_SPLINE_SURFACE((
    (1.,0.804737854124,0.804737854124,1.)
    ,(0.804737854124,0.647603013861,0.647603013861,0.804737854124)
    ,(0.804737854124,0.647603013861,0.647603013861,0.804737854124)
,(1.,0.804737854124,0.804737854124,1.
))) REPRESENTATION_ITEM('') SURFACE() );
#8019 = CARTESIAN_POINT('',(1.E-002,2.710505431214E-017,-0.29));
#8020 = CARTESIAN_POINT('',(1.E-002,2.710505431214E-017,-0.295857864376)
  );
#8021 = CARTESIAN_POINT('',(1.E-002,4.142135623731E-003,-0.3));
#8022 = CARTESIAN_POINT('',(1.E-002,1.E-002,-0.3));
#8023 = CARTESIAN_POINT('',(4.142135623731E-003,2.544565638809E-017,
    -0.29));
#8024 = CARTESIAN_POINT('',(4.142135623731E-003,2.544565638809E-017,
    -0.295857864376));
#8025 = CARTESIAN_POINT('',(4.142135623731E-003,4.142135623731E-003,-0.3
    ));
#8026 = CARTESIAN_POINT('',(4.142135623731E-003,1.E-002,-0.3));
#8027 = CARTESIAN_POINT('',(1.541851919166E-017,4.142135623731E-003,
    -0.29));
#8028 = CARTESIAN_POINT('',(1.541851919166E-017,4.142135623731E-003,
    -0.293431457505));
#8029 = CARTESIAN_POINT('',(1.541851919166E-017,6.568542494924E-003,
    -0.295857864376));
#8030 = CARTESIAN_POINT('',(1.541851919166E-017,1.E-002,-0.295857864376)
  );
#8031 = CARTESIAN_POINT('',(1.694065894509E-018,1.E-002,-0.29));
#8032 = CARTESIAN_POINT('',(1.694065894509E-018,1.E-002,-0.29));
#8033 = CARTESIAN_POINT('',(1.694065894509E-018,1.E-002,-0.29));
#8034 = CARTESIAN_POINT('',(1.694065894509E-018,1.E-002,-0.29));
#8035 = DEFINITIONAL_REPRESENTATION('',(#8036),#8062);
#8036 = B_SPLINE_CURVE_WITH_KNOTS('',3,(#8037,#8038,#8039,#8040,#8041,
    #8042,#8043,#8044,#8045,#8046,#8047,#8048,#8049,#8050,#8051,#8052,
    #8053,#8054,#8055,#8056,#8057,#8058,#8059,#8060,#8061),
  .UNSPECIFIED.,.F.,.F.,(4,1,1,1,1,1,1,1,1,1,1,1,1,1,1,1,1,1,1,1,1,1,4),
  (4.712388980385,4.783788813421,4.855188646457,4.926588479493,
    4.997988312529,5.069388145565,5.140787978601,5.212187811638,
    5.283587644674,5.35498747771,5.426387310746,5.497787143782,
    5.569186976818,5.640586809854,5.711986642891,5.783386475927,
    5.854786308963,5.926186141999,5.997585975035,6.068985808071,
    6.140385641107,6.211785474143,6.28318530718),.QUASI_UNIFORM_KNOTS.);
#8037 = CARTESIAN_POINT('',(0.E+000,0.E+000));
#8038 = CARTESIAN_POINT('',(0.E+000,1.682780133706E-002));
#8039 = CARTESIAN_POINT('',(0.E+000,4.999070298881E-002));
#8040 = CARTESIAN_POINT('',(0.E+000,9.842552590404E-002));
#8041 = CARTESIAN_POINT('',(0.E+000,0.145724913075));
#8042 = CARTESIAN_POINT('',(0.E+000,0.192043637223));
#8043 = CARTESIAN_POINT('',(0.E+000,0.237526724423));
#8044 = CARTESIAN_POINT('',(0.E+000,0.282309422539));
#8045 = CARTESIAN_POINT('',(0.E+000,0.326519436214));
#8046 = CARTESIAN_POINT('',(0.E+000,0.370278310591));
#8047 = CARTESIAN_POINT('',(0.E+000,0.413702852292));
#8048 = CARTESIAN_POINT('',(0.E+000,0.456906394885));
#8049 = CARTESIAN_POINT('',(0.E+000,0.5));
#8050 = CARTESIAN_POINT('',(0.E+000,0.543093605115));
#8051 = CARTESIAN_POINT('',(0.E+000,0.586297147708));
#8052 = CARTESIAN_POINT('',(0.E+000,0.629721689409));
#8053 = CARTESIAN_POINT('',(0.E+000,0.673480563786));
#8054 = CARTESIAN_POINT('',(0.E+000,0.717690577461));
#8055 = CARTESIAN_POINT('',(0.E+000,0.762473275577));
#8056 = CARTESIAN_POINT('',(0.E+000,0.807956362777));
#8057 = CARTESIAN_POINT('',(0.E+000,0.854275086925));
#8058 = CARTESIAN_POINT('',(0.E+000,0.901574474096));
#8059 = CARTESIAN_POINT('',(0.E+000,0.950009297011));
#8060 = CARTESIAN_POINT('',(-0.E+000,0.983172198663));
#8061 = CARTESIAN_POINT('',(0.E+000,1.));
#8062 = ( GEOMETRIC_REPRESENTATION_CONTEXT(2) 
PARAMETRIC_REPRESENTATION_CONTEXT() REPRESENTATION_CONTEXT('2D SPACE',''
  ) );
#8063 = ORIENTED_EDGE('',*,*,#8064,.T.);
#8064 = EDGE_CURVE('',#7980,#6791,#8065,.T.);
#8065 = SURFACE_CURVE('',#8066,(#8070,#8076),.PCURVE_S1.);
#8066 = LINE('',#8067,#8068);
#8067 = CARTESIAN_POINT('',(-2.44502824971E-033,1.E-002,-0.3));
#8068 = VECTOR('',#8069,1.);
#8069 = DIRECTION('',(1.,0.E+000,-9.035018104046E-017));
#8070 = PCURVE('',#6807,#8071);
#8071 = DEFINITIONAL_REPRESENTATION('',(#8072),#8075);
#8072 = B_SPLINE_CURVE_WITH_KNOTS('',1,(#8073,#8074),.UNSPECIFIED.,.F.,
  .F.,(2,2),(1.E-002,0.15),.PIECEWISE_BEZIER_KNOTS.);
#8073 = CARTESIAN_POINT('',(6.28318530718,1.E-002));
#8074 = CARTESIAN_POINT('',(6.28318530718,0.15));
#8075 = ( GEOMETRIC_REPRESENTATION_CONTEXT(2) 
PARAMETRIC_REPRESENTATION_CONTEXT() REPRESENTATION_CONTEXT('2D SPACE',''
  ) );
#8076 = PCURVE('',#6834,#8077);
#8077 = DEFINITIONAL_REPRESENTATION('',(#8078),#8082);
#8078 = LINE('',#8079,#8080);
#8079 = CARTESIAN_POINT('',(-2.44502824971E-033,-0.29));
#8080 = VECTOR('',#8081,1.);
#8081 = DIRECTION('',(1.,0.E+000));
#8082 = ( GEOMETRIC_REPRESENTATION_CONTEXT(2) 
PARAMETRIC_REPRESENTATION_CONTEXT() REPRESENTATION_CONTEXT('2D SPACE',''
  ) );
#8083 = ORIENTED_EDGE('',*,*,#6790,.T.);
#8084 = ORIENTED_EDGE('',*,*,#7954,.F.);
#8085 = ADVANCED_FACE('',(#8086),#6834,.F.);
#8086 = FACE_BOUND('',#8087,.T.);
#8087 = EDGE_LOOP('',(#8088,#8089,#8116,#8136));
#8088 = ORIENTED_EDGE('',*,*,#8064,.F.);
#8089 = ORIENTED_EDGE('',*,*,#8090,.F.);
#8090 = EDGE_CURVE('',#8091,#7980,#8093,.T.);
#8091 = VERTEX_POINT('',#8092);
#8092 = CARTESIAN_POINT('',(1.E-002,0.29,-0.3));
#8093 = SURFACE_CURVE('',#8094,(#8098,#8105),.PCURVE_S1.);
#8094 = LINE('',#8095,#8096);
#8095 = CARTESIAN_POINT('',(1.E-002,0.3,-0.3));
#8096 = VECTOR('',#8097,1.);
#8097 = DIRECTION('',(-0.E+000,-1.,-0.E+000));
#8098 = PCURVE('',#6834,#8099);
#8099 = DEFINITIONAL_REPRESENTATION('',(#8100),#8104);
#8100 = LINE('',#8101,#8102);
#8101 = CARTESIAN_POINT('',(1.E-002,0.E+000));
#8102 = VECTOR('',#8103,1.);
#8103 = DIRECTION('',(0.E+000,-1.));
#8104 = ( GEOMETRIC_REPRESENTATION_CONTEXT(2) 
PARAMETRIC_REPRESENTATION_CONTEXT() REPRESENTATION_CONTEXT('2D SPACE',''
  ) );
#8105 = PCURVE('',#8106,#8111);
#8106 = CYLINDRICAL_SURFACE('',#8107,1.E-002);
#8107 = AXIS2_PLACEMENT_3D('',#8108,#8109,#8110);
#8108 = CARTESIAN_POINT('',(1.E-002,0.3,-0.29));
#8109 = DIRECTION('',(0.E+000,-1.,0.E+000));
#8110 = DIRECTION('',(0.E+000,0.E+000,-1.));
#8111 = DEFINITIONAL_REPRESENTATION('',(#8112),#8115);
#8112 = B_SPLINE_CURVE_WITH_KNOTS('',1,(#8113,#8114),.UNSPECIFIED.,.F.,
  .F.,(2,2),(1.E-002,0.29),.PIECEWISE_BEZIER_KNOTS.);
#8113 = CARTESIAN_POINT('',(6.28318530718,1.E-002));
#8114 = CARTESIAN_POINT('',(6.28318530718,0.29));
#8115 = ( GEOMETRIC_REPRESENTATION_CONTEXT(2) 
PARAMETRIC_REPRESENTATION_CONTEXT() REPRESENTATION_CONTEXT('2D SPACE',''
  ) );
#8116 = ORIENTED_EDGE('',*,*,#8117,.F.);
#8117 = EDGE_CURVE('',#6819,#8091,#8118,.T.);
#8118 = SURFACE_CURVE('',#8119,(#8123,#8130),.PCURVE_S1.);
#8119 = LINE('',#8120,#8121);
#8120 = CARTESIAN_POINT('',(0.E+000,0.29,-0.3));
#8121 = VECTOR('',#8122,1.);
#8122 = DIRECTION('',(-1.,-0.E+000,9.035018104046E-017));
#8123 = PCURVE('',#6834,#8124);
#8124 = DEFINITIONAL_REPRESENTATION('',(#8125),#8129);
#8125 = LINE('',#8126,#8127);
#8126 = CARTESIAN_POINT('',(0.E+000,-1.E-002));
#8127 = VECTOR('',#8128,1.);
#8128 = DIRECTION('',(-1.,0.E+000));
#8129 = ( GEOMETRIC_REPRESENTATION_CONTEXT(2) 
PARAMETRIC_REPRESENTATION_CONTEXT() REPRESENTATION_CONTEXT('2D SPACE',''
  ) );
#8130 = PCURVE('',#6863,#8131);
#8131 = DEFINITIONAL_REPRESENTATION('',(#8132),#8135);
#8132 = B_SPLINE_CURVE_WITH_KNOTS('',1,(#8133,#8134),.UNSPECIFIED.,.F.,
  .F.,(2,2),(-0.15,-1.E-002),.PIECEWISE_BEZIER_KNOTS.);
#8133 = CARTESIAN_POINT('',(3.14159265359,-0.15));
#8134 = CARTESIAN_POINT('',(3.14159265359,-1.E-002));
#8135 = ( GEOMETRIC_REPRESENTATION_CONTEXT(2) 
PARAMETRIC_REPRESENTATION_CONTEXT() REPRESENTATION_CONTEXT('2D SPACE',''
  ) );
#8136 = ORIENTED_EDGE('',*,*,#6818,.T.);
#8137 = ADVANCED_FACE('',(#8138),#6863,.T.);
#8138 = FACE_BOUND('',#8139,.T.);
#8139 = EDGE_LOOP('',(#8140,#8141,#8142,#8227));
#8140 = ORIENTED_EDGE('',*,*,#6846,.T.);
#8141 = ORIENTED_EDGE('',*,*,#8117,.T.);
#8142 = ORIENTED_EDGE('',*,*,#8143,.T.);
#8143 = EDGE_CURVE('',#8091,#8144,#8146,.T.);
#8144 = VERTEX_POINT('',#8145);
#8145 = CARTESIAN_POINT('',(1.E-002,0.3,-0.29));
#8146 = SURFACE_CURVE('',#8147,(#8152,#8181),.PCURVE_S1.);
#8147 = CIRCLE('',#8148,1.E-002);
#8148 = AXIS2_PLACEMENT_3D('',#8149,#8150,#8151);
#8149 = CARTESIAN_POINT('',(1.E-002,0.29,-0.29));
#8150 = DIRECTION('',(1.,0.E+000,-9.035018104046E-017));
#8151 = DIRECTION('',(9.035018104046E-017,0.E+000,1.));
#8152 = PCURVE('',#6863,#8153);
#8153 = DEFINITIONAL_REPRESENTATION('',(#8154),#8180);
#8154 = B_SPLINE_CURVE_WITH_KNOTS('',3,(#8155,#8156,#8157,#8158,#8159,
    #8160,#8161,#8162,#8163,#8164,#8165,#8166,#8167,#8168,#8169,#8170,
    #8171,#8172,#8173,#8174,#8175,#8176,#8177,#8178,#8179),
  .UNSPECIFIED.,.F.,.F.,(4,1,1,1,1,1,1,1,1,1,1,1,1,1,1,1,1,1,1,1,1,1,4),
  (3.14159265359,3.212992486626,3.284392319662,3.355792152698,
    3.427191985734,3.49859181877,3.569991651807,3.641391484843,
    3.712791317879,3.784191150915,3.855590983951,3.926990816987,
    3.998390650023,4.06979048306,4.141190316096,4.212590149132,
    4.283989982168,4.355389815204,4.42678964824,4.498189481276,
    4.569589314312,4.640989147349,4.712388980385),
  .QUASI_UNIFORM_KNOTS.);
#8155 = CARTESIAN_POINT('',(3.14159265359,-1.E-002));
#8156 = CARTESIAN_POINT('',(3.117792709244,-1.E-002));
#8157 = CARTESIAN_POINT('',(3.070192820554,-1.E-002));
#8158 = CARTESIAN_POINT('',(2.998792987518,-1.E-002));
#8159 = CARTESIAN_POINT('',(2.927393154481,-1.E-002));
#8160 = CARTESIAN_POINT('',(2.855993321445,-1.E-002));
#8161 = CARTESIAN_POINT('',(2.784593488409,-1.E-002));
#8162 = CARTESIAN_POINT('',(2.713193655373,-1.E-002));
#8163 = CARTESIAN_POINT('',(2.641793822337,-1.E-002));
#8164 = CARTESIAN_POINT('',(2.570393989301,-1.E-002));
#8165 = CARTESIAN_POINT('',(2.498994156265,-1.E-002));
#8166 = CARTESIAN_POINT('',(2.427594323228,-1.E-002));
#8167 = CARTESIAN_POINT('',(2.356194490192,-1.E-002));
#8168 = CARTESIAN_POINT('',(2.284794657156,-1.E-002));
#8169 = CARTESIAN_POINT('',(2.21339482412,-1.E-002));
#8170 = CARTESIAN_POINT('',(2.141994991084,-1.E-002));
#8171 = CARTESIAN_POINT('',(2.070595158048,-1.E-002));
#8172 = CARTESIAN_POINT('',(1.999195325012,-1.E-002));
#8173 = CARTESIAN_POINT('',(1.927795491976,-1.E-002));
#8174 = CARTESIAN_POINT('',(1.856395658939,-1.E-002));
#8175 = CARTESIAN_POINT('',(1.784995825903,-1.E-002));
#8176 = CARTESIAN_POINT('',(1.713595992867,-1.E-002));
#8177 = CARTESIAN_POINT('',(1.642196159831,-1.E-002));
#8178 = CARTESIAN_POINT('',(1.59459627114,-1.E-002));
#8179 = CARTESIAN_POINT('',(1.570796326795,-1.E-002));
#8180 = ( GEOMETRIC_REPRESENTATION_CONTEXT(2) 
PARAMETRIC_REPRESENTATION_CONTEXT() REPRESENTATION_CONTEXT('2D SPACE',''
  ) );
#8181 = PCURVE('',#8182,#8199);
#8182 = ( BOUNDED_SURFACE() B_SPLINE_SURFACE(3,3,(
    (#8183,#8184,#8185,#8186)
    ,(#8187,#8188,#8189,#8190)
    ,(#8191,#8192,#8193,#8194)
    ,(#8195,#8196,#8197,#8198
)),.UNSPECIFIED.,.F.,.F.,.F.) B_SPLINE_SURFACE_WITH_KNOTS((4,4),(4,4),(
    0.E+000,1.),(0.E+000,1.),.PIECEWISE_BEZIER_KNOTS.) 
GEOMETRIC_REPRESENTATION_ITEM() RATIONAL_B_SPLINE_SURFACE((
    (1.,0.804737854124,0.804737854124,1.)
    ,(0.804737854124,0.647603013861,0.647603013861,0.804737854124)
    ,(0.804737854124,0.647603013861,0.647603013861,0.804737854124)
,(1.,0.804737854124,0.804737854124,1.
))) REPRESENTATION_ITEM('') SURFACE() );
#8183 = CARTESIAN_POINT('',(1.E-002,0.29,-0.3));
#8184 = CARTESIAN_POINT('',(1.E-002,0.295857864376,-0.3));
#8185 = CARTESIAN_POINT('',(1.E-002,0.3,-0.295857864376));
#8186 = CARTESIAN_POINT('',(1.E-002,0.3,-0.29));
#8187 = CARTESIAN_POINT('',(4.142135623731E-003,0.29,-0.3));
#8188 = CARTESIAN_POINT('',(4.142135623731E-003,0.295857864376,-0.3));
#8189 = CARTESIAN_POINT('',(4.142135623731E-003,0.3,-0.295857864376));
#8190 = CARTESIAN_POINT('',(4.142135623731E-003,0.3,-0.29));
#8191 = CARTESIAN_POINT('',(2.411447380332E-018,0.29,-0.295857864376));
#8192 = CARTESIAN_POINT('',(2.411447380332E-018,0.293431457505,
    -0.295857864376));
#8193 = CARTESIAN_POINT('',(2.411447380332E-018,0.295857864376,
    -0.293431457505));
#8194 = CARTESIAN_POINT('',(2.411447380332E-018,0.295857864376,-0.29));
#8195 = CARTESIAN_POINT('',(1.694065894509E-018,0.29,-0.29));
#8196 = CARTESIAN_POINT('',(1.694065894509E-018,0.29,-0.29));
#8197 = CARTESIAN_POINT('',(1.694065894509E-018,0.29,-0.29));
#8198 = CARTESIAN_POINT('',(1.694065894509E-018,0.29,-0.29));
#8199 = DEFINITIONAL_REPRESENTATION('',(#8200),#8226);
#8200 = B_SPLINE_CURVE_WITH_KNOTS('',3,(#8201,#8202,#8203,#8204,#8205,
    #8206,#8207,#8208,#8209,#8210,#8211,#8212,#8213,#8214,#8215,#8216,
    #8217,#8218,#8219,#8220,#8221,#8222,#8223,#8224,#8225),
  .UNSPECIFIED.,.F.,.F.,(4,1,1,1,1,1,1,1,1,1,1,1,1,1,1,1,1,1,1,1,1,1,4),
  (3.14159265359,3.212992486626,3.284392319662,3.355792152698,
    3.427191985734,3.49859181877,3.569991651807,3.641391484843,
    3.712791317879,3.784191150915,3.855590983951,3.926990816987,
    3.998390650023,4.06979048306,4.141190316096,4.212590149132,
    4.283989982168,4.355389815204,4.42678964824,4.498189481276,
    4.569589314312,4.640989147349,4.712388980385),
  .QUASI_UNIFORM_KNOTS.);
#8201 = CARTESIAN_POINT('',(0.E+000,0.E+000));
#8202 = CARTESIAN_POINT('',(0.E+000,1.682780133706E-002));
#8203 = CARTESIAN_POINT('',(0.E+000,4.999070298881E-002));
#8204 = CARTESIAN_POINT('',(0.E+000,9.842552590405E-002));
#8205 = CARTESIAN_POINT('',(0.E+000,0.145724913075));
#8206 = CARTESIAN_POINT('',(0.E+000,0.192043637223));
#8207 = CARTESIAN_POINT('',(0.E+000,0.237526724423));
#8208 = CARTESIAN_POINT('',(0.E+000,0.282309422539));
#8209 = CARTESIAN_POINT('',(0.E+000,0.326519436214));
#8210 = CARTESIAN_POINT('',(0.E+000,0.370278310591));
#8211 = CARTESIAN_POINT('',(0.E+000,0.413702852292));
#8212 = CARTESIAN_POINT('',(0.E+000,0.456906394885));
#8213 = CARTESIAN_POINT('',(0.E+000,0.5));
#8214 = CARTESIAN_POINT('',(0.E+000,0.543093605115));
#8215 = CARTESIAN_POINT('',(0.E+000,0.586297147708));
#8216 = CARTESIAN_POINT('',(0.E+000,0.629721689409));
#8217 = CARTESIAN_POINT('',(0.E+000,0.673480563786));
#8218 = CARTESIAN_POINT('',(0.E+000,0.717690577461));
#8219 = CARTESIAN_POINT('',(0.E+000,0.762473275577));
#8220 = CARTESIAN_POINT('',(0.E+000,0.807956362777));
#8221 = CARTESIAN_POINT('',(0.E+000,0.854275086925));
#8222 = CARTESIAN_POINT('',(0.E+000,0.901574474096));
#8223 = CARTESIAN_POINT('',(0.E+000,0.950009297011));
#8224 = CARTESIAN_POINT('',(-0.E+000,0.983172198663));
#8225 = CARTESIAN_POINT('',(0.E+000,1.));
#8226 = ( GEOMETRIC_REPRESENTATION_CONTEXT(2) 
PARAMETRIC_REPRESENTATION_CONTEXT() REPRESENTATION_CONTEXT('2D SPACE',''
  ) );
#8227 = ORIENTED_EDGE('',*,*,#8228,.T.);
#8228 = EDGE_CURVE('',#8144,#6847,#8229,.T.);
#8229 = SURFACE_CURVE('',#8230,(#8234,#8240),.PCURVE_S1.);
#8230 = LINE('',#8231,#8232);
#8231 = CARTESIAN_POINT('',(9.035018104046E-019,0.3,-0.29));
#8232 = VECTOR('',#8233,1.);
#8233 = DIRECTION('',(1.,-0.E+000,-9.035018104046E-017));
#8234 = PCURVE('',#6863,#8235);
#8235 = DEFINITIONAL_REPRESENTATION('',(#8236),#8239);
#8236 = B_SPLINE_CURVE_WITH_KNOTS('',1,(#8237,#8238),.UNSPECIFIED.,.F.,
  .F.,(2,2),(1.E-002,0.15),.PIECEWISE_BEZIER_KNOTS.);
#8237 = CARTESIAN_POINT('',(1.570796326795,-1.E-002));
#8238 = CARTESIAN_POINT('',(1.570796326795,-0.15));
#8239 = ( GEOMETRIC_REPRESENTATION_CONTEXT(2) 
PARAMETRIC_REPRESENTATION_CONTEXT() REPRESENTATION_CONTEXT('2D SPACE',''
  ) );
#8240 = PCURVE('',#6890,#8241);
#8241 = DEFINITIONAL_REPRESENTATION('',(#8242),#8246);
#8242 = LINE('',#8243,#8244);
#8243 = CARTESIAN_POINT('',(-1.E-002,9.035018104046E-019));
#8244 = VECTOR('',#8245,1.);
#8245 = DIRECTION('',(9.035018104046E-017,1.));
#8246 = ( GEOMETRIC_REPRESENTATION_CONTEXT(2) 
PARAMETRIC_REPRESENTATION_CONTEXT() REPRESENTATION_CONTEXT('2D SPACE',''
  ) );
#8247 = ADVANCED_FACE('',(#8248),#6890,.F.);
#8248 = FACE_BOUND('',#8249,.T.);
#8249 = EDGE_LOOP('',(#8250,#8251,#8278,#8298));
#8250 = ORIENTED_EDGE('',*,*,#8228,.F.);
#8251 = ORIENTED_EDGE('',*,*,#8252,.F.);
#8252 = EDGE_CURVE('',#8253,#8144,#8255,.T.);
#8253 = VERTEX_POINT('',#8254);
#8254 = CARTESIAN_POINT('',(1.E-002,0.3,-1.E-002));
#8255 = SURFACE_CURVE('',#8256,(#8260,#8267),.PCURVE_S1.);
#8256 = LINE('',#8257,#8258);
#8257 = CARTESIAN_POINT('',(1.E-002,0.3,-0.3));
#8258 = VECTOR('',#8259,1.);
#8259 = DIRECTION('',(0.E+000,-0.E+000,-1.));
#8260 = PCURVE('',#6890,#8261);
#8261 = DEFINITIONAL_REPRESENTATION('',(#8262),#8266);
#8262 = LINE('',#8263,#8264);
#8263 = CARTESIAN_POINT('',(0.E+000,1.E-002));
#8264 = VECTOR('',#8265,1.);
#8265 = DIRECTION('',(1.,0.E+000));
#8266 = ( GEOMETRIC_REPRESENTATION_CONTEXT(2) 
PARAMETRIC_REPRESENTATION_CONTEXT() REPRESENTATION_CONTEXT('2D SPACE',''
  ) );
#8267 = PCURVE('',#8268,#8273);
#8268 = CYLINDRICAL_SURFACE('',#8269,1.E-002);
#8269 = AXIS2_PLACEMENT_3D('',#8270,#8271,#8272);
#8270 = CARTESIAN_POINT('',(1.E-002,0.29,-0.3));
#8271 = DIRECTION('',(0.E+000,0.E+000,1.));
#8272 = DIRECTION('',(1.,0.E+000,-0.E+000));
#8273 = DEFINITIONAL_REPRESENTATION('',(#8274),#8277);
#8274 = B_SPLINE_CURVE_WITH_KNOTS('',1,(#8275,#8276),.UNSPECIFIED.,.F.,
  .F.,(2,2),(-0.29,-1.E-002),.PIECEWISE_BEZIER_KNOTS.);
#8275 = CARTESIAN_POINT('',(1.570796326795,0.29));
#8276 = CARTESIAN_POINT('',(1.570796326795,1.E-002));
#8277 = ( GEOMETRIC_REPRESENTATION_CONTEXT(2) 
PARAMETRIC_REPRESENTATION_CONTEXT() REPRESENTATION_CONTEXT('2D SPACE',''
  ) );
#8278 = ORIENTED_EDGE('',*,*,#8279,.F.);
#8279 = EDGE_CURVE('',#6875,#8253,#8280,.T.);
#8280 = SURFACE_CURVE('',#8281,(#8285,#8292),.PCURVE_S1.);
#8281 = LINE('',#8282,#8283);
#8282 = CARTESIAN_POINT('',(0.E+000,0.3,-1.E-002));
#8283 = VECTOR('',#8284,1.);
#8284 = DIRECTION('',(-1.,-0.E+000,-0.E+000));
#8285 = PCURVE('',#6890,#8286);
#8286 = DEFINITIONAL_REPRESENTATION('',(#8287),#8291);
#8287 = LINE('',#8288,#8289);
#8288 = CARTESIAN_POINT('',(-0.29,0.E+000));
#8289 = VECTOR('',#8290,1.);
#8290 = DIRECTION('',(0.E+000,-1.));
#8291 = ( GEOMETRIC_REPRESENTATION_CONTEXT(2) 
PARAMETRIC_REPRESENTATION_CONTEXT() REPRESENTATION_CONTEXT('2D SPACE',''
  ) );
#8292 = PCURVE('',#6919,#8293);
#8293 = DEFINITIONAL_REPRESENTATION('',(#8294),#8297);
#8294 = B_SPLINE_CURVE_WITH_KNOTS('',1,(#8295,#8296),.UNSPECIFIED.,.F.,
  .F.,(2,2),(-0.15,-1.E-002),.PIECEWISE_BEZIER_KNOTS.);
#8295 = CARTESIAN_POINT('',(1.570796326795,0.15));
#8296 = CARTESIAN_POINT('',(1.570796326795,1.E-002));
#8297 = ( GEOMETRIC_REPRESENTATION_CONTEXT(2) 
PARAMETRIC_REPRESENTATION_CONTEXT() REPRESENTATION_CONTEXT('2D SPACE',''
  ) );
#8298 = ORIENTED_EDGE('',*,*,#6874,.T.);
#8299 = ADVANCED_FACE('',(#8300),#6919,.T.);
#8300 = FACE_BOUND('',#8301,.T.);
#8301 = EDGE_LOOP('',(#8302,#8362,#8363,#8364));
#8302 = ORIENTED_EDGE('',*,*,#8303,.T.);
#8303 = EDGE_CURVE('',#8253,#7791,#8304,.T.);
#8304 = SURFACE_CURVE('',#8305,(#8310,#8316),.PCURVE_S1.);
#8305 = CIRCLE('',#8306,1.E-002);
#8306 = AXIS2_PLACEMENT_3D('',#8307,#8308,#8309);
#8307 = CARTESIAN_POINT('',(1.E-002,0.29,-1.E-002));
#8308 = DIRECTION('',(1.,0.E+000,0.E+000));
#8309 = DIRECTION('',(0.E+000,0.E+000,-1.));
#8310 = PCURVE('',#6919,#8311);
#8311 = DEFINITIONAL_REPRESENTATION('',(#8312),#8315);
#8312 = B_SPLINE_CURVE_WITH_KNOTS('',1,(#8313,#8314),.UNSPECIFIED.,.F.,
  .F.,(2,2),(1.570796326795,3.14159265359),.PIECEWISE_BEZIER_KNOTS.);
#8313 = CARTESIAN_POINT('',(1.570796326795,1.E-002));
#8314 = CARTESIAN_POINT('',(3.14159265359,1.E-002));
#8315 = ( GEOMETRIC_REPRESENTATION_CONTEXT(2) 
PARAMETRIC_REPRESENTATION_CONTEXT() REPRESENTATION_CONTEXT('2D SPACE',''
  ) );
#8316 = PCURVE('',#8317,#8334);
#8317 = ( BOUNDED_SURFACE() B_SPLINE_SURFACE(3,3,(
    (#8318,#8319,#8320,#8321)
    ,(#8322,#8323,#8324,#8325)
    ,(#8326,#8327,#8328,#8329)
    ,(#8330,#8331,#8332,#8333
)),.UNSPECIFIED.,.F.,.F.,.F.) B_SPLINE_SURFACE_WITH_KNOTS((4,4),(4,4),(
    0.E+000,1.),(0.E+000,1.),.PIECEWISE_BEZIER_KNOTS.) 
GEOMETRIC_REPRESENTATION_ITEM() RATIONAL_B_SPLINE_SURFACE((
    (1.,0.804737854124,0.804737854124,1.)
    ,(0.804737854124,0.647603013861,0.647603013861,0.804737854124)
    ,(0.804737854124,0.647603013861,0.647603013861,0.804737854124)
,(1.,0.804737854124,0.804737854124,1.
))) REPRESENTATION_ITEM('') SURFACE() );
#8318 = CARTESIAN_POINT('',(1.E-002,0.3,-1.E-002));
#8319 = CARTESIAN_POINT('',(1.E-002,0.3,-4.142135623731E-003));
#8320 = CARTESIAN_POINT('',(1.E-002,0.295857864376,-2.245456220989E-017)
  );
#8321 = CARTESIAN_POINT('',(1.E-002,0.29,-5.421010862428E-017));
#8322 = CARTESIAN_POINT('',(4.142135623731E-003,0.3,-1.E-002));
#8323 = CARTESIAN_POINT('',(4.142135623731E-003,0.3,-4.142135623731E-003
    ));
#8324 = CARTESIAN_POINT('',(4.142135623731E-003,0.295857864376,
    -2.245456220989E-017));
#8325 = CARTESIAN_POINT('',(4.142135623731E-003,0.29,
    -5.421010862428E-017));
#8326 = CARTESIAN_POINT('',(3.362841972753E-017,0.295857864376,-1.E-002)
  );
#8327 = CARTESIAN_POINT('',(3.362841972753E-017,0.295857864376,
    -6.568542494924E-003));
#8328 = CARTESIAN_POINT('',(3.362841972753E-017,0.293431457505,
    -4.142135623731E-003));
#8329 = CARTESIAN_POINT('',(3.362841972753E-017,0.29,
    -4.142135623731E-003));
#8330 = CARTESIAN_POINT('',(1.694065894509E-018,0.29,-1.E-002));
#8331 = CARTESIAN_POINT('',(1.694065894509E-018,0.29,-1.E-002));
#8332 = CARTESIAN_POINT('',(1.694065894509E-018,0.29,-1.E-002));
#8333 = CARTESIAN_POINT('',(1.694065894509E-018,0.29,-1.E-002));
#8334 = DEFINITIONAL_REPRESENTATION('',(#8335),#8361);
#8335 = B_SPLINE_CURVE_WITH_KNOTS('',3,(#8336,#8337,#8338,#8339,#8340,
    #8341,#8342,#8343,#8344,#8345,#8346,#8347,#8348,#8349,#8350,#8351,
    #8352,#8353,#8354,#8355,#8356,#8357,#8358,#8359,#8360),
  .UNSPECIFIED.,.F.,.F.,(4,1,1,1,1,1,1,1,1,1,1,1,1,1,1,1,1,1,1,1,1,1,4),
  (1.570796326795,1.642196159831,1.713595992867,1.784995825903,
    1.856395658939,1.927795491976,1.999195325012,2.070595158048,
    2.141994991084,2.21339482412,2.284794657156,2.356194490192,
    2.427594323228,2.498994156265,2.570393989301,2.641793822337,
    2.713193655373,2.784593488409,2.855993321445,2.927393154481,
    2.998792987518,3.070192820554,3.14159265359),.QUASI_UNIFORM_KNOTS.);
#8336 = CARTESIAN_POINT('',(0.E+000,0.E+000));
#8337 = CARTESIAN_POINT('',(0.E+000,1.682780133706E-002));
#8338 = CARTESIAN_POINT('',(0.E+000,4.999070298881E-002));
#8339 = CARTESIAN_POINT('',(0.E+000,9.842552590405E-002));
#8340 = CARTESIAN_POINT('',(0.E+000,0.145724913075));
#8341 = CARTESIAN_POINT('',(0.E+000,0.192043637223));
#8342 = CARTESIAN_POINT('',(0.E+000,0.237526724423));
#8343 = CARTESIAN_POINT('',(0.E+000,0.282309422539));
#8344 = CARTESIAN_POINT('',(0.E+000,0.326519436214));
#8345 = CARTESIAN_POINT('',(0.E+000,0.370278310591));
#8346 = CARTESIAN_POINT('',(0.E+000,0.413702852292));
#8347 = CARTESIAN_POINT('',(0.E+000,0.456906394885));
#8348 = CARTESIAN_POINT('',(0.E+000,0.5));
#8349 = CARTESIAN_POINT('',(0.E+000,0.543093605115));
#8350 = CARTESIAN_POINT('',(0.E+000,0.586297147708));
#8351 = CARTESIAN_POINT('',(0.E+000,0.629721689409));
#8352 = CARTESIAN_POINT('',(0.E+000,0.673480563786));
#8353 = CARTESIAN_POINT('',(0.E+000,0.717690577461));
#8354 = CARTESIAN_POINT('',(0.E+000,0.762473275577));
#8355 = CARTESIAN_POINT('',(0.E+000,0.807956362777));
#8356 = CARTESIAN_POINT('',(0.E+000,0.854275086925));
#8357 = CARTESIAN_POINT('',(0.E+000,0.901574474096));
#8358 = CARTESIAN_POINT('',(0.E+000,0.950009297011));
#8359 = CARTESIAN_POINT('',(-0.E+000,0.983172198663));
#8360 = CARTESIAN_POINT('',(0.E+000,1.));
#8361 = ( GEOMETRIC_REPRESENTATION_CONTEXT(2) 
PARAMETRIC_REPRESENTATION_CONTEXT() REPRESENTATION_CONTEXT('2D SPACE',''
  ) );
#8362 = ORIENTED_EDGE('',*,*,#7790,.T.);
#8363 = ORIENTED_EDGE('',*,*,#6902,.T.);
#8364 = ORIENTED_EDGE('',*,*,#8279,.T.);
#8365 = ADVANCED_FACE('',(#8366),#7024,.T.);
#8366 = FACE_BOUND('',#8367,.T.);
#8367 = EDGE_LOOP('',(#8368,#8436,#8437,#8482));
#8368 = ORIENTED_EDGE('',*,*,#8369,.T.);
#8369 = EDGE_CURVE('',#8370,#7009,#8372,.T.);
#8370 = VERTEX_POINT('',#8371);
#8371 = CARTESIAN_POINT('',(0.6,1.E-002,-1.E-002));
#8372 = SURFACE_CURVE('',#8373,(#8378,#8407),.PCURVE_S1.);
#8373 = CIRCLE('',#8374,1.E-002);
#8374 = AXIS2_PLACEMENT_3D('',#8375,#8376,#8377);
#8375 = CARTESIAN_POINT('',(0.59,1.E-002,-1.E-002));
#8376 = DIRECTION('',(3.614007241618E-016,0.E+000,-1.));
#8377 = DIRECTION('',(1.,0.E+000,3.614007241618E-016));
#8378 = PCURVE('',#7024,#8379);
#8379 = DEFINITIONAL_REPRESENTATION('',(#8380),#8406);
#8380 = B_SPLINE_CURVE_WITH_KNOTS('',3,(#8381,#8382,#8383,#8384,#8385,
    #8386,#8387,#8388,#8389,#8390,#8391,#8392,#8393,#8394,#8395,#8396,
    #8397,#8398,#8399,#8400,#8401,#8402,#8403,#8404,#8405),
  .UNSPECIFIED.,.F.,.F.,(4,1,1,1,1,1,1,1,1,1,1,1,1,1,1,1,1,1,1,1,1,1,4),
  (0.E+000,7.139983303613E-002,0.142799666072,0.214199499108,
    0.285599332145,0.356999165181,0.428398998217,0.499798831253,
    0.571198664289,0.642598497325,0.713998330361,0.785398163397,
    0.856797996434,0.92819782947,0.999597662506,1.070997495542,
    1.142397328578,1.213797161614,1.28519699465,1.356596827687,
    1.427996660723,1.499396493759,1.570796326795),
  .QUASI_UNIFORM_KNOTS.);
#8381 = CARTESIAN_POINT('',(6.28318530718,-1.E-002));
#8382 = CARTESIAN_POINT('',(6.259385362834,-1.E-002));
#8383 = CARTESIAN_POINT('',(6.211785474143,-1.E-002));
#8384 = CARTESIAN_POINT('',(6.140385641107,-1.E-002));
#8385 = CARTESIAN_POINT('',(6.068985808071,-1.E-002));
#8386 = CARTESIAN_POINT('',(5.997585975035,-1.E-002));
#8387 = CARTESIAN_POINT('',(5.926186141999,-1.E-002));
#8388 = CARTESIAN_POINT('',(5.854786308963,-1.E-002));
#8389 = CARTESIAN_POINT('',(5.783386475927,-1.E-002));
#8390 = CARTESIAN_POINT('',(5.711986642891,-1.E-002));
#8391 = CARTESIAN_POINT('',(5.640586809854,-1.E-002));
#8392 = CARTESIAN_POINT('',(5.569186976818,-1.E-002));
#8393 = CARTESIAN_POINT('',(5.497787143782,-1.E-002));
#8394 = CARTESIAN_POINT('',(5.426387310746,-1.E-002));
#8395 = CARTESIAN_POINT('',(5.35498747771,-1.E-002));
#8396 = CARTESIAN_POINT('',(5.283587644674,-1.E-002));
#8397 = CARTESIAN_POINT('',(5.212187811638,-1.E-002));
#8398 = CARTESIAN_POINT('',(5.140787978601,-1.E-002));
#8399 = CARTESIAN_POINT('',(5.069388145565,-1.E-002));
#8400 = CARTESIAN_POINT('',(4.997988312529,-1.E-002));
#8401 = CARTESIAN_POINT('',(4.926588479493,-1.E-002));
#8402 = CARTESIAN_POINT('',(4.855188646457,-1.E-002));
#8403 = CARTESIAN_POINT('',(4.783788813421,-1.E-002));
#8404 = CARTESIAN_POINT('',(4.73618892473,-1.E-002));
#8405 = CARTESIAN_POINT('',(4.712388980385,-1.E-002));
#8406 = ( GEOMETRIC_REPRESENTATION_CONTEXT(2) 
PARAMETRIC_REPRESENTATION_CONTEXT() REPRESENTATION_CONTEXT('2D SPACE',''
  ) );
#8407 = PCURVE('',#7097,#8408);
#8408 = DEFINITIONAL_REPRESENTATION('',(#8409),#8435);
#8409 = B_SPLINE_CURVE_WITH_KNOTS('',3,(#8410,#8411,#8412,#8413,#8414,
    #8415,#8416,#8417,#8418,#8419,#8420,#8421,#8422,#8423,#8424,#8425,
    #8426,#8427,#8428,#8429,#8430,#8431,#8432,#8433,#8434),
  .UNSPECIFIED.,.F.,.F.,(4,1,1,1,1,1,1,1,1,1,1,1,1,1,1,1,1,1,1,1,1,1,4),
  (0.E+000,7.139983303613E-002,0.142799666072,0.214199499108,
    0.285599332145,0.356999165181,0.428398998217,0.499798831253,
    0.571198664289,0.642598497325,0.713998330361,0.785398163397,
    0.856797996434,0.92819782947,0.999597662506,1.070997495542,
    1.142397328578,1.213797161614,1.28519699465,1.356596827687,
    1.427996660723,1.499396493759,1.570796326795),
  .QUASI_UNIFORM_KNOTS.);
#8410 = CARTESIAN_POINT('',(0.E+000,1.));
#8411 = CARTESIAN_POINT('',(1.682780133705E-002,1.));
#8412 = CARTESIAN_POINT('',(4.999070298881E-002,1.));
#8413 = CARTESIAN_POINT('',(9.842552590405E-002,1.));
#8414 = CARTESIAN_POINT('',(0.145724913075,1.));
#8415 = CARTESIAN_POINT('',(0.192043637223,1.));
#8416 = CARTESIAN_POINT('',(0.237526724423,1.));
#8417 = CARTESIAN_POINT('',(0.282309422539,1.));
#8418 = CARTESIAN_POINT('',(0.326519436214,1.));
#8419 = CARTESIAN_POINT('',(0.370278310591,1.));
#8420 = CARTESIAN_POINT('',(0.413702852292,1.));
#8421 = CARTESIAN_POINT('',(0.456906394885,1.));
#8422 = CARTESIAN_POINT('',(0.5,1.));
#8423 = CARTESIAN_POINT('',(0.543093605115,1.));
#8424 = CARTESIAN_POINT('',(0.586297147708,1.));
#8425 = CARTESIAN_POINT('',(0.629721689409,1.));
#8426 = CARTESIAN_POINT('',(0.673480563786,1.));
#8427 = CARTESIAN_POINT('',(0.717690577461,1.));
#8428 = CARTESIAN_POINT('',(0.762473275577,1.));
#8429 = CARTESIAN_POINT('',(0.807956362777,1.));
#8430 = CARTESIAN_POINT('',(0.854275086925,1.));
#8431 = CARTESIAN_POINT('',(0.901574474096,1.));
#8432 = CARTESIAN_POINT('',(0.950009297011,1.));
#8433 = CARTESIAN_POINT('',(0.983172198663,1.));
#8434 = CARTESIAN_POINT('',(1.,1.));
#8435 = ( GEOMETRIC_REPRESENTATION_CONTEXT(2) 
PARAMETRIC_REPRESENTATION_CONTEXT() REPRESENTATION_CONTEXT('2D SPACE',''
  ) );
#8436 = ORIENTED_EDGE('',*,*,#7008,.F.);
#8437 = ORIENTED_EDGE('',*,*,#8438,.T.);
#8438 = EDGE_CURVE('',#6987,#8439,#8441,.T.);
#8439 = VERTEX_POINT('',#8440);
#8440 = CARTESIAN_POINT('',(0.6,1.E-002,-0.29));
#8441 = SURFACE_CURVE('',#8442,(#8447,#8453),.PCURVE_S1.);
#8442 = CIRCLE('',#8443,1.E-002);
#8443 = AXIS2_PLACEMENT_3D('',#8444,#8445,#8446);
#8444 = CARTESIAN_POINT('',(0.59,1.E-002,-0.29));
#8445 = DIRECTION('',(-3.614007241618E-016,0.E+000,1.));
#8446 = DIRECTION('',(1.,0.E+000,3.614007241618E-016));
#8447 = PCURVE('',#7024,#8448);
#8448 = DEFINITIONAL_REPRESENTATION('',(#8449),#8452);
#8449 = B_SPLINE_CURVE_WITH_KNOTS('',1,(#8450,#8451),.UNSPECIFIED.,.F.,
  .F.,(2,2),(4.712388980385,6.28318530718),.PIECEWISE_BEZIER_KNOTS.);
#8450 = CARTESIAN_POINT('',(4.712388980385,-0.29));
#8451 = CARTESIAN_POINT('',(6.28318530718,-0.29));
#8452 = ( GEOMETRIC_REPRESENTATION_CONTEXT(2) 
PARAMETRIC_REPRESENTATION_CONTEXT() REPRESENTATION_CONTEXT('2D SPACE',''
  ) );
#8453 = PCURVE('',#7535,#8454);
#8454 = DEFINITIONAL_REPRESENTATION('',(#8455),#8481);
#8455 = B_SPLINE_CURVE_WITH_KNOTS('',3,(#8456,#8457,#8458,#8459,#8460,
    #8461,#8462,#8463,#8464,#8465,#8466,#8467,#8468,#8469,#8470,#8471,
    #8472,#8473,#8474,#8475,#8476,#8477,#8478,#8479,#8480),
  .UNSPECIFIED.,.F.,.F.,(4,1,1,1,1,1,1,1,1,1,1,1,1,1,1,1,1,1,1,1,1,1,4),
  (4.712388980385,4.783788813421,4.855188646457,4.926588479493,
    4.997988312529,5.069388145565,5.140787978601,5.212187811638,
    5.283587644674,5.35498747771,5.426387310746,5.497787143782,
    5.569186976818,5.640586809854,5.711986642891,5.783386475927,
    5.854786308963,5.926186141999,5.997585975035,6.068985808071,
    6.140385641107,6.211785474143,6.28318530718),.QUASI_UNIFORM_KNOTS.);
#8456 = CARTESIAN_POINT('',(1.,0.E+000));
#8457 = CARTESIAN_POINT('',(0.983172198663,0.E+000));
#8458 = CARTESIAN_POINT('',(0.950009297011,0.E+000));
#8459 = CARTESIAN_POINT('',(0.901574474096,0.E+000));
#8460 = CARTESIAN_POINT('',(0.854275086925,0.E+000));
#8461 = CARTESIAN_POINT('',(0.807956362777,0.E+000));
#8462 = CARTESIAN_POINT('',(0.762473275577,0.E+000));
#8463 = CARTESIAN_POINT('',(0.717690577461,0.E+000));
#8464 = CARTESIAN_POINT('',(0.673480563786,0.E+000));
#8465 = CARTESIAN_POINT('',(0.629721689409,0.E+000));
#8466 = CARTESIAN_POINT('',(0.586297147708,0.E+000));
#8467 = CARTESIAN_POINT('',(0.543093605115,0.E+000));
#8468 = CARTESIAN_POINT('',(0.5,0.E+000));
#8469 = CARTESIAN_POINT('',(0.456906394885,0.E+000));
#8470 = CARTESIAN_POINT('',(0.413702852292,0.E+000));
#8471 = CARTESIAN_POINT('',(0.370278310591,0.E+000));
#8472 = CARTESIAN_POINT('',(0.326519436214,0.E+000));
#8473 = CARTESIAN_POINT('',(0.282309422539,0.E+000));
#8474 = CARTESIAN_POINT('',(0.237526724423,0.E+000));
#8475 = CARTESIAN_POINT('',(0.192043637223,0.E+000));
#8476 = CARTESIAN_POINT('',(0.145724913075,0.E+000));
#8477 = CARTESIAN_POINT('',(9.842552590405E-002,0.E+000));
#8478 = CARTESIAN_POINT('',(4.999070298881E-002,0.E+000));
#8479 = CARTESIAN_POINT('',(1.682780133705E-002,-0.E+000));
#8480 = CARTESIAN_POINT('',(0.E+000,0.E+000));
#8481 = ( GEOMETRIC_REPRESENTATION_CONTEXT(2) 
PARAMETRIC_REPRESENTATION_CONTEXT() REPRESENTATION_CONTEXT('2D SPACE',''
  ) );
#8482 = ORIENTED_EDGE('',*,*,#8483,.T.);
#8483 = EDGE_CURVE('',#8439,#8370,#8484,.T.);
#8484 = SURFACE_CURVE('',#8485,(#8489,#8495),.PCURVE_S1.);
#8485 = LINE('',#8486,#8487);
#8486 = CARTESIAN_POINT('',(0.6,1.E-002,9.780112998841E-033));
#8487 = VECTOR('',#8488,1.);
#8488 = DIRECTION('',(-3.614007241618E-016,0.E+000,1.));
#8489 = PCURVE('',#7024,#8490);
#8490 = DEFINITIONAL_REPRESENTATION('',(#8491),#8494);
#8491 = B_SPLINE_CURVE_WITH_KNOTS('',1,(#8492,#8493),.UNSPECIFIED.,.F.,
  .F.,(2,2),(-0.29,-1.E-002),.PIECEWISE_BEZIER_KNOTS.);
#8492 = CARTESIAN_POINT('',(6.28318530718,-0.29));
#8493 = CARTESIAN_POINT('',(6.28318530718,-1.E-002));
#8494 = ( GEOMETRIC_REPRESENTATION_CONTEXT(2) 
PARAMETRIC_REPRESENTATION_CONTEXT() REPRESENTATION_CONTEXT('2D SPACE',''
  ) );
#8495 = PCURVE('',#8496,#8501);
#8496 = PLANE('',#8497);
#8497 = AXIS2_PLACEMENT_3D('',#8498,#8499,#8500);
#8498 = CARTESIAN_POINT('',(0.6,0.3,0.E+000));
#8499 = DIRECTION('',(-1.,0.E+000,-3.614007241618E-016));
#8500 = DIRECTION('',(-3.614007241618E-016,0.E+000,1.));
#8501 = DEFINITIONAL_REPRESENTATION('',(#8502),#8506);
#8502 = LINE('',#8503,#8504);
#8503 = CARTESIAN_POINT('',(-3.034342750923E-032,-0.29));
#8504 = VECTOR('',#8505,1.);
#8505 = DIRECTION('',(1.,0.E+000));
#8506 = ( GEOMETRIC_REPRESENTATION_CONTEXT(2) 
PARAMETRIC_REPRESENTATION_CONTEXT() REPRESENTATION_CONTEXT('2D SPACE',''
  ) );
#8507 = ADVANCED_FACE('',(#8508),#7097,.T.);
#8508 = FACE_BOUND('',#8509,.T.);
#8509 = EDGE_LOOP('',(#8510,#8576,#8577));
#8510 = ORIENTED_EDGE('',*,*,#8511,.T.);
#8511 = EDGE_CURVE('',#8370,#7082,#8512,.T.);
#8512 = SURFACE_CURVE('',#8513,(#8518,#8547),.PCURVE_S1.);
#8513 = CIRCLE('',#8514,1.E-002);
#8514 = AXIS2_PLACEMENT_3D('',#8515,#8516,#8517);
#8515 = CARTESIAN_POINT('',(0.59,1.E-002,-1.E-002));
#8516 = DIRECTION('',(0.E+000,-1.,3.145376252538E-013));
#8517 = DIRECTION('',(1.,0.E+000,0.E+000));
#8518 = PCURVE('',#7097,#8519);
#8519 = DEFINITIONAL_REPRESENTATION('',(#8520),#8546);
#8520 = B_SPLINE_CURVE_WITH_KNOTS('',3,(#8521,#8522,#8523,#8524,#8525,
    #8526,#8527,#8528,#8529,#8530,#8531,#8532,#8533,#8534,#8535,#8536,
    #8537,#8538,#8539,#8540,#8541,#8542,#8543,#8544,#8545),
  .UNSPECIFIED.,.F.,.F.,(4,1,1,1,1,1,1,1,1,1,1,1,1,1,1,1,1,1,1,1,1,1,4),
  (0.E+000,7.139983303613E-002,0.142799666072,0.214199499108,
    0.285599332145,0.356999165181,0.428398998217,0.499798831253,
    0.571198664289,0.642598497325,0.713998330361,0.785398163397,
    0.856797996434,0.92819782947,0.999597662506,1.070997495542,
    1.142397328578,1.213797161614,1.28519699465,1.356596827687,
    1.427996660723,1.499396493759,1.570796326795),
  .QUASI_UNIFORM_KNOTS.);
#8521 = CARTESIAN_POINT('',(0.E+000,0.E+000));
#8522 = CARTESIAN_POINT('',(1.682780133705E-002,0.E+000));
#8523 = CARTESIAN_POINT('',(4.999070298881E-002,0.E+000));
#8524 = CARTESIAN_POINT('',(9.842552590405E-002,0.E+000));
#8525 = CARTESIAN_POINT('',(0.145724913075,0.E+000));
#8526 = CARTESIAN_POINT('',(0.192043637223,0.E+000));
#8527 = CARTESIAN_POINT('',(0.237526724423,0.E+000));
#8528 = CARTESIAN_POINT('',(0.282309422539,0.E+000));
#8529 = CARTESIAN_POINT('',(0.326519436214,0.E+000));
#8530 = CARTESIAN_POINT('',(0.370278310591,0.E+000));
#8531 = CARTESIAN_POINT('',(0.413702852292,0.E+000));
#8532 = CARTESIAN_POINT('',(0.456906394885,0.E+000));
#8533 = CARTESIAN_POINT('',(0.5,0.E+000));
#8534 = CARTESIAN_POINT('',(0.543093605115,0.E+000));
#8535 = CARTESIAN_POINT('',(0.586297147708,0.E+000));
#8536 = CARTESIAN_POINT('',(0.629721689409,0.E+000));
#8537 = CARTESIAN_POINT('',(0.673480563786,0.E+000));
#8538 = CARTESIAN_POINT('',(0.717690577461,0.E+000));
#8539 = CARTESIAN_POINT('',(0.762473275577,0.E+000));
#8540 = CARTESIAN_POINT('',(0.807956362777,0.E+000));
#8541 = CARTESIAN_POINT('',(0.854275086925,0.E+000));
#8542 = CARTESIAN_POINT('',(0.901574474096,0.E+000));
#8543 = CARTESIAN_POINT('',(0.950009297011,0.E+000));
#8544 = CARTESIAN_POINT('',(0.983172198663,-0.E+000));
#8545 = CARTESIAN_POINT('',(1.,0.E+000));
#8546 = ( GEOMETRIC_REPRESENTATION_CONTEXT(2) 
PARAMETRIC_REPRESENTATION_CONTEXT() REPRESENTATION_CONTEXT('2D SPACE',''
  ) );
#8547 = PCURVE('',#7185,#8548);
#8548 = DEFINITIONAL_REPRESENTATION('',(#8549),#8575);
#8549 = B_SPLINE_CURVE_WITH_KNOTS('',3,(#8550,#8551,#8552,#8553,#8554,
    #8555,#8556,#8557,#8558,#8559,#8560,#8561,#8562,#8563,#8564,#8565,
    #8566,#8567,#8568,#8569,#8570,#8571,#8572,#8573,#8574),
  .UNSPECIFIED.,.F.,.F.,(4,1,1,1,1,1,1,1,1,1,1,1,1,1,1,1,1,1,1,1,1,1,4),
  (0.E+000,7.139983303613E-002,0.142799666072,0.214199499108,
    0.285599332145,0.356999165181,0.428398998217,0.499798831253,
    0.571198664289,0.642598497325,0.713998330361,0.785398163397,
    0.856797996434,0.92819782947,0.999597662506,1.070997495542,
    1.142397328578,1.213797161614,1.28519699465,1.356596827687,
    1.427996660723,1.499396493759,1.570796326795),
  .QUASI_UNIFORM_KNOTS.);
#8550 = CARTESIAN_POINT('',(1.570796326795,0.29));
#8551 = CARTESIAN_POINT('',(1.59459627114,0.29));
#8552 = CARTESIAN_POINT('',(1.642196159831,0.29));
#8553 = CARTESIAN_POINT('',(1.713595992867,0.29));
#8554 = CARTESIAN_POINT('',(1.784995825903,0.29));
#8555 = CARTESIAN_POINT('',(1.856395658939,0.29));
#8556 = CARTESIAN_POINT('',(1.927795491976,0.29));
#8557 = CARTESIAN_POINT('',(1.999195325012,0.29));
#8558 = CARTESIAN_POINT('',(2.070595158048,0.29));
#8559 = CARTESIAN_POINT('',(2.141994991084,0.29));
#8560 = CARTESIAN_POINT('',(2.21339482412,0.29));
#8561 = CARTESIAN_POINT('',(2.284794657156,0.29));
#8562 = CARTESIAN_POINT('',(2.356194490192,0.29));
#8563 = CARTESIAN_POINT('',(2.427594323228,0.29));
#8564 = CARTESIAN_POINT('',(2.498994156265,0.29));
#8565 = CARTESIAN_POINT('',(2.570393989301,0.29));
#8566 = CARTESIAN_POINT('',(2.641793822337,0.29));
#8567 = CARTESIAN_POINT('',(2.713193655373,0.29));
#8568 = CARTESIAN_POINT('',(2.784593488409,0.29));
#8569 = CARTESIAN_POINT('',(2.855993321445,0.29));
#8570 = CARTESIAN_POINT('',(2.927393154481,0.29));
#8571 = CARTESIAN_POINT('',(2.998792987518,0.29));
#8572 = CARTESIAN_POINT('',(3.070192820554,0.29));
#8573 = CARTESIAN_POINT('',(3.117792709244,0.29));
#8574 = CARTESIAN_POINT('',(3.14159265359,0.29));
#8575 = ( GEOMETRIC_REPRESENTATION_CONTEXT(2) 
PARAMETRIC_REPRESENTATION_CONTEXT() REPRESENTATION_CONTEXT('2D SPACE',''
  ) );
#8576 = ORIENTED_EDGE('',*,*,#7081,.F.);
#8577 = ORIENTED_EDGE('',*,*,#8369,.F.);
#8578 = ADVANCED_FACE('',(#8579),#7185,.T.);
#8579 = FACE_BOUND('',#8580,.T.);
#8580 = EDGE_LOOP('',(#8581,#8582,#8604,#8647));
#8581 = ORIENTED_EDGE('',*,*,#8511,.F.);
#8582 = ORIENTED_EDGE('',*,*,#8583,.T.);
#8583 = EDGE_CURVE('',#8370,#8584,#8586,.T.);
#8584 = VERTEX_POINT('',#8585);
#8585 = CARTESIAN_POINT('',(0.6,0.29,-1.E-002));
#8586 = SURFACE_CURVE('',#8587,(#8591,#8597),.PCURVE_S1.);
#8587 = LINE('',#8588,#8589);
#8588 = CARTESIAN_POINT('',(0.6,0.3,-1.E-002));
#8589 = VECTOR('',#8590,1.);
#8590 = DIRECTION('',(-0.E+000,1.,-0.E+000));
#8591 = PCURVE('',#7185,#8592);
#8592 = DEFINITIONAL_REPRESENTATION('',(#8593),#8596);
#8593 = B_SPLINE_CURVE_WITH_KNOTS('',1,(#8594,#8595),.UNSPECIFIED.,.F.,
  .F.,(2,2),(-0.29,-1.E-002),.PIECEWISE_BEZIER_KNOTS.);
#8594 = CARTESIAN_POINT('',(1.570796326795,0.29));
#8595 = CARTESIAN_POINT('',(1.570796326795,1.E-002));
#8596 = ( GEOMETRIC_REPRESENTATION_CONTEXT(2) 
PARAMETRIC_REPRESENTATION_CONTEXT() REPRESENTATION_CONTEXT('2D SPACE',''
  ) );
#8597 = PCURVE('',#8496,#8598);
#8598 = DEFINITIONAL_REPRESENTATION('',(#8599),#8603);
#8599 = LINE('',#8600,#8601);
#8600 = CARTESIAN_POINT('',(-1.E-002,0.E+000));
#8601 = VECTOR('',#8602,1.);
#8602 = DIRECTION('',(0.E+000,1.));
#8603 = ( GEOMETRIC_REPRESENTATION_CONTEXT(2) 
PARAMETRIC_REPRESENTATION_CONTEXT() REPRESENTATION_CONTEXT('2D SPACE',''
  ) );
#8604 = ORIENTED_EDGE('',*,*,#8605,.T.);
#8605 = EDGE_CURVE('',#8584,#7170,#8606,.T.);
#8606 = SURFACE_CURVE('',#8607,(#8612,#8618),.PCURVE_S1.);
#8607 = CIRCLE('',#8608,1.E-002);
#8608 = AXIS2_PLACEMENT_3D('',#8609,#8610,#8611);
#8609 = CARTESIAN_POINT('',(0.59,0.29,-1.E-002));
#8610 = DIRECTION('',(0.E+000,-1.,0.E+000));
#8611 = DIRECTION('',(0.E+000,0.E+000,-1.));
#8612 = PCURVE('',#7185,#8613);
#8613 = DEFINITIONAL_REPRESENTATION('',(#8614),#8617);
#8614 = B_SPLINE_CURVE_WITH_KNOTS('',1,(#8615,#8616),.UNSPECIFIED.,.F.,
  .F.,(2,2),(1.570796326795,3.14159265359),.PIECEWISE_BEZIER_KNOTS.);
#8615 = CARTESIAN_POINT('',(1.570796326795,1.E-002));
#8616 = CARTESIAN_POINT('',(3.14159265359,1.E-002));
#8617 = ( GEOMETRIC_REPRESENTATION_CONTEXT(2) 
PARAMETRIC_REPRESENTATION_CONTEXT() REPRESENTATION_CONTEXT('2D SPACE',''
  ) );
#8618 = PCURVE('',#7236,#8619);
#8619 = DEFINITIONAL_REPRESENTATION('',(#8620),#8646);
#8620 = B_SPLINE_CURVE_WITH_KNOTS('',3,(#8621,#8622,#8623,#8624,#8625,
    #8626,#8627,#8628,#8629,#8630,#8631,#8632,#8633,#8634,#8635,#8636,
    #8637,#8638,#8639,#8640,#8641,#8642,#8643,#8644,#8645),
  .UNSPECIFIED.,.F.,.F.,(4,1,1,1,1,1,1,1,1,1,1,1,1,1,1,1,1,1,1,1,1,1,4),
  (1.570796326795,1.642196159831,1.713595992867,1.784995825903,
    1.856395658939,1.927795491976,1.999195325012,2.070595158048,
    2.141994991084,2.21339482412,2.284794657156,2.356194490192,
    2.427594323228,2.498994156265,2.570393989301,2.641793822337,
    2.713193655373,2.784593488409,2.855993321445,2.927393154481,
    2.998792987518,3.070192820554,3.14159265359),.QUASI_UNIFORM_KNOTS.);
#8621 = CARTESIAN_POINT('',(0.E+000,1.));
#8622 = CARTESIAN_POINT('',(1.682780133706E-002,1.));
#8623 = CARTESIAN_POINT('',(4.999070298881E-002,1.));
#8624 = CARTESIAN_POINT('',(9.842552590405E-002,1.));
#8625 = CARTESIAN_POINT('',(0.145724913075,1.));
#8626 = CARTESIAN_POINT('',(0.192043637223,1.));
#8627 = CARTESIAN_POINT('',(0.237526724423,1.));
#8628 = CARTESIAN_POINT('',(0.282309422539,1.));
#8629 = CARTESIAN_POINT('',(0.326519436214,1.));
#8630 = CARTESIAN_POINT('',(0.370278310591,1.));
#8631 = CARTESIAN_POINT('',(0.413702852292,1.));
#8632 = CARTESIAN_POINT('',(0.456906394885,1.));
#8633 = CARTESIAN_POINT('',(0.5,1.));
#8634 = CARTESIAN_POINT('',(0.543093605115,1.));
#8635 = CARTESIAN_POINT('',(0.586297147708,1.));
#8636 = CARTESIAN_POINT('',(0.629721689409,1.));
#8637 = CARTESIAN_POINT('',(0.673480563786,1.));
#8638 = CARTESIAN_POINT('',(0.717690577461,1.));
#8639 = CARTESIAN_POINT('',(0.762473275577,1.));
#8640 = CARTESIAN_POINT('',(0.807956362777,1.));
#8641 = CARTESIAN_POINT('',(0.854275086925,1.));
#8642 = CARTESIAN_POINT('',(0.901574474096,1.));
#8643 = CARTESIAN_POINT('',(0.950009297011,1.));
#8644 = CARTESIAN_POINT('',(0.983172198663,1.));
#8645 = CARTESIAN_POINT('',(1.,1.));
#8646 = ( GEOMETRIC_REPRESENTATION_CONTEXT(2) 
PARAMETRIC_REPRESENTATION_CONTEXT() REPRESENTATION_CONTEXT('2D SPACE',''
  ) );
#8647 = ORIENTED_EDGE('',*,*,#7169,.T.);
#8648 = ADVANCED_FACE('',(#8649),#7236,.T.);
#8649 = FACE_BOUND('',#8650,.T.);
#8650 = EDGE_LOOP('',(#8651,#8652,#8653));
#8651 = ORIENTED_EDGE('',*,*,#7220,.F.);
#8652 = ORIENTED_EDGE('',*,*,#8605,.F.);
#8653 = ORIENTED_EDGE('',*,*,#8654,.T.);
#8654 = EDGE_CURVE('',#8584,#7221,#8655,.T.);
#8655 = SURFACE_CURVE('',#8656,(#8661,#8690),.PCURVE_S1.);
#8656 = CIRCLE('',#8657,1.E-002);
#8657 = AXIS2_PLACEMENT_3D('',#8658,#8659,#8660);
#8658 = CARTESIAN_POINT('',(0.59,0.29,-1.E-002));
#8659 = DIRECTION('',(0.E+000,-4.190519799087E-014,1.));
#8660 = DIRECTION('',(1.,0.E+000,0.E+000));
#8661 = PCURVE('',#7236,#8662);
#8662 = DEFINITIONAL_REPRESENTATION('',(#8663),#8689);
#8663 = B_SPLINE_CURVE_WITH_KNOTS('',3,(#8664,#8665,#8666,#8667,#8668,
    #8669,#8670,#8671,#8672,#8673,#8674,#8675,#8676,#8677,#8678,#8679,
    #8680,#8681,#8682,#8683,#8684,#8685,#8686,#8687,#8688),
  .UNSPECIFIED.,.F.,.F.,(4,1,1,1,1,1,1,1,1,1,1,1,1,1,1,1,1,1,1,1,1,1,4),
  (0.E+000,7.139983303613E-002,0.142799666072,0.214199499108,
    0.285599332145,0.356999165181,0.428398998217,0.499798831253,
    0.571198664289,0.642598497325,0.713998330361,0.785398163397,
    0.856797996434,0.92819782947,0.999597662506,1.070997495542,
    1.142397328578,1.213797161614,1.28519699465,1.356596827687,
    1.427996660723,1.499396493759,1.570796326795),
  .QUASI_UNIFORM_KNOTS.);
#8664 = CARTESIAN_POINT('',(0.E+000,0.E+000));
#8665 = CARTESIAN_POINT('',(1.682780133706E-002,0.E+000));
#8666 = CARTESIAN_POINT('',(4.999070298881E-002,0.E+000));
#8667 = CARTESIAN_POINT('',(9.842552590405E-002,0.E+000));
#8668 = CARTESIAN_POINT('',(0.145724913075,0.E+000));
#8669 = CARTESIAN_POINT('',(0.192043637223,0.E+000));
#8670 = CARTESIAN_POINT('',(0.237526724423,0.E+000));
#8671 = CARTESIAN_POINT('',(0.282309422539,0.E+000));
#8672 = CARTESIAN_POINT('',(0.326519436214,0.E+000));
#8673 = CARTESIAN_POINT('',(0.370278310591,0.E+000));
#8674 = CARTESIAN_POINT('',(0.413702852292,0.E+000));
#8675 = CARTESIAN_POINT('',(0.456906394885,0.E+000));
#8676 = CARTESIAN_POINT('',(0.5,0.E+000));
#8677 = CARTESIAN_POINT('',(0.543093605115,0.E+000));
#8678 = CARTESIAN_POINT('',(0.586297147708,0.E+000));
#8679 = CARTESIAN_POINT('',(0.629721689409,0.E+000));
#8680 = CARTESIAN_POINT('',(0.673480563786,0.E+000));
#8681 = CARTESIAN_POINT('',(0.717690577461,0.E+000));
#8682 = CARTESIAN_POINT('',(0.762473275577,0.E+000));
#8683 = CARTESIAN_POINT('',(0.807956362777,0.E+000));
#8684 = CARTESIAN_POINT('',(0.854275086925,0.E+000));
#8685 = CARTESIAN_POINT('',(0.901574474096,0.E+000));
#8686 = CARTESIAN_POINT('',(0.950009297011,0.E+000));
#8687 = CARTESIAN_POINT('',(0.983172198663,-0.E+000));
#8688 = CARTESIAN_POINT('',(1.,0.E+000));
#8689 = ( GEOMETRIC_REPRESENTATION_CONTEXT(2) 
PARAMETRIC_REPRESENTATION_CONTEXT() REPRESENTATION_CONTEXT('2D SPACE',''
  ) );
#8690 = PCURVE('',#7345,#8691);
#8691 = DEFINITIONAL_REPRESENTATION('',(#8692),#8718);
#8692 = B_SPLINE_CURVE_WITH_KNOTS('',3,(#8693,#8694,#8695,#8696,#8697,
    #8698,#8699,#8700,#8701,#8702,#8703,#8704,#8705,#8706,#8707,#8708,
    #8709,#8710,#8711,#8712,#8713,#8714,#8715,#8716,#8717),
  .UNSPECIFIED.,.F.,.F.,(4,1,1,1,1,1,1,1,1,1,1,1,1,1,1,1,1,1,1,1,1,1,4),
  (0.E+000,7.139983303613E-002,0.142799666072,0.214199499108,
    0.285599332145,0.356999165181,0.428398998217,0.499798831253,
    0.571198664289,0.642598497325,0.713998330361,0.785398163397,
    0.856797996434,0.92819782947,0.999597662506,1.070997495542,
    1.142397328578,1.213797161614,1.28519699465,1.356596827687,
    1.427996660723,1.499396493759,1.570796326795),
  .QUASI_UNIFORM_KNOTS.);
#8693 = CARTESIAN_POINT('',(3.14159265359,-0.29));
#8694 = CARTESIAN_POINT('',(3.117792709244,-0.29));
#8695 = CARTESIAN_POINT('',(3.070192820554,-0.29));
#8696 = CARTESIAN_POINT('',(2.998792987518,-0.29));
#8697 = CARTESIAN_POINT('',(2.927393154481,-0.29));
#8698 = CARTESIAN_POINT('',(2.855993321445,-0.29));
#8699 = CARTESIAN_POINT('',(2.784593488409,-0.29));
#8700 = CARTESIAN_POINT('',(2.713193655373,-0.29));
#8701 = CARTESIAN_POINT('',(2.641793822337,-0.29));
#8702 = CARTESIAN_POINT('',(2.570393989301,-0.29));
#8703 = CARTESIAN_POINT('',(2.498994156265,-0.29));
#8704 = CARTESIAN_POINT('',(2.427594323228,-0.29));
#8705 = CARTESIAN_POINT('',(2.356194490192,-0.29));
#8706 = CARTESIAN_POINT('',(2.284794657156,-0.29));
#8707 = CARTESIAN_POINT('',(2.21339482412,-0.29));
#8708 = CARTESIAN_POINT('',(2.141994991084,-0.29));
#8709 = CARTESIAN_POINT('',(2.070595158048,-0.29));
#8710 = CARTESIAN_POINT('',(1.999195325012,-0.29));
#8711 = CARTESIAN_POINT('',(1.927795491976,-0.29));
#8712 = CARTESIAN_POINT('',(1.856395658939,-0.29));
#8713 = CARTESIAN_POINT('',(1.784995825903,-0.29));
#8714 = CARTESIAN_POINT('',(1.713595992867,-0.29));
#8715 = CARTESIAN_POINT('',(1.642196159831,-0.29));
#8716 = CARTESIAN_POINT('',(1.59459627114,-0.29));
#8717 = CARTESIAN_POINT('',(1.570796326795,-0.29));
#8718 = ( GEOMETRIC_REPRESENTATION_CONTEXT(2) 
PARAMETRIC_REPRESENTATION_CONTEXT() REPRESENTATION_CONTEXT('2D SPACE',''
  ) );
#8719 = ADVANCED_FACE('',(#8720),#7345,.T.);
#8720 = FACE_BOUND('',#8721,.T.);
#8721 = EDGE_LOOP('',(#8722,#8723,#8745,#8788));
#8722 = ORIENTED_EDGE('',*,*,#8654,.F.);
#8723 = ORIENTED_EDGE('',*,*,#8724,.T.);
#8724 = EDGE_CURVE('',#8584,#8725,#8727,.T.);
#8725 = VERTEX_POINT('',#8726);
#8726 = CARTESIAN_POINT('',(0.6,0.29,-0.29));
#8727 = SURFACE_CURVE('',#8728,(#8732,#8738),.PCURVE_S1.);
#8728 = LINE('',#8729,#8730);
#8729 = CARTESIAN_POINT('',(0.6,0.29,-0.3));
#8730 = VECTOR('',#8731,1.);
#8731 = DIRECTION('',(3.614007241618E-016,0.E+000,-1.));
#8732 = PCURVE('',#7345,#8733);
#8733 = DEFINITIONAL_REPRESENTATION('',(#8734),#8737);
#8734 = B_SPLINE_CURVE_WITH_KNOTS('',1,(#8735,#8736),.UNSPECIFIED.,.F.,
  .F.,(2,2),(-0.29,-1.E-002),.PIECEWISE_BEZIER_KNOTS.);
#8735 = CARTESIAN_POINT('',(3.14159265359,-0.29));
#8736 = CARTESIAN_POINT('',(3.14159265359,-1.E-002));
#8737 = ( GEOMETRIC_REPRESENTATION_CONTEXT(2) 
PARAMETRIC_REPRESENTATION_CONTEXT() REPRESENTATION_CONTEXT('2D SPACE',''
  ) );
#8738 = PCURVE('',#8496,#8739);
#8739 = DEFINITIONAL_REPRESENTATION('',(#8740),#8744);
#8740 = LINE('',#8741,#8742);
#8741 = CARTESIAN_POINT('',(-0.3,-1.E-002));
#8742 = VECTOR('',#8743,1.);
#8743 = DIRECTION('',(-1.,0.E+000));
#8744 = ( GEOMETRIC_REPRESENTATION_CONTEXT(2) 
PARAMETRIC_REPRESENTATION_CONTEXT() REPRESENTATION_CONTEXT('2D SPACE',''
  ) );
#8745 = ORIENTED_EDGE('',*,*,#8746,.T.);
#8746 = EDGE_CURVE('',#8725,#7308,#8747,.T.);
#8747 = SURFACE_CURVE('',#8748,(#8753,#8759),.PCURVE_S1.);
#8748 = CIRCLE('',#8749,1.E-002);
#8749 = AXIS2_PLACEMENT_3D('',#8750,#8751,#8752);
#8750 = CARTESIAN_POINT('',(0.59,0.29,-0.29));
#8751 = DIRECTION('',(-3.614007241618E-016,-0.E+000,1.));
#8752 = DIRECTION('',(-1.,0.E+000,-3.614007241618E-016));
#8753 = PCURVE('',#7345,#8754);
#8754 = DEFINITIONAL_REPRESENTATION('',(#8755),#8758);
#8755 = B_SPLINE_CURVE_WITH_KNOTS('',1,(#8756,#8757),.UNSPECIFIED.,.F.,
  .F.,(2,2),(3.14159265359,4.712388980385),.PIECEWISE_BEZIER_KNOTS.);
#8756 = CARTESIAN_POINT('',(3.14159265359,-1.E-002));
#8757 = CARTESIAN_POINT('',(1.570796326795,-1.E-002));
#8758 = ( GEOMETRIC_REPRESENTATION_CONTEXT(2) 
PARAMETRIC_REPRESENTATION_CONTEXT() REPRESENTATION_CONTEXT('2D SPACE',''
  ) );
#8759 = PCURVE('',#7400,#8760);
#8760 = DEFINITIONAL_REPRESENTATION('',(#8761),#8787);
#8761 = B_SPLINE_CURVE_WITH_KNOTS('',3,(#8762,#8763,#8764,#8765,#8766,
    #8767,#8768,#8769,#8770,#8771,#8772,#8773,#8774,#8775,#8776,#8777,
    #8778,#8779,#8780,#8781,#8782,#8783,#8784,#8785,#8786),
  .UNSPECIFIED.,.F.,.F.,(4,1,1,1,1,1,1,1,1,1,1,1,1,1,1,1,1,1,1,1,1,1,4),
  (3.14159265359,3.212992486626,3.284392319662,3.355792152698,
    3.427191985734,3.49859181877,3.569991651807,3.641391484843,
    3.712791317879,3.784191150915,3.855590983951,3.926990816987,
    3.998390650023,4.06979048306,4.141190316096,4.212590149132,
    4.283989982168,4.355389815204,4.42678964824,4.498189481276,
    4.569589314312,4.640989147349,4.712388980385),
  .QUASI_UNIFORM_KNOTS.);
#8762 = CARTESIAN_POINT('',(0.E+000,1.));
#8763 = CARTESIAN_POINT('',(1.682780133706E-002,1.));
#8764 = CARTESIAN_POINT('',(4.999070298882E-002,1.));
#8765 = CARTESIAN_POINT('',(9.842552590405E-002,1.));
#8766 = CARTESIAN_POINT('',(0.145724913075,1.));
#8767 = CARTESIAN_POINT('',(0.192043637223,1.));
#8768 = CARTESIAN_POINT('',(0.237526724423,1.));
#8769 = CARTESIAN_POINT('',(0.282309422539,1.));
#8770 = CARTESIAN_POINT('',(0.326519436214,1.));
#8771 = CARTESIAN_POINT('',(0.370278310591,1.));
#8772 = CARTESIAN_POINT('',(0.413702852292,1.));
#8773 = CARTESIAN_POINT('',(0.456906394885,1.));
#8774 = CARTESIAN_POINT('',(0.5,1.));
#8775 = CARTESIAN_POINT('',(0.543093605115,1.));
#8776 = CARTESIAN_POINT('',(0.586297147708,1.));
#8777 = CARTESIAN_POINT('',(0.629721689409,1.));
#8778 = CARTESIAN_POINT('',(0.673480563786,1.));
#8779 = CARTESIAN_POINT('',(0.717690577461,1.));
#8780 = CARTESIAN_POINT('',(0.762473275577,1.));
#8781 = CARTESIAN_POINT('',(0.807956362777,1.));
#8782 = CARTESIAN_POINT('',(0.854275086925,1.));
#8783 = CARTESIAN_POINT('',(0.901574474096,1.));
#8784 = CARTESIAN_POINT('',(0.950009297011,1.));
#8785 = CARTESIAN_POINT('',(0.983172198663,1.));
#8786 = CARTESIAN_POINT('',(1.,1.));
#8787 = ( GEOMETRIC_REPRESENTATION_CONTEXT(2) 
PARAMETRIC_REPRESENTATION_CONTEXT() REPRESENTATION_CONTEXT('2D SPACE',''
  ) );
#8788 = ORIENTED_EDGE('',*,*,#7331,.T.);
#8789 = ADVANCED_FACE('',(#8790),#7400,.T.);
#8790 = FACE_BOUND('',#8791,.T.);
#8791 = EDGE_LOOP('',(#8792,#8793,#8794));
#8792 = ORIENTED_EDGE('',*,*,#7384,.F.);
#8793 = ORIENTED_EDGE('',*,*,#8746,.F.);
#8794 = ORIENTED_EDGE('',*,*,#8795,.T.);
#8795 = EDGE_CURVE('',#8725,#7385,#8796,.T.);
#8796 = SURFACE_CURVE('',#8797,(#8802,#8831),.PCURVE_S1.);
#8797 = CIRCLE('',#8798,1.E-002);
#8798 = AXIS2_PLACEMENT_3D('',#8799,#8800,#8801);
#8799 = CARTESIAN_POINT('',(0.59,0.29,-0.29));
#8800 = DIRECTION('',(-0.E+000,1.,0.E+000));
#8801 = DIRECTION('',(1.,0.E+000,0.E+000));
#8802 = PCURVE('',#7400,#8803);
#8803 = DEFINITIONAL_REPRESENTATION('',(#8804),#8830);
#8804 = B_SPLINE_CURVE_WITH_KNOTS('',3,(#8805,#8806,#8807,#8808,#8809,
    #8810,#8811,#8812,#8813,#8814,#8815,#8816,#8817,#8818,#8819,#8820,
    #8821,#8822,#8823,#8824,#8825,#8826,#8827,#8828,#8829),
  .UNSPECIFIED.,.F.,.F.,(4,1,1,1,1,1,1,1,1,1,1,1,1,1,1,1,1,1,1,1,1,1,4),
  (0.E+000,7.139983303613E-002,0.142799666072,0.214199499108,
    0.285599332145,0.356999165181,0.428398998217,0.499798831253,
    0.571198664289,0.642598497325,0.713998330361,0.785398163397,
    0.856797996434,0.92819782947,0.999597662506,1.070997495542,
    1.142397328578,1.213797161614,1.28519699465,1.356596827687,
    1.427996660723,1.499396493759,1.570796326795),
  .QUASI_UNIFORM_KNOTS.);
#8805 = CARTESIAN_POINT('',(0.E+000,0.E+000));
#8806 = CARTESIAN_POINT('',(1.682780133706E-002,0.E+000));
#8807 = CARTESIAN_POINT('',(4.999070298881E-002,0.E+000));
#8808 = CARTESIAN_POINT('',(9.842552590405E-002,0.E+000));
#8809 = CARTESIAN_POINT('',(0.145724913075,0.E+000));
#8810 = CARTESIAN_POINT('',(0.192043637223,0.E+000));
#8811 = CARTESIAN_POINT('',(0.237526724423,0.E+000));
#8812 = CARTESIAN_POINT('',(0.282309422539,0.E+000));
#8813 = CARTESIAN_POINT('',(0.326519436214,0.E+000));
#8814 = CARTESIAN_POINT('',(0.370278310591,0.E+000));
#8815 = CARTESIAN_POINT('',(0.413702852292,0.E+000));
#8816 = CARTESIAN_POINT('',(0.456906394885,0.E+000));
#8817 = CARTESIAN_POINT('',(0.5,0.E+000));
#8818 = CARTESIAN_POINT('',(0.543093605115,0.E+000));
#8819 = CARTESIAN_POINT('',(0.586297147708,0.E+000));
#8820 = CARTESIAN_POINT('',(0.629721689409,0.E+000));
#8821 = CARTESIAN_POINT('',(0.673480563786,0.E+000));
#8822 = CARTESIAN_POINT('',(0.717690577461,0.E+000));
#8823 = CARTESIAN_POINT('',(0.762473275577,0.E+000));
#8824 = CARTESIAN_POINT('',(0.807956362777,0.E+000));
#8825 = CARTESIAN_POINT('',(0.854275086925,0.E+000));
#8826 = CARTESIAN_POINT('',(0.901574474096,0.E+000));
#8827 = CARTESIAN_POINT('',(0.950009297011,0.E+000));
#8828 = CARTESIAN_POINT('',(0.983172198663,-0.E+000));
#8829 = CARTESIAN_POINT('',(1.,0.E+000));
#8830 = ( GEOMETRIC_REPRESENTATION_CONTEXT(2) 
PARAMETRIC_REPRESENTATION_CONTEXT() REPRESENTATION_CONTEXT('2D SPACE',''
  ) );
#8831 = PCURVE('',#7507,#8832);
#8832 = DEFINITIONAL_REPRESENTATION('',(#8833),#8836);
#8833 = B_SPLINE_CURVE_WITH_KNOTS('',1,(#8834,#8835),.UNSPECIFIED.,.F.,
  .F.,(2,2),(0.E+000,1.570796326795),.PIECEWISE_BEZIER_KNOTS.);
#8834 = CARTESIAN_POINT('',(1.570796326795,1.E-002));
#8835 = CARTESIAN_POINT('',(0.E+000,1.E-002));
#8836 = ( GEOMETRIC_REPRESENTATION_CONTEXT(2) 
PARAMETRIC_REPRESENTATION_CONTEXT() REPRESENTATION_CONTEXT('2D SPACE',''
  ) );
#8837 = ADVANCED_FACE('',(#8838),#7507,.T.);
#8838 = FACE_BOUND('',#8839,.T.);
#8839 = EDGE_LOOP('',(#8840,#8883,#8884,#8885));
#8840 = ORIENTED_EDGE('',*,*,#8841,.T.);
#8841 = EDGE_CURVE('',#8439,#7470,#8842,.T.);
#8842 = SURFACE_CURVE('',#8843,(#8848,#8854),.PCURVE_S1.);
#8843 = CIRCLE('',#8844,1.E-002);
#8844 = AXIS2_PLACEMENT_3D('',#8845,#8846,#8847);
#8845 = CARTESIAN_POINT('',(0.59,1.E-002,-0.29));
#8846 = DIRECTION('',(-0.E+000,1.,0.E+000));
#8847 = DIRECTION('',(0.E+000,0.E+000,-1.));
#8848 = PCURVE('',#7507,#8849);
#8849 = DEFINITIONAL_REPRESENTATION('',(#8850),#8853);
#8850 = B_SPLINE_CURVE_WITH_KNOTS('',1,(#8851,#8852),.UNSPECIFIED.,.F.,
  .F.,(2,2),(4.712388980385,6.28318530718),.PIECEWISE_BEZIER_KNOTS.);
#8851 = CARTESIAN_POINT('',(1.570796326795,0.29));
#8852 = CARTESIAN_POINT('',(0.E+000,0.29));
#8853 = ( GEOMETRIC_REPRESENTATION_CONTEXT(2) 
PARAMETRIC_REPRESENTATION_CONTEXT() REPRESENTATION_CONTEXT('2D SPACE',''
  ) );
#8854 = PCURVE('',#7535,#8855);
#8855 = DEFINITIONAL_REPRESENTATION('',(#8856),#8882);
#8856 = B_SPLINE_CURVE_WITH_KNOTS('',3,(#8857,#8858,#8859,#8860,#8861,
    #8862,#8863,#8864,#8865,#8866,#8867,#8868,#8869,#8870,#8871,#8872,
    #8873,#8874,#8875,#8876,#8877,#8878,#8879,#8880,#8881),
  .UNSPECIFIED.,.F.,.F.,(4,1,1,1,1,1,1,1,1,1,1,1,1,1,1,1,1,1,1,1,1,1,4),
  (4.712388980385,4.783788813421,4.855188646457,4.926588479493,
    4.997988312529,5.069388145565,5.140787978601,5.212187811638,
    5.283587644674,5.35498747771,5.426387310746,5.497787143782,
    5.569186976818,5.640586809854,5.711986642891,5.783386475927,
    5.854786308963,5.926186141999,5.997585975035,6.068985808071,
    6.140385641107,6.211785474143,6.28318530718),.QUASI_UNIFORM_KNOTS.);
#8857 = CARTESIAN_POINT('',(0.E+000,1.));
#8858 = CARTESIAN_POINT('',(1.682780133705E-002,1.));
#8859 = CARTESIAN_POINT('',(4.99907029888E-002,1.));
#8860 = CARTESIAN_POINT('',(9.842552590404E-002,1.));
#8861 = CARTESIAN_POINT('',(0.145724913075,1.));
#8862 = CARTESIAN_POINT('',(0.192043637223,1.));
#8863 = CARTESIAN_POINT('',(0.237526724423,1.));
#8864 = CARTESIAN_POINT('',(0.282309422539,1.));
#8865 = CARTESIAN_POINT('',(0.326519436214,1.));
#8866 = CARTESIAN_POINT('',(0.370278310591,1.));
#8867 = CARTESIAN_POINT('',(0.413702852292,1.));
#8868 = CARTESIAN_POINT('',(0.456906394885,1.));
#8869 = CARTESIAN_POINT('',(0.5,1.));
#8870 = CARTESIAN_POINT('',(0.543093605115,1.));
#8871 = CARTESIAN_POINT('',(0.586297147708,1.));
#8872 = CARTESIAN_POINT('',(0.629721689409,1.));
#8873 = CARTESIAN_POINT('',(0.673480563786,1.));
#8874 = CARTESIAN_POINT('',(0.717690577461,1.));
#8875 = CARTESIAN_POINT('',(0.762473275577,1.));
#8876 = CARTESIAN_POINT('',(0.807956362777,1.));
#8877 = CARTESIAN_POINT('',(0.854275086925,1.));
#8878 = CARTESIAN_POINT('',(0.901574474096,1.));
#8879 = CARTESIAN_POINT('',(0.950009297011,1.));
#8880 = CARTESIAN_POINT('',(0.983172198663,1.));
#8881 = CARTESIAN_POINT('',(1.,1.));
#8882 = ( GEOMETRIC_REPRESENTATION_CONTEXT(2) 
PARAMETRIC_REPRESENTATION_CONTEXT() REPRESENTATION_CONTEXT('2D SPACE',''
  ) );
#8883 = ORIENTED_EDGE('',*,*,#7493,.T.);
#8884 = ORIENTED_EDGE('',*,*,#8795,.F.);
#8885 = ORIENTED_EDGE('',*,*,#8886,.T.);
#8886 = EDGE_CURVE('',#8725,#8439,#8887,.T.);
#8887 = SURFACE_CURVE('',#8888,(#8892,#8898),.PCURVE_S1.);
#8888 = LINE('',#8889,#8890);
#8889 = CARTESIAN_POINT('',(0.6,0.3,-0.29));
#8890 = VECTOR('',#8891,1.);
#8891 = DIRECTION('',(0.E+000,-1.,0.E+000));
#8892 = PCURVE('',#7507,#8893);
#8893 = DEFINITIONAL_REPRESENTATION('',(#8894),#8897);
#8894 = B_SPLINE_CURVE_WITH_KNOTS('',1,(#8895,#8896),.UNSPECIFIED.,.F.,
  .F.,(2,2),(1.E-002,0.29),.PIECEWISE_BEZIER_KNOTS.);
#8895 = CARTESIAN_POINT('',(1.570796326795,1.E-002));
#8896 = CARTESIAN_POINT('',(1.570796326795,0.29));
#8897 = ( GEOMETRIC_REPRESENTATION_CONTEXT(2) 
PARAMETRIC_REPRESENTATION_CONTEXT() REPRESENTATION_CONTEXT('2D SPACE',''
  ) );
#8898 = PCURVE('',#8496,#8899);
#8899 = DEFINITIONAL_REPRESENTATION('',(#8900),#8904);
#8900 = LINE('',#8901,#8902);
#8901 = CARTESIAN_POINT('',(-0.29,0.E+000));
#8902 = VECTOR('',#8903,1.);
#8903 = DIRECTION('',(0.E+000,-1.));
#8904 = ( GEOMETRIC_REPRESENTATION_CONTEXT(2) 
PARAMETRIC_REPRESENTATION_CONTEXT() REPRESENTATION_CONTEXT('2D SPACE',''
  ) );
#8905 = ADVANCED_FACE('',(#8906),#7535,.T.);
#8906 = FACE_BOUND('',#8907,.T.);
#8907 = EDGE_LOOP('',(#8908,#8909,#8910));
#8908 = ORIENTED_EDGE('',*,*,#8841,.F.);
#8909 = ORIENTED_EDGE('',*,*,#8438,.F.);
#8910 = ORIENTED_EDGE('',*,*,#7521,.F.);
#8911 = ADVANCED_FACE('',(#8912),#7826,.T.);
#8912 = FACE_BOUND('',#8913,.T.);
#8913 = EDGE_LOOP('',(#8914,#8959,#8960,#9005));
#8914 = ORIENTED_EDGE('',*,*,#8915,.T.);
#8915 = EDGE_CURVE('',#8916,#7768,#8918,.T.);
#8916 = VERTEX_POINT('',#8917);
#8917 = CARTESIAN_POINT('',(0.E+000,1.E-002,-1.E-002));
#8918 = SURFACE_CURVE('',#8919,(#8924,#8930),.PCURVE_S1.);
#8919 = CIRCLE('',#8920,1.E-002);
#8920 = AXIS2_PLACEMENT_3D('',#8921,#8922,#8923);
#8921 = CARTESIAN_POINT('',(1.E-002,1.E-002,-1.E-002));
#8922 = DIRECTION('',(-0.E+000,1.,0.E+000));
#8923 = DIRECTION('',(0.E+000,0.E+000,-1.));
#8924 = PCURVE('',#7826,#8925);
#8925 = DEFINITIONAL_REPRESENTATION('',(#8926),#8929);
#8926 = B_SPLINE_CURVE_WITH_KNOTS('',1,(#8927,#8928),.UNSPECIFIED.,.F.,
  .F.,(2,2),(1.570796326795,3.14159265359),.PIECEWISE_BEZIER_KNOTS.);
#8927 = CARTESIAN_POINT('',(4.712388980385,0.29));
#8928 = CARTESIAN_POINT('',(3.14159265359,0.29));
#8929 = ( GEOMETRIC_REPRESENTATION_CONTEXT(2) 
PARAMETRIC_REPRESENTATION_CONTEXT() REPRESENTATION_CONTEXT('2D SPACE',''
  ) );
#8930 = PCURVE('',#7858,#8931);
#8931 = DEFINITIONAL_REPRESENTATION('',(#8932),#8958);
#8932 = B_SPLINE_CURVE_WITH_KNOTS('',3,(#8933,#8934,#8935,#8936,#8937,
    #8938,#8939,#8940,#8941,#8942,#8943,#8944,#8945,#8946,#8947,#8948,
    #8949,#8950,#8951,#8952,#8953,#8954,#8955,#8956,#8957),
  .UNSPECIFIED.,.F.,.F.,(4,1,1,1,1,1,1,1,1,1,1,1,1,1,1,1,1,1,1,1,1,1,4),
  (1.570796326795,1.642196159831,1.713595992867,1.784995825903,
    1.856395658939,1.927795491976,1.999195325012,2.070595158048,
    2.141994991084,2.21339482412,2.284794657156,2.356194490192,
    2.427594323228,2.498994156265,2.570393989301,2.641793822337,
    2.713193655373,2.784593488409,2.855993321445,2.927393154481,
    2.998792987518,3.070192820554,3.14159265359),.QUASI_UNIFORM_KNOTS.);
#8933 = CARTESIAN_POINT('',(1.,0.E+000));
#8934 = CARTESIAN_POINT('',(0.983172198663,0.E+000));
#8935 = CARTESIAN_POINT('',(0.950009297011,0.E+000));
#8936 = CARTESIAN_POINT('',(0.901574474096,0.E+000));
#8937 = CARTESIAN_POINT('',(0.854275086925,0.E+000));
#8938 = CARTESIAN_POINT('',(0.807956362777,0.E+000));
#8939 = CARTESIAN_POINT('',(0.762473275577,0.E+000));
#8940 = CARTESIAN_POINT('',(0.717690577461,0.E+000));
#8941 = CARTESIAN_POINT('',(0.673480563786,0.E+000));
#8942 = CARTESIAN_POINT('',(0.629721689409,0.E+000));
#8943 = CARTESIAN_POINT('',(0.586297147708,0.E+000));
#8944 = CARTESIAN_POINT('',(0.543093605115,0.E+000));
#8945 = CARTESIAN_POINT('',(0.5,0.E+000));
#8946 = CARTESIAN_POINT('',(0.456906394885,0.E+000));
#8947 = CARTESIAN_POINT('',(0.413702852292,0.E+000));
#8948 = CARTESIAN_POINT('',(0.370278310591,0.E+000));
#8949 = CARTESIAN_POINT('',(0.326519436214,0.E+000));
#8950 = CARTESIAN_POINT('',(0.282309422539,0.E+000));
#8951 = CARTESIAN_POINT('',(0.237526724423,0.E+000));
#8952 = CARTESIAN_POINT('',(0.192043637223,0.E+000));
#8953 = CARTESIAN_POINT('',(0.145724913075,0.E+000));
#8954 = CARTESIAN_POINT('',(9.842552590405E-002,0.E+000));
#8955 = CARTESIAN_POINT('',(4.999070298881E-002,0.E+000));
#8956 = CARTESIAN_POINT('',(1.682780133705E-002,-0.E+000));
#8957 = CARTESIAN_POINT('',(0.E+000,0.E+000));
#8958 = ( GEOMETRIC_REPRESENTATION_CONTEXT(2) 
PARAMETRIC_REPRESENTATION_CONTEXT() REPRESENTATION_CONTEXT('2D SPACE',''
  ) );
#8959 = ORIENTED_EDGE('',*,*,#7812,.T.);
#8960 = ORIENTED_EDGE('',*,*,#8961,.T.);
#8961 = EDGE_CURVE('',#7791,#8962,#8964,.T.);
#8962 = VERTEX_POINT('',#8963);
#8963 = CARTESIAN_POINT('',(0.E+000,0.29,-1.E-002));
#8964 = SURFACE_CURVE('',#8965,(#8970,#8976),.PCURVE_S1.);
#8965 = CIRCLE('',#8966,1.E-002);
#8966 = AXIS2_PLACEMENT_3D('',#8967,#8968,#8969);
#8967 = CARTESIAN_POINT('',(1.E-002,0.29,-1.E-002));
#8968 = DIRECTION('',(0.E+000,-1.,0.E+000));
#8969 = DIRECTION('',(0.E+000,0.E+000,-1.));
#8970 = PCURVE('',#7826,#8971);
#8971 = DEFINITIONAL_REPRESENTATION('',(#8972),#8975);
#8972 = B_SPLINE_CURVE_WITH_KNOTS('',1,(#8973,#8974),.UNSPECIFIED.,.F.,
  .F.,(2,2),(3.14159265359,4.712388980385),.PIECEWISE_BEZIER_KNOTS.);
#8973 = CARTESIAN_POINT('',(3.14159265359,1.E-002));
#8974 = CARTESIAN_POINT('',(4.712388980385,1.E-002));
#8975 = ( GEOMETRIC_REPRESENTATION_CONTEXT(2) 
PARAMETRIC_REPRESENTATION_CONTEXT() REPRESENTATION_CONTEXT('2D SPACE',''
  ) );
#8976 = PCURVE('',#8317,#8977);
#8977 = DEFINITIONAL_REPRESENTATION('',(#8978),#9004);
#8978 = B_SPLINE_CURVE_WITH_KNOTS('',3,(#8979,#8980,#8981,#8982,#8983,
    #8984,#8985,#8986,#8987,#8988,#8989,#8990,#8991,#8992,#8993,#8994,
    #8995,#8996,#8997,#8998,#8999,#9000,#9001,#9002,#9003),
  .UNSPECIFIED.,.F.,.F.,(4,1,1,1,1,1,1,1,1,1,1,1,1,1,1,1,1,1,1,1,1,1,4),
  (3.14159265359,3.212992486626,3.284392319662,3.355792152698,
    3.427191985734,3.49859181877,3.569991651807,3.641391484843,
    3.712791317879,3.784191150915,3.855590983951,3.926990816987,
    3.998390650023,4.06979048306,4.141190316096,4.212590149132,
    4.283989982168,4.355389815204,4.42678964824,4.498189481276,
    4.569589314312,4.640989147349,4.712388980385),
  .QUASI_UNIFORM_KNOTS.);
#8979 = CARTESIAN_POINT('',(0.E+000,1.));
#8980 = CARTESIAN_POINT('',(1.682780133705E-002,1.));
#8981 = CARTESIAN_POINT('',(4.999070298881E-002,1.));
#8982 = CARTESIAN_POINT('',(9.842552590405E-002,1.));
#8983 = CARTESIAN_POINT('',(0.145724913075,1.));
#8984 = CARTESIAN_POINT('',(0.192043637223,1.));
#8985 = CARTESIAN_POINT('',(0.237526724423,1.));
#8986 = CARTESIAN_POINT('',(0.282309422539,1.));
#8987 = CARTESIAN_POINT('',(0.326519436214,1.));
#8988 = CARTESIAN_POINT('',(0.370278310591,1.));
#8989 = CARTESIAN_POINT('',(0.413702852292,1.));
#8990 = CARTESIAN_POINT('',(0.456906394885,1.));
#8991 = CARTESIAN_POINT('',(0.5,1.));
#8992 = CARTESIAN_POINT('',(0.543093605115,1.));
#8993 = CARTESIAN_POINT('',(0.586297147708,1.));
#8994 = CARTESIAN_POINT('',(0.629721689409,1.));
#8995 = CARTESIAN_POINT('',(0.673480563786,1.));
#8996 = CARTESIAN_POINT('',(0.717690577461,1.));
#8997 = CARTESIAN_POINT('',(0.762473275577,1.));
#8998 = CARTESIAN_POINT('',(0.807956362777,1.));
#8999 = CARTESIAN_POINT('',(0.854275086925,1.));
#9000 = CARTESIAN_POINT('',(0.901574474096,1.));
#9001 = CARTESIAN_POINT('',(0.950009297011,1.));
#9002 = CARTESIAN_POINT('',(0.983172198663,1.));
#9003 = CARTESIAN_POINT('',(1.,1.));
#9004 = ( GEOMETRIC_REPRESENTATION_CONTEXT(2) 
PARAMETRIC_REPRESENTATION_CONTEXT() REPRESENTATION_CONTEXT('2D SPACE',''
  ) );
#9005 = ORIENTED_EDGE('',*,*,#9006,.T.);
#9006 = EDGE_CURVE('',#8962,#8916,#9007,.T.);
#9007 = SURFACE_CURVE('',#9008,(#9012,#9018),.PCURVE_S1.);
#9008 = LINE('',#9009,#9010);
#9009 = CARTESIAN_POINT('',(0.E+000,0.3,-1.E-002));
#9010 = VECTOR('',#9011,1.);
#9011 = DIRECTION('',(0.E+000,-1.,0.E+000));
#9012 = PCURVE('',#7826,#9013);
#9013 = DEFINITIONAL_REPRESENTATION('',(#9014),#9017);
#9014 = B_SPLINE_CURVE_WITH_KNOTS('',1,(#9015,#9016),.UNSPECIFIED.,.F.,
  .F.,(2,2),(1.E-002,0.29),.PIECEWISE_BEZIER_KNOTS.);
#9015 = CARTESIAN_POINT('',(4.712388980385,1.E-002));
#9016 = CARTESIAN_POINT('',(4.712388980385,0.29));
#9017 = ( GEOMETRIC_REPRESENTATION_CONTEXT(2) 
PARAMETRIC_REPRESENTATION_CONTEXT() REPRESENTATION_CONTEXT('2D SPACE',''
  ) );
#9018 = PCURVE('',#9019,#9024);
#9019 = PLANE('',#9020);
#9020 = AXIS2_PLACEMENT_3D('',#9021,#9022,#9023);
#9021 = CARTESIAN_POINT('',(0.E+000,0.3,0.E+000));
#9022 = DIRECTION('',(1.,-0.E+000,0.E+000));
#9023 = DIRECTION('',(0.E+000,0.E+000,-1.));
#9024 = DEFINITIONAL_REPRESENTATION('',(#9025),#9029);
#9025 = LINE('',#9026,#9027);
#9026 = CARTESIAN_POINT('',(1.E-002,0.E+000));
#9027 = VECTOR('',#9028,1.);
#9028 = DIRECTION('',(0.E+000,-1.));
#9029 = ( GEOMETRIC_REPRESENTATION_CONTEXT(2) 
PARAMETRIC_REPRESENTATION_CONTEXT() REPRESENTATION_CONTEXT('2D SPACE',''
  ) );
#9030 = ADVANCED_FACE('',(#9031),#7858,.T.);
#9031 = FACE_BOUND('',#9032,.T.);
#9032 = EDGE_LOOP('',(#9033,#9099,#9100));
#9033 = ORIENTED_EDGE('',*,*,#9034,.T.);
#9034 = EDGE_CURVE('',#8916,#7843,#9035,.T.);
#9035 = SURFACE_CURVE('',#9036,(#9041,#9070),.PCURVE_S1.);
#9036 = CIRCLE('',#9037,1.E-002);
#9037 = AXIS2_PLACEMENT_3D('',#9038,#9039,#9040);
#9038 = CARTESIAN_POINT('',(1.E-002,1.E-002,-1.E-002));
#9039 = DIRECTION('',(0.E+000,-2.113258505293E-014,1.));
#9040 = DIRECTION('',(1.,0.E+000,0.E+000));
#9041 = PCURVE('',#7858,#9042);
#9042 = DEFINITIONAL_REPRESENTATION('',(#9043),#9069);
#9043 = B_SPLINE_CURVE_WITH_KNOTS('',3,(#9044,#9045,#9046,#9047,#9048,
    #9049,#9050,#9051,#9052,#9053,#9054,#9055,#9056,#9057,#9058,#9059,
    #9060,#9061,#9062,#9063,#9064,#9065,#9066,#9067,#9068),
  .UNSPECIFIED.,.F.,.F.,(4,1,1,1,1,1,1,1,1,1,1,1,1,1,1,1,1,1,1,1,1,1,4),
  (3.14159265359,3.212992486626,3.284392319662,3.355792152698,
    3.427191985734,3.49859181877,3.569991651807,3.641391484843,
    3.712791317879,3.784191150915,3.855590983951,3.926990816987,
    3.998390650023,4.06979048306,4.141190316096,4.212590149132,
    4.283989982168,4.355389815204,4.42678964824,4.498189481276,
    4.569589314312,4.640989147349,4.712388980385),
  .QUASI_UNIFORM_KNOTS.);
#9044 = CARTESIAN_POINT('',(1.,1.));
#9045 = CARTESIAN_POINT('',(0.983172198663,1.));
#9046 = CARTESIAN_POINT('',(0.950009297011,1.));
#9047 = CARTESIAN_POINT('',(0.901574474096,1.));
#9048 = CARTESIAN_POINT('',(0.854275086925,1.));
#9049 = CARTESIAN_POINT('',(0.807956362777,1.));
#9050 = CARTESIAN_POINT('',(0.762473275577,1.));
#9051 = CARTESIAN_POINT('',(0.717690577461,1.));
#9052 = CARTESIAN_POINT('',(0.673480563786,1.));
#9053 = CARTESIAN_POINT('',(0.629721689409,1.));
#9054 = CARTESIAN_POINT('',(0.586297147708,1.));
#9055 = CARTESIAN_POINT('',(0.543093605115,1.));
#9056 = CARTESIAN_POINT('',(0.5,1.));
#9057 = CARTESIAN_POINT('',(0.456906394885,1.));
#9058 = CARTESIAN_POINT('',(0.413702852292,1.));
#9059 = CARTESIAN_POINT('',(0.370278310591,1.));
#9060 = CARTESIAN_POINT('',(0.326519436214,1.));
#9061 = CARTESIAN_POINT('',(0.282309422539,1.));
#9062 = CARTESIAN_POINT('',(0.237526724423,1.));
#9063 = CARTESIAN_POINT('',(0.192043637223,1.));
#9064 = CARTESIAN_POINT('',(0.145724913075,1.));
#9065 = CARTESIAN_POINT('',(9.842552590405E-002,1.));
#9066 = CARTESIAN_POINT('',(4.999070298881E-002,1.));
#9067 = CARTESIAN_POINT('',(1.682780133705E-002,1.));
#9068 = CARTESIAN_POINT('',(0.E+000,1.));
#9069 = ( GEOMETRIC_REPRESENTATION_CONTEXT(2) 
PARAMETRIC_REPRESENTATION_CONTEXT() REPRESENTATION_CONTEXT('2D SPACE',''
  ) );
#9070 = PCURVE('',#7943,#9071);
#9071 = DEFINITIONAL_REPRESENTATION('',(#9072),#9098);
#9072 = B_SPLINE_CURVE_WITH_KNOTS('',3,(#9073,#9074,#9075,#9076,#9077,
    #9078,#9079,#9080,#9081,#9082,#9083,#9084,#9085,#9086,#9087,#9088,
    #9089,#9090,#9091,#9092,#9093,#9094,#9095,#9096,#9097),
  .UNSPECIFIED.,.F.,.F.,(4,1,1,1,1,1,1,1,1,1,1,1,1,1,1,1,1,1,1,1,1,1,4),
  (3.14159265359,3.212992486626,3.284392319662,3.355792152698,
    3.427191985734,3.49859181877,3.569991651807,3.641391484843,
    3.712791317879,3.784191150915,3.855590983951,3.926990816987,
    3.998390650023,4.06979048306,4.141190316096,4.212590149132,
    4.283989982168,4.355389815204,4.42678964824,4.498189481276,
    4.569589314312,4.640989147349,4.712388980385),
  .QUASI_UNIFORM_KNOTS.);
#9073 = CARTESIAN_POINT('',(6.28318530718,1.E-002));
#9074 = CARTESIAN_POINT('',(6.259385362834,1.E-002));
#9075 = CARTESIAN_POINT('',(6.211785474143,1.E-002));
#9076 = CARTESIAN_POINT('',(6.140385641107,1.E-002));
#9077 = CARTESIAN_POINT('',(6.068985808071,1.E-002));
#9078 = CARTESIAN_POINT('',(5.997585975035,1.E-002));
#9079 = CARTESIAN_POINT('',(5.926186141999,1.E-002));
#9080 = CARTESIAN_POINT('',(5.854786308963,1.E-002));
#9081 = CARTESIAN_POINT('',(5.783386475927,1.E-002));
#9082 = CARTESIAN_POINT('',(5.711986642891,1.E-002));
#9083 = CARTESIAN_POINT('',(5.640586809854,1.E-002));
#9084 = CARTESIAN_POINT('',(5.569186976818,1.E-002));
#9085 = CARTESIAN_POINT('',(5.497787143782,1.E-002));
#9086 = CARTESIAN_POINT('',(5.426387310746,1.E-002));
#9087 = CARTESIAN_POINT('',(5.35498747771,1.E-002));
#9088 = CARTESIAN_POINT('',(5.283587644674,1.E-002));
#9089 = CARTESIAN_POINT('',(5.212187811638,1.E-002));
#9090 = CARTESIAN_POINT('',(5.140787978601,1.E-002));
#9091 = CARTESIAN_POINT('',(5.069388145565,1.E-002));
#9092 = CARTESIAN_POINT('',(4.997988312529,1.E-002));
#9093 = CARTESIAN_POINT('',(4.926588479493,1.E-002));
#9094 = CARTESIAN_POINT('',(4.855188646457,1.E-002));
#9095 = CARTESIAN_POINT('',(4.783788813421,1.E-002));
#9096 = CARTESIAN_POINT('',(4.73618892473,1.E-002));
#9097 = CARTESIAN_POINT('',(4.712388980385,1.E-002));
#9098 = ( GEOMETRIC_REPRESENTATION_CONTEXT(2) 
PARAMETRIC_REPRESENTATION_CONTEXT() REPRESENTATION_CONTEXT('2D SPACE',''
  ) );
#9099 = ORIENTED_EDGE('',*,*,#7842,.F.);
#9100 = ORIENTED_EDGE('',*,*,#8915,.F.);
#9101 = ADVANCED_FACE('',(#9102),#7943,.T.);
#9102 = FACE_BOUND('',#9103,.T.);
#9103 = EDGE_LOOP('',(#9104,#9105,#9127,#9170));
#9104 = ORIENTED_EDGE('',*,*,#9034,.F.);
#9105 = ORIENTED_EDGE('',*,*,#9106,.T.);
#9106 = EDGE_CURVE('',#8916,#9107,#9109,.T.);
#9107 = VERTEX_POINT('',#9108);
#9108 = CARTESIAN_POINT('',(-6.352747104407E-018,1.E-002,-0.29));
#9109 = SURFACE_CURVE('',#9110,(#9114,#9120),.PCURVE_S1.);
#9110 = LINE('',#9111,#9112);
#9111 = CARTESIAN_POINT('',(0.E+000,1.E-002,0.E+000));
#9112 = VECTOR('',#9113,1.);
#9113 = DIRECTION('',(0.E+000,0.E+000,-1.));
#9114 = PCURVE('',#7943,#9115);
#9115 = DEFINITIONAL_REPRESENTATION('',(#9116),#9119);
#9116 = B_SPLINE_CURVE_WITH_KNOTS('',1,(#9117,#9118),.UNSPECIFIED.,.F.,
  .F.,(2,2),(1.E-002,0.29),.PIECEWISE_BEZIER_KNOTS.);
#9117 = CARTESIAN_POINT('',(6.28318530718,1.E-002));
#9118 = CARTESIAN_POINT('',(6.28318530718,0.29));
#9119 = ( GEOMETRIC_REPRESENTATION_CONTEXT(2) 
PARAMETRIC_REPRESENTATION_CONTEXT() REPRESENTATION_CONTEXT('2D SPACE',''
  ) );
#9120 = PCURVE('',#9019,#9121);
#9121 = DEFINITIONAL_REPRESENTATION('',(#9122),#9126);
#9122 = LINE('',#9123,#9124);
#9123 = CARTESIAN_POINT('',(0.E+000,-0.29));
#9124 = VECTOR('',#9125,1.);
#9125 = DIRECTION('',(1.,0.E+000));
#9126 = ( GEOMETRIC_REPRESENTATION_CONTEXT(2) 
PARAMETRIC_REPRESENTATION_CONTEXT() REPRESENTATION_CONTEXT('2D SPACE',''
  ) );
#9127 = ORIENTED_EDGE('',*,*,#9128,.T.);
#9128 = EDGE_CURVE('',#9107,#7928,#9129,.T.);
#9129 = SURFACE_CURVE('',#9130,(#9135,#9141),.PCURVE_S1.);
#9130 = CIRCLE('',#9131,1.E-002);
#9131 = AXIS2_PLACEMENT_3D('',#9132,#9133,#9134);
#9132 = CARTESIAN_POINT('',(1.E-002,1.E-002,-0.29));
#9133 = DIRECTION('',(0.E+000,-0.E+000,1.));
#9134 = DIRECTION('',(-1.,0.E+000,0.E+000));
#9135 = PCURVE('',#7943,#9136);
#9136 = DEFINITIONAL_REPRESENTATION('',(#9137),#9140);
#9137 = B_SPLINE_CURVE_WITH_KNOTS('',1,(#9138,#9139),.UNSPECIFIED.,.F.,
  .F.,(2,2),(0.E+000,1.570796326795),.PIECEWISE_BEZIER_KNOTS.);
#9138 = CARTESIAN_POINT('',(6.28318530718,0.29));
#9139 = CARTESIAN_POINT('',(4.712388980385,0.29));
#9140 = ( GEOMETRIC_REPRESENTATION_CONTEXT(2) 
PARAMETRIC_REPRESENTATION_CONTEXT() REPRESENTATION_CONTEXT('2D SPACE',''
  ) );
#9141 = PCURVE('',#8018,#9142);
#9142 = DEFINITIONAL_REPRESENTATION('',(#9143),#9169);
#9143 = B_SPLINE_CURVE_WITH_KNOTS('',3,(#9144,#9145,#9146,#9147,#9148,
    #9149,#9150,#9151,#9152,#9153,#9154,#9155,#9156,#9157,#9158,#9159,
    #9160,#9161,#9162,#9163,#9164,#9165,#9166,#9167,#9168),
  .UNSPECIFIED.,.F.,.F.,(4,1,1,1,1,1,1,1,1,1,1,1,1,1,1,1,1,1,1,1,1,1,4),
  (0.E+000,7.139983303613E-002,0.142799666072,0.214199499108,
    0.285599332145,0.356999165181,0.428398998217,0.499798831253,
    0.571198664289,0.642598497325,0.713998330361,0.785398163397,
    0.856797996434,0.92819782947,0.999597662506,1.070997495542,
    1.142397328578,1.213797161614,1.28519699465,1.356596827687,
    1.427996660723,1.499396493759,1.570796326795),
  .QUASI_UNIFORM_KNOTS.);
#9144 = CARTESIAN_POINT('',(1.,0.E+000));
#9145 = CARTESIAN_POINT('',(0.983172198663,0.E+000));
#9146 = CARTESIAN_POINT('',(0.950009297011,0.E+000));
#9147 = CARTESIAN_POINT('',(0.901574474096,0.E+000));
#9148 = CARTESIAN_POINT('',(0.854275086925,0.E+000));
#9149 = CARTESIAN_POINT('',(0.807956362777,0.E+000));
#9150 = CARTESIAN_POINT('',(0.762473275577,0.E+000));
#9151 = CARTESIAN_POINT('',(0.717690577461,0.E+000));
#9152 = CARTESIAN_POINT('',(0.673480563786,0.E+000));
#9153 = CARTESIAN_POINT('',(0.629721689409,0.E+000));
#9154 = CARTESIAN_POINT('',(0.586297147708,0.E+000));
#9155 = CARTESIAN_POINT('',(0.543093605115,0.E+000));
#9156 = CARTESIAN_POINT('',(0.5,0.E+000));
#9157 = CARTESIAN_POINT('',(0.456906394885,0.E+000));
#9158 = CARTESIAN_POINT('',(0.413702852292,0.E+000));
#9159 = CARTESIAN_POINT('',(0.370278310591,0.E+000));
#9160 = CARTESIAN_POINT('',(0.326519436214,0.E+000));
#9161 = CARTESIAN_POINT('',(0.282309422539,0.E+000));
#9162 = CARTESIAN_POINT('',(0.237526724423,0.E+000));
#9163 = CARTESIAN_POINT('',(0.192043637223,0.E+000));
#9164 = CARTESIAN_POINT('',(0.145724913075,0.E+000));
#9165 = CARTESIAN_POINT('',(9.842552590405E-002,0.E+000));
#9166 = CARTESIAN_POINT('',(4.999070298881E-002,0.E+000));
#9167 = CARTESIAN_POINT('',(1.682780133705E-002,-0.E+000));
#9168 = CARTESIAN_POINT('',(0.E+000,0.E+000));
#9169 = ( GEOMETRIC_REPRESENTATION_CONTEXT(2) 
PARAMETRIC_REPRESENTATION_CONTEXT() REPRESENTATION_CONTEXT('2D SPACE',''
  ) );
#9170 = ORIENTED_EDGE('',*,*,#7927,.F.);
#9171 = ADVANCED_FACE('',(#9172),#8018,.T.);
#9172 = FACE_BOUND('',#9173,.T.);
#9173 = EDGE_LOOP('',(#9174,#9175,#9176));
#9174 = ORIENTED_EDGE('',*,*,#7979,.F.);
#9175 = ORIENTED_EDGE('',*,*,#9128,.F.);
#9176 = ORIENTED_EDGE('',*,*,#9177,.T.);
#9177 = EDGE_CURVE('',#9107,#7980,#9178,.T.);
#9178 = SURFACE_CURVE('',#9179,(#9184,#9213),.PCURVE_S1.);
#9179 = CIRCLE('',#9180,1.E-002);
#9180 = AXIS2_PLACEMENT_3D('',#9181,#9182,#9183);
#9181 = CARTESIAN_POINT('',(1.E-002,1.E-002,-0.29));
#9182 = DIRECTION('',(-0.E+000,-1.,0.E+000));
#9183 = DIRECTION('',(1.,-0.E+000,0.E+000));
#9184 = PCURVE('',#8018,#9185);
#9185 = DEFINITIONAL_REPRESENTATION('',(#9186),#9212);
#9186 = B_SPLINE_CURVE_WITH_KNOTS('',3,(#9187,#9188,#9189,#9190,#9191,
    #9192,#9193,#9194,#9195,#9196,#9197,#9198,#9199,#9200,#9201,#9202,
    #9203,#9204,#9205,#9206,#9207,#9208,#9209,#9210,#9211),
  .UNSPECIFIED.,.F.,.F.,(4,1,1,1,1,1,1,1,1,1,1,1,1,1,1,1,1,1,1,1,1,1,4),
  (3.14159265359,3.212992486626,3.284392319662,3.355792152698,
    3.427191985734,3.49859181877,3.569991651807,3.641391484843,
    3.712791317879,3.784191150915,3.855590983951,3.926990816987,
    3.998390650023,4.06979048306,4.141190316096,4.212590149132,
    4.283989982168,4.355389815204,4.42678964824,4.498189481276,
    4.569589314312,4.640989147349,4.712388980385),
  .QUASI_UNIFORM_KNOTS.);
#9187 = CARTESIAN_POINT('',(1.,1.));
#9188 = CARTESIAN_POINT('',(0.983172198663,1.));
#9189 = CARTESIAN_POINT('',(0.950009297011,1.));
#9190 = CARTESIAN_POINT('',(0.901574474096,1.));
#9191 = CARTESIAN_POINT('',(0.854275086925,1.));
#9192 = CARTESIAN_POINT('',(0.807956362777,1.));
#9193 = CARTESIAN_POINT('',(0.762473275577,1.));
#9194 = CARTESIAN_POINT('',(0.717690577461,1.));
#9195 = CARTESIAN_POINT('',(0.673480563786,1.));
#9196 = CARTESIAN_POINT('',(0.629721689409,1.));
#9197 = CARTESIAN_POINT('',(0.586297147708,1.));
#9198 = CARTESIAN_POINT('',(0.543093605115,1.));
#9199 = CARTESIAN_POINT('',(0.5,1.));
#9200 = CARTESIAN_POINT('',(0.456906394885,1.));
#9201 = CARTESIAN_POINT('',(0.413702852292,1.));
#9202 = CARTESIAN_POINT('',(0.370278310591,1.));
#9203 = CARTESIAN_POINT('',(0.326519436214,1.));
#9204 = CARTESIAN_POINT('',(0.282309422539,1.));
#9205 = CARTESIAN_POINT('',(0.237526724423,1.));
#9206 = CARTESIAN_POINT('',(0.192043637223,1.));
#9207 = CARTESIAN_POINT('',(0.145724913075,1.));
#9208 = CARTESIAN_POINT('',(9.842552590405E-002,1.));
#9209 = CARTESIAN_POINT('',(4.999070298881E-002,1.));
#9210 = CARTESIAN_POINT('',(1.682780133706E-002,1.));
#9211 = CARTESIAN_POINT('',(0.E+000,1.));
#9212 = ( GEOMETRIC_REPRESENTATION_CONTEXT(2) 
PARAMETRIC_REPRESENTATION_CONTEXT() REPRESENTATION_CONTEXT('2D SPACE',''
  ) );
#9213 = PCURVE('',#8106,#9214);
#9214 = DEFINITIONAL_REPRESENTATION('',(#9215),#9218);
#9215 = B_SPLINE_CURVE_WITH_KNOTS('',1,(#9216,#9217),.UNSPECIFIED.,.F.,
  .F.,(2,2),(3.14159265359,4.712388980385),.PIECEWISE_BEZIER_KNOTS.);
#9216 = CARTESIAN_POINT('',(4.712388980385,0.29));
#9217 = CARTESIAN_POINT('',(6.28318530718,0.29));
#9218 = ( GEOMETRIC_REPRESENTATION_CONTEXT(2) 
PARAMETRIC_REPRESENTATION_CONTEXT() REPRESENTATION_CONTEXT('2D SPACE',''
  ) );
#9219 = ADVANCED_FACE('',(#9220),#8106,.T.);
#9220 = FACE_BOUND('',#9221,.T.);
#9221 = EDGE_LOOP('',(#9222,#9223,#9245,#9288));
#9222 = ORIENTED_EDGE('',*,*,#9177,.F.);
#9223 = ORIENTED_EDGE('',*,*,#9224,.T.);
#9224 = EDGE_CURVE('',#9107,#9225,#9227,.T.);
#9225 = VERTEX_POINT('',#9226);
#9226 = CARTESIAN_POINT('',(-1.270549420881E-017,0.29,-0.29));
#9227 = SURFACE_CURVE('',#9228,(#9232,#9238),.PCURVE_S1.);
#9228 = LINE('',#9229,#9230);
#9229 = CARTESIAN_POINT('',(-2.541098841763E-017,0.3,-0.29));
#9230 = VECTOR('',#9231,1.);
#9231 = DIRECTION('',(-0.E+000,1.,-0.E+000));
#9232 = PCURVE('',#8106,#9233);
#9233 = DEFINITIONAL_REPRESENTATION('',(#9234),#9237);
#9234 = B_SPLINE_CURVE_WITH_KNOTS('',1,(#9235,#9236),.UNSPECIFIED.,.F.,
  .F.,(2,2),(-0.29,-1.E-002),.PIECEWISE_BEZIER_KNOTS.);
#9235 = CARTESIAN_POINT('',(4.712388980385,0.29));
#9236 = CARTESIAN_POINT('',(4.712388980385,1.E-002));
#9237 = ( GEOMETRIC_REPRESENTATION_CONTEXT(2) 
PARAMETRIC_REPRESENTATION_CONTEXT() REPRESENTATION_CONTEXT('2D SPACE',''
  ) );
#9238 = PCURVE('',#9019,#9239);
#9239 = DEFINITIONAL_REPRESENTATION('',(#9240),#9244);
#9240 = LINE('',#9241,#9242);
#9241 = CARTESIAN_POINT('',(0.29,0.E+000));
#9242 = VECTOR('',#9243,1.);
#9243 = DIRECTION('',(0.E+000,1.));
#9244 = ( GEOMETRIC_REPRESENTATION_CONTEXT(2) 
PARAMETRIC_REPRESENTATION_CONTEXT() REPRESENTATION_CONTEXT('2D SPACE',''
  ) );
#9245 = ORIENTED_EDGE('',*,*,#9246,.T.);
#9246 = EDGE_CURVE('',#9225,#8091,#9247,.T.);
#9247 = SURFACE_CURVE('',#9248,(#9253,#9259),.PCURVE_S1.);
#9248 = CIRCLE('',#9249,1.E-002);
#9249 = AXIS2_PLACEMENT_3D('',#9250,#9251,#9252);
#9250 = CARTESIAN_POINT('',(1.E-002,0.29,-0.29));
#9251 = DIRECTION('',(0.E+000,-1.,0.E+000));
#9252 = DIRECTION('',(0.E+000,0.E+000,-1.));
#9253 = PCURVE('',#8106,#9254);
#9254 = DEFINITIONAL_REPRESENTATION('',(#9255),#9258);
#9255 = B_SPLINE_CURVE_WITH_KNOTS('',1,(#9256,#9257),.UNSPECIFIED.,.F.,
  .F.,(2,2),(4.712388980385,6.28318530718),.PIECEWISE_BEZIER_KNOTS.);
#9256 = CARTESIAN_POINT('',(4.712388980385,1.E-002));
#9257 = CARTESIAN_POINT('',(6.28318530718,1.E-002));
#9258 = ( GEOMETRIC_REPRESENTATION_CONTEXT(2) 
PARAMETRIC_REPRESENTATION_CONTEXT() REPRESENTATION_CONTEXT('2D SPACE',''
  ) );
#9259 = PCURVE('',#8182,#9260);
#9260 = DEFINITIONAL_REPRESENTATION('',(#9261),#9287);
#9261 = B_SPLINE_CURVE_WITH_KNOTS('',3,(#9262,#9263,#9264,#9265,#9266,
    #9267,#9268,#9269,#9270,#9271,#9272,#9273,#9274,#9275,#9276,#9277,
    #9278,#9279,#9280,#9281,#9282,#9283,#9284,#9285,#9286),
  .UNSPECIFIED.,.F.,.F.,(4,1,1,1,1,1,1,1,1,1,1,1,1,1,1,1,1,1,1,1,1,1,4),
  (4.712388980385,4.783788813421,4.855188646457,4.926588479493,
    4.997988312529,5.069388145565,5.140787978601,5.212187811638,
    5.283587644674,5.35498747771,5.426387310746,5.497787143782,
    5.569186976818,5.640586809854,5.711986642891,5.783386475927,
    5.854786308963,5.926186141999,5.997585975035,6.068985808071,
    6.140385641107,6.211785474143,6.28318530718),.QUASI_UNIFORM_KNOTS.);
#9262 = CARTESIAN_POINT('',(1.,0.E+000));
#9263 = CARTESIAN_POINT('',(0.983172198663,0.E+000));
#9264 = CARTESIAN_POINT('',(0.950009297011,0.E+000));
#9265 = CARTESIAN_POINT('',(0.901574474096,0.E+000));
#9266 = CARTESIAN_POINT('',(0.854275086925,0.E+000));
#9267 = CARTESIAN_POINT('',(0.807956362777,0.E+000));
#9268 = CARTESIAN_POINT('',(0.762473275577,0.E+000));
#9269 = CARTESIAN_POINT('',(0.717690577461,0.E+000));
#9270 = CARTESIAN_POINT('',(0.673480563786,0.E+000));
#9271 = CARTESIAN_POINT('',(0.629721689409,0.E+000));
#9272 = CARTESIAN_POINT('',(0.586297147708,0.E+000));
#9273 = CARTESIAN_POINT('',(0.543093605115,0.E+000));
#9274 = CARTESIAN_POINT('',(0.5,0.E+000));
#9275 = CARTESIAN_POINT('',(0.456906394885,0.E+000));
#9276 = CARTESIAN_POINT('',(0.413702852292,0.E+000));
#9277 = CARTESIAN_POINT('',(0.370278310591,0.E+000));
#9278 = CARTESIAN_POINT('',(0.326519436214,0.E+000));
#9279 = CARTESIAN_POINT('',(0.282309422539,0.E+000));
#9280 = CARTESIAN_POINT('',(0.237526724423,0.E+000));
#9281 = CARTESIAN_POINT('',(0.192043637223,0.E+000));
#9282 = CARTESIAN_POINT('',(0.145724913075,0.E+000));
#9283 = CARTESIAN_POINT('',(9.842552590405E-002,0.E+000));
#9284 = CARTESIAN_POINT('',(4.999070298881E-002,0.E+000));
#9285 = CARTESIAN_POINT('',(1.682780133705E-002,-0.E+000));
#9286 = CARTESIAN_POINT('',(0.E+000,0.E+000));
#9287 = ( GEOMETRIC_REPRESENTATION_CONTEXT(2) 
PARAMETRIC_REPRESENTATION_CONTEXT() REPRESENTATION_CONTEXT('2D SPACE',''
  ) );
#9288 = ORIENTED_EDGE('',*,*,#8090,.T.);
#9289 = ADVANCED_FACE('',(#9290),#8182,.T.);
#9290 = FACE_BOUND('',#9291,.T.);
#9291 = EDGE_LOOP('',(#9292,#9293,#9294));
#9292 = ORIENTED_EDGE('',*,*,#8143,.F.);
#9293 = ORIENTED_EDGE('',*,*,#9246,.F.);
#9294 = ORIENTED_EDGE('',*,*,#9295,.T.);
#9295 = EDGE_CURVE('',#9225,#8144,#9296,.T.);
#9296 = SURFACE_CURVE('',#9297,(#9302,#9331),.PCURVE_S1.);
#9297 = CIRCLE('',#9298,1.E-002);
#9298 = AXIS2_PLACEMENT_3D('',#9299,#9300,#9301);
#9299 = CARTESIAN_POINT('',(1.E-002,0.29,-0.29));
#9300 = DIRECTION('',(0.E+000,-6.123233995737E-017,-1.));
#9301 = DIRECTION('',(1.,-0.E+000,0.E+000));
#9302 = PCURVE('',#8182,#9303);
#9303 = DEFINITIONAL_REPRESENTATION('',(#9304),#9330);
#9304 = B_SPLINE_CURVE_WITH_KNOTS('',3,(#9305,#9306,#9307,#9308,#9309,
    #9310,#9311,#9312,#9313,#9314,#9315,#9316,#9317,#9318,#9319,#9320,
    #9321,#9322,#9323,#9324,#9325,#9326,#9327,#9328,#9329),
  .UNSPECIFIED.,.F.,.F.,(4,1,1,1,1,1,1,1,1,1,1,1,1,1,1,1,1,1,1,1,1,1,4),
  (3.14159265359,3.212992486626,3.284392319662,3.355792152698,
    3.427191985734,3.49859181877,3.569991651807,3.641391484843,
    3.712791317879,3.784191150915,3.855590983951,3.926990816987,
    3.998390650023,4.06979048306,4.141190316096,4.212590149132,
    4.283989982168,4.355389815204,4.42678964824,4.498189481276,
    4.569589314312,4.640989147349,4.712388980385),
  .QUASI_UNIFORM_KNOTS.);
#9305 = CARTESIAN_POINT('',(1.,1.));
#9306 = CARTESIAN_POINT('',(0.983172198663,1.));
#9307 = CARTESIAN_POINT('',(0.950009297011,1.));
#9308 = CARTESIAN_POINT('',(0.901574474096,1.));
#9309 = CARTESIAN_POINT('',(0.854275086925,1.));
#9310 = CARTESIAN_POINT('',(0.807956362777,1.));
#9311 = CARTESIAN_POINT('',(0.762473275577,1.));
#9312 = CARTESIAN_POINT('',(0.717690577461,1.));
#9313 = CARTESIAN_POINT('',(0.673480563786,1.));
#9314 = CARTESIAN_POINT('',(0.629721689409,1.));
#9315 = CARTESIAN_POINT('',(0.586297147708,1.));
#9316 = CARTESIAN_POINT('',(0.543093605115,1.));
#9317 = CARTESIAN_POINT('',(0.5,1.));
#9318 = CARTESIAN_POINT('',(0.456906394885,1.));
#9319 = CARTESIAN_POINT('',(0.413702852292,1.));
#9320 = CARTESIAN_POINT('',(0.370278310591,1.));
#9321 = CARTESIAN_POINT('',(0.326519436214,1.));
#9322 = CARTESIAN_POINT('',(0.282309422539,1.));
#9323 = CARTESIAN_POINT('',(0.237526724423,1.));
#9324 = CARTESIAN_POINT('',(0.192043637223,1.));
#9325 = CARTESIAN_POINT('',(0.145724913075,1.));
#9326 = CARTESIAN_POINT('',(9.842552590405E-002,1.));
#9327 = CARTESIAN_POINT('',(4.999070298881E-002,1.));
#9328 = CARTESIAN_POINT('',(1.682780133705E-002,1.));
#9329 = CARTESIAN_POINT('',(0.E+000,1.));
#9330 = ( GEOMETRIC_REPRESENTATION_CONTEXT(2) 
PARAMETRIC_REPRESENTATION_CONTEXT() REPRESENTATION_CONTEXT('2D SPACE',''
  ) );
#9331 = PCURVE('',#8268,#9332);
#9332 = DEFINITIONAL_REPRESENTATION('',(#9333),#9336);
#9333 = B_SPLINE_CURVE_WITH_KNOTS('',1,(#9334,#9335),.UNSPECIFIED.,.F.,
  .F.,(2,2),(3.14159265359,4.712388980385),.PIECEWISE_BEZIER_KNOTS.);
#9334 = CARTESIAN_POINT('',(3.14159265359,1.E-002));
#9335 = CARTESIAN_POINT('',(1.570796326795,1.E-002));
#9336 = ( GEOMETRIC_REPRESENTATION_CONTEXT(2) 
PARAMETRIC_REPRESENTATION_CONTEXT() REPRESENTATION_CONTEXT('2D SPACE',''
  ) );
#9337 = ADVANCED_FACE('',(#9338),#8268,.T.);
#9338 = FACE_BOUND('',#9339,.T.);
#9339 = EDGE_LOOP('',(#9340,#9383,#9384,#9385));
#9340 = ORIENTED_EDGE('',*,*,#9341,.T.);
#9341 = EDGE_CURVE('',#8962,#8253,#9342,.T.);
#9342 = SURFACE_CURVE('',#9343,(#9348,#9354),.PCURVE_S1.);
#9343 = CIRCLE('',#9344,1.E-002);
#9344 = AXIS2_PLACEMENT_3D('',#9345,#9346,#9347);
#9345 = CARTESIAN_POINT('',(1.E-002,0.29,-1.E-002));
#9346 = DIRECTION('',(0.E+000,0.E+000,-1.));
#9347 = DIRECTION('',(1.,0.E+000,0.E+000));
#9348 = PCURVE('',#8268,#9349);
#9349 = DEFINITIONAL_REPRESENTATION('',(#9350),#9353);
#9350 = B_SPLINE_CURVE_WITH_KNOTS('',1,(#9351,#9352),.UNSPECIFIED.,.F.,
  .F.,(2,2),(3.14159265359,4.712388980385),.PIECEWISE_BEZIER_KNOTS.);
#9351 = CARTESIAN_POINT('',(3.14159265359,0.29));
#9352 = CARTESIAN_POINT('',(1.570796326795,0.29));
#9353 = ( GEOMETRIC_REPRESENTATION_CONTEXT(2) 
PARAMETRIC_REPRESENTATION_CONTEXT() REPRESENTATION_CONTEXT('2D SPACE',''
  ) );
#9354 = PCURVE('',#8317,#9355);
#9355 = DEFINITIONAL_REPRESENTATION('',(#9356),#9382);
#9356 = B_SPLINE_CURVE_WITH_KNOTS('',3,(#9357,#9358,#9359,#9360,#9361,
    #9362,#9363,#9364,#9365,#9366,#9367,#9368,#9369,#9370,#9371,#9372,
    #9373,#9374,#9375,#9376,#9377,#9378,#9379,#9380,#9381),
  .UNSPECIFIED.,.F.,.F.,(4,1,1,1,1,1,1,1,1,1,1,1,1,1,1,1,1,1,1,1,1,1,4),
  (3.14159265359,3.212992486626,3.284392319662,3.355792152698,
    3.427191985734,3.49859181877,3.569991651807,3.641391484843,
    3.712791317879,3.784191150915,3.855590983951,3.926990816987,
    3.998390650023,4.06979048306,4.141190316096,4.212590149132,
    4.283989982168,4.355389815204,4.42678964824,4.498189481276,
    4.569589314312,4.640989147349,4.712388980385),
  .QUASI_UNIFORM_KNOTS.);
#9357 = CARTESIAN_POINT('',(1.,0.E+000));
#9358 = CARTESIAN_POINT('',(0.983172198663,0.E+000));
#9359 = CARTESIAN_POINT('',(0.950009297011,0.E+000));
#9360 = CARTESIAN_POINT('',(0.901574474096,0.E+000));
#9361 = CARTESIAN_POINT('',(0.854275086925,0.E+000));
#9362 = CARTESIAN_POINT('',(0.807956362777,0.E+000));
#9363 = CARTESIAN_POINT('',(0.762473275577,0.E+000));
#9364 = CARTESIAN_POINT('',(0.717690577461,0.E+000));
#9365 = CARTESIAN_POINT('',(0.673480563786,0.E+000));
#9366 = CARTESIAN_POINT('',(0.629721689409,0.E+000));
#9367 = CARTESIAN_POINT('',(0.586297147708,0.E+000));
#9368 = CARTESIAN_POINT('',(0.543093605115,0.E+000));
#9369 = CARTESIAN_POINT('',(0.5,0.E+000));
#9370 = CARTESIAN_POINT('',(0.456906394885,0.E+000));
#9371 = CARTESIAN_POINT('',(0.413702852292,0.E+000));
#9372 = CARTESIAN_POINT('',(0.370278310591,0.E+000));
#9373 = CARTESIAN_POINT('',(0.326519436214,0.E+000));
#9374 = CARTESIAN_POINT('',(0.282309422539,0.E+000));
#9375 = CARTESIAN_POINT('',(0.237526724423,0.E+000));
#9376 = CARTESIAN_POINT('',(0.192043637223,0.E+000));
#9377 = CARTESIAN_POINT('',(0.145724913075,0.E+000));
#9378 = CARTESIAN_POINT('',(9.842552590405E-002,0.E+000));
#9379 = CARTESIAN_POINT('',(4.999070298881E-002,0.E+000));
#9380 = CARTESIAN_POINT('',(1.682780133705E-002,-0.E+000));
#9381 = CARTESIAN_POINT('',(0.E+000,0.E+000));
#9382 = ( GEOMETRIC_REPRESENTATION_CONTEXT(2) 
PARAMETRIC_REPRESENTATION_CONTEXT() REPRESENTATION_CONTEXT('2D SPACE',''
  ) );
#9383 = ORIENTED_EDGE('',*,*,#8252,.T.);
#9384 = ORIENTED_EDGE('',*,*,#9295,.F.);
#9385 = ORIENTED_EDGE('',*,*,#9386,.T.);
#9386 = EDGE_CURVE('',#9225,#8962,#9387,.T.);
#9387 = SURFACE_CURVE('',#9388,(#9392,#9398),.PCURVE_S1.);
#9388 = LINE('',#9389,#9390);
#9389 = CARTESIAN_POINT('',(0.E+000,0.29,-0.3));
#9390 = VECTOR('',#9391,1.);
#9391 = DIRECTION('',(0.E+000,0.E+000,1.));
#9392 = PCURVE('',#8268,#9393);
#9393 = DEFINITIONAL_REPRESENTATION('',(#9394),#9397);
#9394 = B_SPLINE_CURVE_WITH_KNOTS('',1,(#9395,#9396),.UNSPECIFIED.,.F.,
  .F.,(2,2),(1.E-002,0.29),.PIECEWISE_BEZIER_KNOTS.);
#9395 = CARTESIAN_POINT('',(3.14159265359,1.E-002));
#9396 = CARTESIAN_POINT('',(3.14159265359,0.29));
#9397 = ( GEOMETRIC_REPRESENTATION_CONTEXT(2) 
PARAMETRIC_REPRESENTATION_CONTEXT() REPRESENTATION_CONTEXT('2D SPACE',''
  ) );
#9398 = PCURVE('',#9019,#9399);
#9399 = DEFINITIONAL_REPRESENTATION('',(#9400),#9404);
#9400 = LINE('',#9401,#9402);
#9401 = CARTESIAN_POINT('',(0.3,-1.E-002));
#9402 = VECTOR('',#9403,1.);
#9403 = DIRECTION('',(-1.,0.E+000));
#9404 = ( GEOMETRIC_REPRESENTATION_CONTEXT(2) 
PARAMETRIC_REPRESENTATION_CONTEXT() REPRESENTATION_CONTEXT('2D SPACE',''
  ) );
#9405 = ADVANCED_FACE('',(#9406),#8317,.T.);
#9406 = FACE_BOUND('',#9407,.T.);
#9407 = EDGE_LOOP('',(#9408,#9409,#9410));
#9408 = ORIENTED_EDGE('',*,*,#9341,.F.);
#9409 = ORIENTED_EDGE('',*,*,#8961,.F.);
#9410 = ORIENTED_EDGE('',*,*,#8303,.F.);
#9411 = ADVANCED_FACE('',(#9412),#8496,.F.);
#9412 = FACE_BOUND('',#9413,.T.);
#9413 = EDGE_LOOP('',(#9414,#9415,#9416,#9417));
#9414 = ORIENTED_EDGE('',*,*,#8886,.F.);
#9415 = ORIENTED_EDGE('',*,*,#8724,.F.);
#9416 = ORIENTED_EDGE('',*,*,#8583,.F.);
#9417 = ORIENTED_EDGE('',*,*,#8483,.F.);
#9418 = ADVANCED_FACE('',(#9419),#9019,.F.);
#9419 = FACE_BOUND('',#9420,.T.);
#9420 = EDGE_LOOP('',(#9421,#9422,#9423,#9424));
#9421 = ORIENTED_EDGE('',*,*,#9224,.F.);
#9422 = ORIENTED_EDGE('',*,*,#9106,.F.);
#9423 = ORIENTED_EDGE('',*,*,#9006,.F.);
#9424 = ORIENTED_EDGE('',*,*,#9386,.F.);
#9425 = ( GEOMETRIC_REPRESENTATION_CONTEXT(3) 
GLOBAL_UNCERTAINTY_ASSIGNED_CONTEXT((#9429)) 
GLOBAL_UNIT_ASSIGNED_CONTEXT((#9426,#9427,#9428)) REPRESENTATION_CONTEXT
('Context #1','3D Context with UNIT and UNCERTAINTY') );
#9426 = ( LENGTH_UNIT() NAMED_UNIT(*) SI_UNIT(.MILLI.,.METRE.) );
#9427 = ( NAMED_UNIT(*) PLANE_ANGLE_UNIT() SI_UNIT($,.RADIAN.) );
#9428 = ( NAMED_UNIT(*) SI_UNIT($,.STERADIAN.) SOLID_ANGLE_UNIT() );
#9429 = UNCERTAINTY_MEASURE_WITH_UNIT(LENGTH_MEASURE(1.E-007),#9426,
  'distance_accuracy_value','confusion accuracy');
#9430 = SHAPE_DEFINITION_REPRESENTATION(#9431,#5927);
#9431 = PRODUCT_DEFINITION_SHAPE('','',#9432);
#9432 = PRODUCT_DEFINITION('design','',#9433,#9436);
#9433 = PRODUCT_DEFINITION_FORMATION('','',#9434);
#9434 = PRODUCT('User_Library-Chip_Cap_MLCC_0201_(0603)',
  'User_Library-Chip_Cap_MLCC_0201_(0603)','',(#9435));
#9435 = PRODUCT_CONTEXT('',#2,'mechanical');
#9436 = PRODUCT_DEFINITION_CONTEXT('part definition',#2,'design');
#9437 = CONTEXT_DEPENDENT_SHAPE_REPRESENTATION(#9438,#9440);
#9438 = ( REPRESENTATION_RELATIONSHIP('','',#5927,#5917) 
REPRESENTATION_RELATIONSHIP_WITH_TRANSFORMATION(#9439) 
SHAPE_REPRESENTATION_RELATIONSHIP() );
#9439 = ITEM_DEFINED_TRANSFORMATION('','',#11,#5918);
#9440 = PRODUCT_DEFINITION_SHAPE('Placement','Placement of an item',
  #9441);
#9441 = NEXT_ASSEMBLY_USAGE_OCCURRENCE('2','=>[0:1:1:4]','',#5912,#9432,
  $);
#9442 = PRODUCT_RELATED_PRODUCT_CATEGORY('part',$,(#9434));
#9443 = CONTEXT_DEPENDENT_SHAPE_REPRESENTATION(#9444,#9446);
#9444 = ( REPRESENTATION_RELATIONSHIP('','',#5917,#10) 
REPRESENTATION_RELATIONSHIP_WITH_TRANSFORMATION(#9445) 
SHAPE_REPRESENTATION_RELATIONSHIP() );
#9445 = ITEM_DEFINED_TRANSFORMATION('','',#11,#19);
#9446 = PRODUCT_DEFINITION_SHAPE('Placement','Placement of an item',
  #9447);
#9447 = NEXT_ASSEMBLY_USAGE_OCCURRENCE('3','=>[0:1:1:3]','',#5,#5912,$);
#9448 = PRODUCT_RELATED_PRODUCT_CATEGORY('part',$,(#5914));
#9449 = SHAPE_DEFINITION_REPRESENTATION(#9450,#9456);
#9450 = PRODUCT_DEFINITION_SHAPE('','',#9451);
#9451 = PRODUCT_DEFINITION('design','',#9452,#9455);
#9452 = PRODUCT_DEFINITION_FORMATION('','',#9453);
#9453 = PRODUCT('C18','C18','',(#9454));
#9454 = PRODUCT_CONTEXT('',#2,'mechanical');
#9455 = PRODUCT_DEFINITION_CONTEXT('part definition',#2,'design');
#9456 = SHAPE_REPRESENTATION('',(#11,#9457),#9461);
#9457 = AXIS2_PLACEMENT_3D('',#9458,#9459,#9460);
#9458 = CARTESIAN_POINT('',(77.823471069336,78.929534912109,
    -0.798423230648));
#9459 = DIRECTION('',(8.742273289841E-008,-8.742273498342E-008,1.));
#9460 = DIRECTION('',(1.19248806385E-008,1.,8.742273394091E-008));
#9461 = ( GEOMETRIC_REPRESENTATION_CONTEXT(3) 
GLOBAL_UNCERTAINTY_ASSIGNED_CONTEXT((#9465)) 
GLOBAL_UNIT_ASSIGNED_CONTEXT((#9462,#9463,#9464)) REPRESENTATION_CONTEXT
('Context #1','3D Context with UNIT and UNCERTAINTY') );
#9462 = ( LENGTH_UNIT() NAMED_UNIT(*) SI_UNIT(.MILLI.,.METRE.) );
#9463 = ( NAMED_UNIT(*) PLANE_ANGLE_UNIT() SI_UNIT($,.RADIAN.) );
#9464 = ( NAMED_UNIT(*) SI_UNIT($,.STERADIAN.) SOLID_ANGLE_UNIT() );
#9465 = UNCERTAINTY_MEASURE_WITH_UNIT(LENGTH_MEASURE(1.E-007),#9462,
  'distance_accuracy_value','confusion accuracy');
#9466 = CONTEXT_DEPENDENT_SHAPE_REPRESENTATION(#9467,#9469);
#9467 = ( REPRESENTATION_RELATIONSHIP('','',#5927,#9456) 
REPRESENTATION_RELATIONSHIP_WITH_TRANSFORMATION(#9468) 
SHAPE_REPRESENTATION_RELATIONSHIP() );
#9468 = ITEM_DEFINED_TRANSFORMATION('','',#11,#9457);
#9469 = PRODUCT_DEFINITION_SHAPE('Placement','Placement of an item',
  #9470);
#9470 = NEXT_ASSEMBLY_USAGE_OCCURRENCE('4','=>[0:1:1:4]','',#9451,#9432,
  $);
#9471 = CONTEXT_DEPENDENT_SHAPE_REPRESENTATION(#9472,#9474);
#9472 = ( REPRESENTATION_RELATIONSHIP('','',#9456,#10) 
REPRESENTATION_RELATIONSHIP_WITH_TRANSFORMATION(#9473) 
SHAPE_REPRESENTATION_RELATIONSHIP() );
#9473 = ITEM_DEFINED_TRANSFORMATION('','',#11,#23);
#9474 = PRODUCT_DEFINITION_SHAPE('Placement','Placement of an item',
  #9475);
#9475 = NEXT_ASSEMBLY_USAGE_OCCURRENCE('5','=>[0:1:1:5]','',#5,#9451,$);
#9476 = PRODUCT_RELATED_PRODUCT_CATEGORY('part',$,(#9453));
#9477 = SHAPE_DEFINITION_REPRESENTATION(#9478,#9484);
#9478 = PRODUCT_DEFINITION_SHAPE('','',#9479);
#9479 = PRODUCT_DEFINITION('design','',#9480,#9483);
#9480 = PRODUCT_DEFINITION_FORMATION('','',#9481);
#9481 = PRODUCT('C3','C3','',(#9482));
#9482 = PRODUCT_CONTEXT('',#2,'mechanical');
#9483 = PRODUCT_DEFINITION_CONTEXT('part definition',#2,'design');
#9484 = SHAPE_REPRESENTATION('',(#11,#9485),#9489);
#9485 = AXIS2_PLACEMENT_3D('',#9486,#9487,#9488);
#9486 = CARTESIAN_POINT('',(76.462585449219,84.973571777344,
    -0.798423230648));
#9487 = DIRECTION('',(7.642738472527E-015,-6.681494178932E-022,1.));
#9488 = DIRECTION('',(-1.,8.742277657348E-008,7.642738472527E-015));
#9489 = ( GEOMETRIC_REPRESENTATION_CONTEXT(3) 
GLOBAL_UNCERTAINTY_ASSIGNED_CONTEXT((#9493)) 
GLOBAL_UNIT_ASSIGNED_CONTEXT((#9490,#9491,#9492)) REPRESENTATION_CONTEXT
('Context #1','3D Context with UNIT and UNCERTAINTY') );
#9490 = ( LENGTH_UNIT() NAMED_UNIT(*) SI_UNIT(.MILLI.,.METRE.) );
#9491 = ( NAMED_UNIT(*) PLANE_ANGLE_UNIT() SI_UNIT($,.RADIAN.) );
#9492 = ( NAMED_UNIT(*) SI_UNIT($,.STERADIAN.) SOLID_ANGLE_UNIT() );
#9493 = UNCERTAINTY_MEASURE_WITH_UNIT(LENGTH_MEASURE(1.E-007),#9490,
  'distance_accuracy_value','confusion accuracy');
#9494 = CONTEXT_DEPENDENT_SHAPE_REPRESENTATION(#9495,#9497);
#9495 = ( REPRESENTATION_RELATIONSHIP('','',#5927,#9484) 
REPRESENTATION_RELATIONSHIP_WITH_TRANSFORMATION(#9496) 
SHAPE_REPRESENTATION_RELATIONSHIP() );
#9496 = ITEM_DEFINED_TRANSFORMATION('','',#11,#9485);
#9497 = PRODUCT_DEFINITION_SHAPE('Placement','Placement of an item',
  #9498);
#9498 = NEXT_ASSEMBLY_USAGE_OCCURRENCE('6','=>[0:1:1:4]','',#9479,#9432,
  $);
#9499 = CONTEXT_DEPENDENT_SHAPE_REPRESENTATION(#9500,#9502);
#9500 = ( REPRESENTATION_RELATIONSHIP('','',#9484,#10) 
REPRESENTATION_RELATIONSHIP_WITH_TRANSFORMATION(#9501) 
SHAPE_REPRESENTATION_RELATIONSHIP() );
#9501 = ITEM_DEFINED_TRANSFORMATION('','',#11,#27);
#9502 = PRODUCT_DEFINITION_SHAPE('Placement','Placement of an item',
  #9503);
#9503 = NEXT_ASSEMBLY_USAGE_OCCURRENCE('7','=>[0:1:1:6]','',#5,#9479,$);
#9504 = PRODUCT_RELATED_PRODUCT_CATEGORY('part',$,(#9481));
#9505 = SHAPE_DEFINITION_REPRESENTATION(#9506,#9512);
#9506 = PRODUCT_DEFINITION_SHAPE('','',#9507);
#9507 = PRODUCT_DEFINITION('design','',#9508,#9511);
#9508 = PRODUCT_DEFINITION_FORMATION('','',#9509);
#9509 = PRODUCT('C4','C4','',(#9510));
#9510 = PRODUCT_CONTEXT('',#2,'mechanical');
#9511 = PRODUCT_DEFINITION_CONTEXT('part definition',#2,'design');
#9512 = SHAPE_REPRESENTATION('',(#11,#9513),#9517);
#9513 = AXIS2_PLACEMENT_3D('',#9514,#9515,#9516);
#9514 = CARTESIAN_POINT('',(76.60173034668,85.769760131836,
    -0.798423230648));
#9515 = DIRECTION('',(8.742273289841E-008,-8.742273498342E-008,1.));
#9516 = DIRECTION('',(1.19248806385E-008,1.,8.742273394091E-008));
#9517 = ( GEOMETRIC_REPRESENTATION_CONTEXT(3) 
GLOBAL_UNCERTAINTY_ASSIGNED_CONTEXT((#9521)) 
GLOBAL_UNIT_ASSIGNED_CONTEXT((#9518,#9519,#9520)) REPRESENTATION_CONTEXT
('Context #1','3D Context with UNIT and UNCERTAINTY') );
#9518 = ( LENGTH_UNIT() NAMED_UNIT(*) SI_UNIT(.MILLI.,.METRE.) );
#9519 = ( NAMED_UNIT(*) PLANE_ANGLE_UNIT() SI_UNIT($,.RADIAN.) );
#9520 = ( NAMED_UNIT(*) SI_UNIT($,.STERADIAN.) SOLID_ANGLE_UNIT() );
#9521 = UNCERTAINTY_MEASURE_WITH_UNIT(LENGTH_MEASURE(1.E-007),#9518,
  'distance_accuracy_value','confusion accuracy');
#9522 = CONTEXT_DEPENDENT_SHAPE_REPRESENTATION(#9523,#9525);
#9523 = ( REPRESENTATION_RELATIONSHIP('','',#5927,#9512) 
REPRESENTATION_RELATIONSHIP_WITH_TRANSFORMATION(#9524) 
SHAPE_REPRESENTATION_RELATIONSHIP() );
#9524 = ITEM_DEFINED_TRANSFORMATION('','',#11,#9513);
#9525 = PRODUCT_DEFINITION_SHAPE('Placement','Placement of an item',
  #9526);
#9526 = NEXT_ASSEMBLY_USAGE_OCCURRENCE('8','=>[0:1:1:4]','',#9507,#9432,
  $);
#9527 = CONTEXT_DEPENDENT_SHAPE_REPRESENTATION(#9528,#9530);
#9528 = ( REPRESENTATION_RELATIONSHIP('','',#9512,#10) 
REPRESENTATION_RELATIONSHIP_WITH_TRANSFORMATION(#9529) 
SHAPE_REPRESENTATION_RELATIONSHIP() );
#9529 = ITEM_DEFINED_TRANSFORMATION('','',#11,#31);
#9530 = PRODUCT_DEFINITION_SHAPE('Placement','Placement of an item',
  #9531);
#9531 = NEXT_ASSEMBLY_USAGE_OCCURRENCE('9','=>[0:1:1:7]','',#5,#9507,$);
#9532 = PRODUCT_RELATED_PRODUCT_CATEGORY('part',$,(#9509));
#9533 = SHAPE_DEFINITION_REPRESENTATION(#9534,#9540);
#9534 = PRODUCT_DEFINITION_SHAPE('','',#9535);
#9535 = PRODUCT_DEFINITION('design','',#9536,#9539);
#9536 = PRODUCT_DEFINITION_FORMATION('','',#9537);
#9537 = PRODUCT('CAT1','CAT1','',(#9538));
#9538 = PRODUCT_CONTEXT('',#2,'mechanical');
#9539 = PRODUCT_DEFINITION_CONTEXT('part definition',#2,'design');
#9540 = SHAPE_REPRESENTATION('',(#11,#9541),#9545);
#9541 = AXIS2_PLACEMENT_3D('',#9542,#9543,#9544);
#9542 = CARTESIAN_POINT('',(85.731597900391,77.460502624512,
    -2.248422384262));
#9543 = DIRECTION('',(0.E+000,0.E+000,1.));
#9544 = DIRECTION('',(1.,0.E+000,0.E+000));
#9545 = ( GEOMETRIC_REPRESENTATION_CONTEXT(3) 
GLOBAL_UNCERTAINTY_ASSIGNED_CONTEXT((#9549)) 
GLOBAL_UNIT_ASSIGNED_CONTEXT((#9546,#9547,#9548)) REPRESENTATION_CONTEXT
('Context #1','3D Context with UNIT and UNCERTAINTY') );
#9546 = ( LENGTH_UNIT() NAMED_UNIT(*) SI_UNIT(.MILLI.,.METRE.) );
#9547 = ( NAMED_UNIT(*) PLANE_ANGLE_UNIT() SI_UNIT($,.RADIAN.) );
#9548 = ( NAMED_UNIT(*) SI_UNIT($,.STERADIAN.) SOLID_ANGLE_UNIT() );
#9549 = UNCERTAINTY_MEASURE_WITH_UNIT(LENGTH_MEASURE(1.E-007),#9546,
  'distance_accuracy_value','confusion accuracy');
#9550 = SHAPE_DEFINITION_REPRESENTATION(#9551,#9557);
#9551 = PRODUCT_DEFINITION_SHAPE('','',#9552);
#9552 = PRODUCT_DEFINITION('design','',#9553,#9556);
#9553 = PRODUCT_DEFINITION_FORMATION('','',#9554);
#9554 = PRODUCT('498383248','498383248','',(#9555));
#9555 = PRODUCT_CONTEXT('',#2,'mechanical');
#9556 = PRODUCT_DEFINITION_CONTEXT('part definition',#2,'design');
#9557 = SHAPE_REPRESENTATION('',(#11,#9558),#9562);
#9558 = AXIS2_PLACEMENT_3D('',#9559,#9560,#9561);
#9559 = CARTESIAN_POINT('',(0.E+000,0.E+000,0.E+000));
#9560 = DIRECTION('',(0.E+000,0.E+000,1.));
#9561 = DIRECTION('',(1.,0.E+000,0.E+000));
#9562 = ( GEOMETRIC_REPRESENTATION_CONTEXT(3) 
GLOBAL_UNCERTAINTY_ASSIGNED_CONTEXT((#9566)) 
GLOBAL_UNIT_ASSIGNED_CONTEXT((#9563,#9564,#9565)) REPRESENTATION_CONTEXT
('Context #1','3D Context with UNIT and UNCERTAINTY') );
#9563 = ( LENGTH_UNIT() NAMED_UNIT(*) SI_UNIT(.MILLI.,.METRE.) );
#9564 = ( NAMED_UNIT(*) PLANE_ANGLE_UNIT() SI_UNIT($,.RADIAN.) );
#9565 = ( NAMED_UNIT(*) SI_UNIT($,.STERADIAN.) SOLID_ANGLE_UNIT() );
#9566 = UNCERTAINTY_MEASURE_WITH_UNIT(LENGTH_MEASURE(1.E-007),#9563,
  'distance_accuracy_value','confusion accuracy');
#9567 = ADVANCED_BREP_SHAPE_REPRESENTATION('',(#11,#9568),#9898);
#9568 = MANIFOLD_SOLID_BREP('',#9569);
#9569 = CLOSED_SHELL('',(#9570,#9690,#9766,#9837,#9884,#9891));
#9570 = ADVANCED_FACE('',(#9571),#9585,.F.);
#9571 = FACE_BOUND('',#9572,.F.);
#9572 = EDGE_LOOP('',(#9573,#9608,#9636,#9664));
#9573 = ORIENTED_EDGE('',*,*,#9574,.T.);
#9574 = EDGE_CURVE('',#9575,#9577,#9579,.T.);
#9575 = VERTEX_POINT('',#9576);
#9576 = CARTESIAN_POINT('',(-0.87499952,1.52500076,0.E+000));
#9577 = VERTEX_POINT('',#9578);
#9578 = CARTESIAN_POINT('',(-0.87499952,1.52500076,1.20000014));
#9579 = SURFACE_CURVE('',#9580,(#9584,#9596),.PCURVE_S1.);
#9580 = LINE('',#9581,#9582);
#9581 = CARTESIAN_POINT('',(-0.87499952,1.52500076,0.E+000));
#9582 = VECTOR('',#9583,1.);
#9583 = DIRECTION('',(0.E+000,0.E+000,1.));
#9584 = PCURVE('',#9585,#9590);
#9585 = PLANE('',#9586);
#9586 = AXIS2_PLACEMENT_3D('',#9587,#9588,#9589);
#9587 = CARTESIAN_POINT('',(-0.87499952,1.52500076,0.E+000));
#9588 = DIRECTION('',(1.,0.E+000,-0.E+000));
#9589 = DIRECTION('',(0.E+000,-1.,0.E+000));
#9590 = DEFINITIONAL_REPRESENTATION('',(#9591),#9595);
#9591 = LINE('',#9592,#9593);
#9592 = CARTESIAN_POINT('',(0.E+000,0.E+000));
#9593 = VECTOR('',#9594,1.);
#9594 = DIRECTION('',(0.E+000,-1.));
#9595 = ( GEOMETRIC_REPRESENTATION_CONTEXT(2) 
PARAMETRIC_REPRESENTATION_CONTEXT() REPRESENTATION_CONTEXT('2D SPACE',''
  ) );
#9596 = PCURVE('',#9597,#9602);
#9597 = PLANE('',#9598);
#9598 = AXIS2_PLACEMENT_3D('',#9599,#9600,#9601);
#9599 = CARTESIAN_POINT('',(0.87500206,1.52500076,0.E+000));
#9600 = DIRECTION('',(0.E+000,-1.,0.E+000));
#9601 = DIRECTION('',(-1.,0.E+000,0.E+000));
#9602 = DEFINITIONAL_REPRESENTATION('',(#9603),#9607);
#9603 = LINE('',#9604,#9605);
#9604 = CARTESIAN_POINT('',(1.75000158,0.E+000));
#9605 = VECTOR('',#9606,1.);
#9606 = DIRECTION('',(0.E+000,-1.));
#9607 = ( GEOMETRIC_REPRESENTATION_CONTEXT(2) 
PARAMETRIC_REPRESENTATION_CONTEXT() REPRESENTATION_CONTEXT('2D SPACE',''
  ) );
#9608 = ORIENTED_EDGE('',*,*,#9609,.T.);
#9609 = EDGE_CURVE('',#9577,#9610,#9612,.T.);
#9610 = VERTEX_POINT('',#9611);
#9611 = CARTESIAN_POINT('',(-0.87499952,-1.52499822,1.20000014));
#9612 = SURFACE_CURVE('',#9613,(#9617,#9624),.PCURVE_S1.);
#9613 = LINE('',#9614,#9615);
#9614 = CARTESIAN_POINT('',(-0.87499952,1.52500076,1.20000014));
#9615 = VECTOR('',#9616,1.);
#9616 = DIRECTION('',(0.E+000,-1.,0.E+000));
#9617 = PCURVE('',#9585,#9618);
#9618 = DEFINITIONAL_REPRESENTATION('',(#9619),#9623);
#9619 = LINE('',#9620,#9621);
#9620 = CARTESIAN_POINT('',(0.E+000,-1.20000014));
#9621 = VECTOR('',#9622,1.);
#9622 = DIRECTION('',(1.,0.E+000));
#9623 = ( GEOMETRIC_REPRESENTATION_CONTEXT(2) 
PARAMETRIC_REPRESENTATION_CONTEXT() REPRESENTATION_CONTEXT('2D SPACE',''
  ) );
#9624 = PCURVE('',#9625,#9630);
#9625 = PLANE('',#9626);
#9626 = AXIS2_PLACEMENT_3D('',#9627,#9628,#9629);
#9627 = CARTESIAN_POINT('',(-0.87499952,1.52500076,1.20000014));
#9628 = DIRECTION('',(0.E+000,0.E+000,-1.));
#9629 = DIRECTION('',(-1.,0.E+000,-0.E+000));
#9630 = DEFINITIONAL_REPRESENTATION('',(#9631),#9635);
#9631 = LINE('',#9632,#9633);
#9632 = CARTESIAN_POINT('',(0.E+000,0.E+000));
#9633 = VECTOR('',#9634,1.);
#9634 = DIRECTION('',(-0.E+000,-1.));
#9635 = ( GEOMETRIC_REPRESENTATION_CONTEXT(2) 
PARAMETRIC_REPRESENTATION_CONTEXT() REPRESENTATION_CONTEXT('2D SPACE',''
  ) );
#9636 = ORIENTED_EDGE('',*,*,#9637,.F.);
#9637 = EDGE_CURVE('',#9638,#9610,#9640,.T.);
#9638 = VERTEX_POINT('',#9639);
#9639 = CARTESIAN_POINT('',(-0.87499952,-1.52499822,0.E+000));
#9640 = SURFACE_CURVE('',#9641,(#9645,#9652),.PCURVE_S1.);
#9641 = LINE('',#9642,#9643);
#9642 = CARTESIAN_POINT('',(-0.87499952,-1.52499822,0.E+000));
#9643 = VECTOR('',#9644,1.);
#9644 = DIRECTION('',(0.E+000,0.E+000,1.));
#9645 = PCURVE('',#9585,#9646);
#9646 = DEFINITIONAL_REPRESENTATION('',(#9647),#9651);
#9647 = LINE('',#9648,#9649);
#9648 = CARTESIAN_POINT('',(3.04999898,0.E+000));
#9649 = VECTOR('',#9650,1.);
#9650 = DIRECTION('',(0.E+000,-1.));
#9651 = ( GEOMETRIC_REPRESENTATION_CONTEXT(2) 
PARAMETRIC_REPRESENTATION_CONTEXT() REPRESENTATION_CONTEXT('2D SPACE',''
  ) );
#9652 = PCURVE('',#9653,#9658);
#9653 = PLANE('',#9654);
#9654 = AXIS2_PLACEMENT_3D('',#9655,#9656,#9657);
#9655 = CARTESIAN_POINT('',(-0.87499952,-1.52499822,0.E+000));
#9656 = DIRECTION('',(0.E+000,1.,0.E+000));
#9657 = DIRECTION('',(1.,0.E+000,0.E+000));
#9658 = DEFINITIONAL_REPRESENTATION('',(#9659),#9663);
#9659 = LINE('',#9660,#9661);
#9660 = CARTESIAN_POINT('',(0.E+000,0.E+000));
#9661 = VECTOR('',#9662,1.);
#9662 = DIRECTION('',(0.E+000,-1.));
#9663 = ( GEOMETRIC_REPRESENTATION_CONTEXT(2) 
PARAMETRIC_REPRESENTATION_CONTEXT() REPRESENTATION_CONTEXT('2D SPACE',''
  ) );
#9664 = ORIENTED_EDGE('',*,*,#9665,.F.);
#9665 = EDGE_CURVE('',#9575,#9638,#9666,.T.);
#9666 = SURFACE_CURVE('',#9667,(#9671,#9678),.PCURVE_S1.);
#9667 = LINE('',#9668,#9669);
#9668 = CARTESIAN_POINT('',(-0.87499952,1.52500076,0.E+000));
#9669 = VECTOR('',#9670,1.);
#9670 = DIRECTION('',(0.E+000,-1.,0.E+000));
#9671 = PCURVE('',#9585,#9672);
#9672 = DEFINITIONAL_REPRESENTATION('',(#9673),#9677);
#9673 = LINE('',#9674,#9675);
#9674 = CARTESIAN_POINT('',(0.E+000,0.E+000));
#9675 = VECTOR('',#9676,1.);
#9676 = DIRECTION('',(1.,0.E+000));
#9677 = ( GEOMETRIC_REPRESENTATION_CONTEXT(2) 
PARAMETRIC_REPRESENTATION_CONTEXT() REPRESENTATION_CONTEXT('2D SPACE',''
  ) );
#9678 = PCURVE('',#9679,#9684);
#9679 = PLANE('',#9680);
#9680 = AXIS2_PLACEMENT_3D('',#9681,#9682,#9683);
#9681 = CARTESIAN_POINT('',(-0.87499952,1.52500076,0.E+000));
#9682 = DIRECTION('',(0.E+000,0.E+000,-1.));
#9683 = DIRECTION('',(-1.,0.E+000,-0.E+000));
#9684 = DEFINITIONAL_REPRESENTATION('',(#9685),#9689);
#9685 = LINE('',#9686,#9687);
#9686 = CARTESIAN_POINT('',(0.E+000,0.E+000));
#9687 = VECTOR('',#9688,1.);
#9688 = DIRECTION('',(-0.E+000,-1.));
#9689 = ( GEOMETRIC_REPRESENTATION_CONTEXT(2) 
PARAMETRIC_REPRESENTATION_CONTEXT() REPRESENTATION_CONTEXT('2D SPACE',''
  ) );
#9690 = ADVANCED_FACE('',(#9691),#9653,.F.);
#9691 = FACE_BOUND('',#9692,.F.);
#9692 = EDGE_LOOP('',(#9693,#9694,#9717,#9745));
#9693 = ORIENTED_EDGE('',*,*,#9637,.T.);
#9694 = ORIENTED_EDGE('',*,*,#9695,.T.);
#9695 = EDGE_CURVE('',#9610,#9696,#9698,.T.);
#9696 = VERTEX_POINT('',#9697);
#9697 = CARTESIAN_POINT('',(0.87500206,-1.52499822,1.20000014));
#9698 = SURFACE_CURVE('',#9699,(#9703,#9710),.PCURVE_S1.);
#9699 = LINE('',#9700,#9701);
#9700 = CARTESIAN_POINT('',(-0.87499952,-1.52499822,1.20000014));
#9701 = VECTOR('',#9702,1.);
#9702 = DIRECTION('',(1.,0.E+000,0.E+000));
#9703 = PCURVE('',#9653,#9704);
#9704 = DEFINITIONAL_REPRESENTATION('',(#9705),#9709);
#9705 = LINE('',#9706,#9707);
#9706 = CARTESIAN_POINT('',(0.E+000,-1.20000014));
#9707 = VECTOR('',#9708,1.);
#9708 = DIRECTION('',(1.,0.E+000));
#9709 = ( GEOMETRIC_REPRESENTATION_CONTEXT(2) 
PARAMETRIC_REPRESENTATION_CONTEXT() REPRESENTATION_CONTEXT('2D SPACE',''
  ) );
#9710 = PCURVE('',#9625,#9711);
#9711 = DEFINITIONAL_REPRESENTATION('',(#9712),#9716);
#9712 = LINE('',#9713,#9714);
#9713 = CARTESIAN_POINT('',(-0.E+000,-3.04999898));
#9714 = VECTOR('',#9715,1.);
#9715 = DIRECTION('',(-1.,0.E+000));
#9716 = ( GEOMETRIC_REPRESENTATION_CONTEXT(2) 
PARAMETRIC_REPRESENTATION_CONTEXT() REPRESENTATION_CONTEXT('2D SPACE',''
  ) );
#9717 = ORIENTED_EDGE('',*,*,#9718,.F.);
#9718 = EDGE_CURVE('',#9719,#9696,#9721,.T.);
#9719 = VERTEX_POINT('',#9720);
#9720 = CARTESIAN_POINT('',(0.87500206,-1.52499822,0.E+000));
#9721 = SURFACE_CURVE('',#9722,(#9726,#9733),.PCURVE_S1.);
#9722 = LINE('',#9723,#9724);
#9723 = CARTESIAN_POINT('',(0.87500206,-1.52499822,0.E+000));
#9724 = VECTOR('',#9725,1.);
#9725 = DIRECTION('',(0.E+000,0.E+000,1.));
#9726 = PCURVE('',#9653,#9727);
#9727 = DEFINITIONAL_REPRESENTATION('',(#9728),#9732);
#9728 = LINE('',#9729,#9730);
#9729 = CARTESIAN_POINT('',(1.75000158,0.E+000));
#9730 = VECTOR('',#9731,1.);
#9731 = DIRECTION('',(0.E+000,-1.));
#9732 = ( GEOMETRIC_REPRESENTATION_CONTEXT(2) 
PARAMETRIC_REPRESENTATION_CONTEXT() REPRESENTATION_CONTEXT('2D SPACE',''
  ) );
#9733 = PCURVE('',#9734,#9739);
#9734 = PLANE('',#9735);
#9735 = AXIS2_PLACEMENT_3D('',#9736,#9737,#9738);
#9736 = CARTESIAN_POINT('',(0.87500206,-1.52499822,0.E+000));
#9737 = DIRECTION('',(-1.,0.E+000,0.E+000));
#9738 = DIRECTION('',(0.E+000,1.,0.E+000));
#9739 = DEFINITIONAL_REPRESENTATION('',(#9740),#9744);
#9740 = LINE('',#9741,#9742);
#9741 = CARTESIAN_POINT('',(0.E+000,0.E+000));
#9742 = VECTOR('',#9743,1.);
#9743 = DIRECTION('',(0.E+000,-1.));
#9744 = ( GEOMETRIC_REPRESENTATION_CONTEXT(2) 
PARAMETRIC_REPRESENTATION_CONTEXT() REPRESENTATION_CONTEXT('2D SPACE',''
  ) );
#9745 = ORIENTED_EDGE('',*,*,#9746,.F.);
#9746 = EDGE_CURVE('',#9638,#9719,#9747,.T.);
#9747 = SURFACE_CURVE('',#9748,(#9752,#9759),.PCURVE_S1.);
#9748 = LINE('',#9749,#9750);
#9749 = CARTESIAN_POINT('',(-0.87499952,-1.52499822,0.E+000));
#9750 = VECTOR('',#9751,1.);
#9751 = DIRECTION('',(1.,0.E+000,0.E+000));
#9752 = PCURVE('',#9653,#9753);
#9753 = DEFINITIONAL_REPRESENTATION('',(#9754),#9758);
#9754 = LINE('',#9755,#9756);
#9755 = CARTESIAN_POINT('',(0.E+000,0.E+000));
#9756 = VECTOR('',#9757,1.);
#9757 = DIRECTION('',(1.,0.E+000));
#9758 = ( GEOMETRIC_REPRESENTATION_CONTEXT(2) 
PARAMETRIC_REPRESENTATION_CONTEXT() REPRESENTATION_CONTEXT('2D SPACE',''
  ) );
#9759 = PCURVE('',#9679,#9760);
#9760 = DEFINITIONAL_REPRESENTATION('',(#9761),#9765);
#9761 = LINE('',#9762,#9763);
#9762 = CARTESIAN_POINT('',(-0.E+000,-3.04999898));
#9763 = VECTOR('',#9764,1.);
#9764 = DIRECTION('',(-1.,0.E+000));
#9765 = ( GEOMETRIC_REPRESENTATION_CONTEXT(2) 
PARAMETRIC_REPRESENTATION_CONTEXT() REPRESENTATION_CONTEXT('2D SPACE',''
  ) );
#9766 = ADVANCED_FACE('',(#9767),#9734,.F.);
#9767 = FACE_BOUND('',#9768,.F.);
#9768 = EDGE_LOOP('',(#9769,#9770,#9793,#9816));
#9769 = ORIENTED_EDGE('',*,*,#9718,.T.);
#9770 = ORIENTED_EDGE('',*,*,#9771,.T.);
#9771 = EDGE_CURVE('',#9696,#9772,#9774,.T.);
#9772 = VERTEX_POINT('',#9773);
#9773 = CARTESIAN_POINT('',(0.87500206,1.52500076,1.20000014));
#9774 = SURFACE_CURVE('',#9775,(#9779,#9786),.PCURVE_S1.);
#9775 = LINE('',#9776,#9777);
#9776 = CARTESIAN_POINT('',(0.87500206,-1.52499822,1.20000014));
#9777 = VECTOR('',#9778,1.);
#9778 = DIRECTION('',(0.E+000,1.,0.E+000));
#9779 = PCURVE('',#9734,#9780);
#9780 = DEFINITIONAL_REPRESENTATION('',(#9781),#9785);
#9781 = LINE('',#9782,#9783);
#9782 = CARTESIAN_POINT('',(0.E+000,-1.20000014));
#9783 = VECTOR('',#9784,1.);
#9784 = DIRECTION('',(1.,0.E+000));
#9785 = ( GEOMETRIC_REPRESENTATION_CONTEXT(2) 
PARAMETRIC_REPRESENTATION_CONTEXT() REPRESENTATION_CONTEXT('2D SPACE',''
  ) );
#9786 = PCURVE('',#9625,#9787);
#9787 = DEFINITIONAL_REPRESENTATION('',(#9788),#9792);
#9788 = LINE('',#9789,#9790);
#9789 = CARTESIAN_POINT('',(-1.75000158,-3.04999898));
#9790 = VECTOR('',#9791,1.);
#9791 = DIRECTION('',(0.E+000,1.));
#9792 = ( GEOMETRIC_REPRESENTATION_CONTEXT(2) 
PARAMETRIC_REPRESENTATION_CONTEXT() REPRESENTATION_CONTEXT('2D SPACE',''
  ) );
#9793 = ORIENTED_EDGE('',*,*,#9794,.F.);
#9794 = EDGE_CURVE('',#9795,#9772,#9797,.T.);
#9795 = VERTEX_POINT('',#9796);
#9796 = CARTESIAN_POINT('',(0.87500206,1.52500076,0.E+000));
#9797 = SURFACE_CURVE('',#9798,(#9802,#9809),.PCURVE_S1.);
#9798 = LINE('',#9799,#9800);
#9799 = CARTESIAN_POINT('',(0.87500206,1.52500076,0.E+000));
#9800 = VECTOR('',#9801,1.);
#9801 = DIRECTION('',(0.E+000,0.E+000,1.));
#9802 = PCURVE('',#9734,#9803);
#9803 = DEFINITIONAL_REPRESENTATION('',(#9804),#9808);
#9804 = LINE('',#9805,#9806);
#9805 = CARTESIAN_POINT('',(3.04999898,0.E+000));
#9806 = VECTOR('',#9807,1.);
#9807 = DIRECTION('',(0.E+000,-1.));
#9808 = ( GEOMETRIC_REPRESENTATION_CONTEXT(2) 
PARAMETRIC_REPRESENTATION_CONTEXT() REPRESENTATION_CONTEXT('2D SPACE',''
  ) );
#9809 = PCURVE('',#9597,#9810);
#9810 = DEFINITIONAL_REPRESENTATION('',(#9811),#9815);
#9811 = LINE('',#9812,#9813);
#9812 = CARTESIAN_POINT('',(0.E+000,-0.E+000));
#9813 = VECTOR('',#9814,1.);
#9814 = DIRECTION('',(0.E+000,-1.));
#9815 = ( GEOMETRIC_REPRESENTATION_CONTEXT(2) 
PARAMETRIC_REPRESENTATION_CONTEXT() REPRESENTATION_CONTEXT('2D SPACE',''
  ) );
#9816 = ORIENTED_EDGE('',*,*,#9817,.F.);
#9817 = EDGE_CURVE('',#9719,#9795,#9818,.T.);
#9818 = SURFACE_CURVE('',#9819,(#9823,#9830),.PCURVE_S1.);
#9819 = LINE('',#9820,#9821);
#9820 = CARTESIAN_POINT('',(0.87500206,-1.52499822,0.E+000));
#9821 = VECTOR('',#9822,1.);
#9822 = DIRECTION('',(0.E+000,1.,0.E+000));
#9823 = PCURVE('',#9734,#9824);
#9824 = DEFINITIONAL_REPRESENTATION('',(#9825),#9829);
#9825 = LINE('',#9826,#9827);
#9826 = CARTESIAN_POINT('',(0.E+000,0.E+000));
#9827 = VECTOR('',#9828,1.);
#9828 = DIRECTION('',(1.,0.E+000));
#9829 = ( GEOMETRIC_REPRESENTATION_CONTEXT(2) 
PARAMETRIC_REPRESENTATION_CONTEXT() REPRESENTATION_CONTEXT('2D SPACE',''
  ) );
#9830 = PCURVE('',#9679,#9831);
#9831 = DEFINITIONAL_REPRESENTATION('',(#9832),#9836);
#9832 = LINE('',#9833,#9834);
#9833 = CARTESIAN_POINT('',(-1.75000158,-3.04999898));
#9834 = VECTOR('',#9835,1.);
#9835 = DIRECTION('',(0.E+000,1.));
#9836 = ( GEOMETRIC_REPRESENTATION_CONTEXT(2) 
PARAMETRIC_REPRESENTATION_CONTEXT() REPRESENTATION_CONTEXT('2D SPACE',''
  ) );
#9837 = ADVANCED_FACE('',(#9838),#9597,.F.);
#9838 = FACE_BOUND('',#9839,.F.);
#9839 = EDGE_LOOP('',(#9840,#9841,#9862,#9863));
#9840 = ORIENTED_EDGE('',*,*,#9794,.T.);
#9841 = ORIENTED_EDGE('',*,*,#9842,.T.);
#9842 = EDGE_CURVE('',#9772,#9577,#9843,.T.);
#9843 = SURFACE_CURVE('',#9844,(#9848,#9855),.PCURVE_S1.);
#9844 = LINE('',#9845,#9846);
#9845 = CARTESIAN_POINT('',(0.87500206,1.52500076,1.20000014));
#9846 = VECTOR('',#9847,1.);
#9847 = DIRECTION('',(-1.,0.E+000,0.E+000));
#9848 = PCURVE('',#9597,#9849);
#9849 = DEFINITIONAL_REPRESENTATION('',(#9850),#9854);
#9850 = LINE('',#9851,#9852);
#9851 = CARTESIAN_POINT('',(0.E+000,-1.20000014));
#9852 = VECTOR('',#9853,1.);
#9853 = DIRECTION('',(1.,0.E+000));
#9854 = ( GEOMETRIC_REPRESENTATION_CONTEXT(2) 
PARAMETRIC_REPRESENTATION_CONTEXT() REPRESENTATION_CONTEXT('2D SPACE',''
  ) );
#9855 = PCURVE('',#9625,#9856);
#9856 = DEFINITIONAL_REPRESENTATION('',(#9857),#9861);
#9857 = LINE('',#9858,#9859);
#9858 = CARTESIAN_POINT('',(-1.75000158,0.E+000));
#9859 = VECTOR('',#9860,1.);
#9860 = DIRECTION('',(1.,0.E+000));
#9861 = ( GEOMETRIC_REPRESENTATION_CONTEXT(2) 
PARAMETRIC_REPRESENTATION_CONTEXT() REPRESENTATION_CONTEXT('2D SPACE',''
  ) );
#9862 = ORIENTED_EDGE('',*,*,#9574,.F.);
#9863 = ORIENTED_EDGE('',*,*,#9864,.F.);
#9864 = EDGE_CURVE('',#9795,#9575,#9865,.T.);
#9865 = SURFACE_CURVE('',#9866,(#9870,#9877),.PCURVE_S1.);
#9866 = LINE('',#9867,#9868);
#9867 = CARTESIAN_POINT('',(0.87500206,1.52500076,0.E+000));
#9868 = VECTOR('',#9869,1.);
#9869 = DIRECTION('',(-1.,0.E+000,0.E+000));
#9870 = PCURVE('',#9597,#9871);
#9871 = DEFINITIONAL_REPRESENTATION('',(#9872),#9876);
#9872 = LINE('',#9873,#9874);
#9873 = CARTESIAN_POINT('',(0.E+000,-0.E+000));
#9874 = VECTOR('',#9875,1.);
#9875 = DIRECTION('',(1.,0.E+000));
#9876 = ( GEOMETRIC_REPRESENTATION_CONTEXT(2) 
PARAMETRIC_REPRESENTATION_CONTEXT() REPRESENTATION_CONTEXT('2D SPACE',''
  ) );
#9877 = PCURVE('',#9679,#9878);
#9878 = DEFINITIONAL_REPRESENTATION('',(#9879),#9883);
#9879 = LINE('',#9880,#9881);
#9880 = CARTESIAN_POINT('',(-1.75000158,0.E+000));
#9881 = VECTOR('',#9882,1.);
#9882 = DIRECTION('',(1.,0.E+000));
#9883 = ( GEOMETRIC_REPRESENTATION_CONTEXT(2) 
PARAMETRIC_REPRESENTATION_CONTEXT() REPRESENTATION_CONTEXT('2D SPACE',''
  ) );
#9884 = ADVANCED_FACE('',(#9885),#9679,.T.);
#9885 = FACE_BOUND('',#9886,.F.);
#9886 = EDGE_LOOP('',(#9887,#9888,#9889,#9890));
#9887 = ORIENTED_EDGE('',*,*,#9665,.T.);
#9888 = ORIENTED_EDGE('',*,*,#9746,.T.);
#9889 = ORIENTED_EDGE('',*,*,#9817,.T.);
#9890 = ORIENTED_EDGE('',*,*,#9864,.T.);
#9891 = ADVANCED_FACE('',(#9892),#9625,.F.);
#9892 = FACE_BOUND('',#9893,.T.);
#9893 = EDGE_LOOP('',(#9894,#9895,#9896,#9897));
#9894 = ORIENTED_EDGE('',*,*,#9609,.T.);
#9895 = ORIENTED_EDGE('',*,*,#9695,.T.);
#9896 = ORIENTED_EDGE('',*,*,#9771,.T.);
#9897 = ORIENTED_EDGE('',*,*,#9842,.T.);
#9898 = ( GEOMETRIC_REPRESENTATION_CONTEXT(3) 
GLOBAL_UNCERTAINTY_ASSIGNED_CONTEXT((#9902)) 
GLOBAL_UNIT_ASSIGNED_CONTEXT((#9899,#9900,#9901)) REPRESENTATION_CONTEXT
('Context #1','3D Context with UNIT and UNCERTAINTY') );
#9899 = ( LENGTH_UNIT() NAMED_UNIT(*) SI_UNIT(.MILLI.,.METRE.) );
#9900 = ( NAMED_UNIT(*) PLANE_ANGLE_UNIT() SI_UNIT($,.RADIAN.) );
#9901 = ( NAMED_UNIT(*) SI_UNIT($,.STERADIAN.) SOLID_ANGLE_UNIT() );
#9902 = UNCERTAINTY_MEASURE_WITH_UNIT(LENGTH_MEASURE(1.E-007),#9899,
  'distance_accuracy_value','confusion accuracy');
#9903 = SHAPE_DEFINITION_REPRESENTATION(#9904,#9567);
#9904 = PRODUCT_DEFINITION_SHAPE('','',#9905);
#9905 = PRODUCT_DEFINITION('design','',#9906,#9909);
#9906 = PRODUCT_DEFINITION_FORMATION('','',#9907);
#9907 = PRODUCT('Extruded','Extruded','',(#9908));
#9908 = PRODUCT_CONTEXT('',#2,'mechanical');
#9909 = PRODUCT_DEFINITION_CONTEXT('part definition',#2,'design');
#9910 = CONTEXT_DEPENDENT_SHAPE_REPRESENTATION(#9911,#9913);
#9911 = ( REPRESENTATION_RELATIONSHIP('','',#9567,#9557) 
REPRESENTATION_RELATIONSHIP_WITH_TRANSFORMATION(#9912) 
SHAPE_REPRESENTATION_RELATIONSHIP() );
#9912 = ITEM_DEFINED_TRANSFORMATION('','',#11,#9558);
#9913 = PRODUCT_DEFINITION_SHAPE('Placement','Placement of an item',
  #9914);
#9914 = NEXT_ASSEMBLY_USAGE_OCCURRENCE('10','=>[0:1:1:2]','',#9552,#9905
  ,$);
#9915 = PRODUCT_RELATED_PRODUCT_CATEGORY('part',$,(#9907));
#9916 = CONTEXT_DEPENDENT_SHAPE_REPRESENTATION(#9917,#9919);
#9917 = ( REPRESENTATION_RELATIONSHIP('','',#9557,#9540) 
REPRESENTATION_RELATIONSHIP_WITH_TRANSFORMATION(#9918) 
SHAPE_REPRESENTATION_RELATIONSHIP() );
#9918 = ITEM_DEFINED_TRANSFORMATION('','',#11,#9541);
#9919 = PRODUCT_DEFINITION_SHAPE('Placement','Placement of an item',
  #9920);
#9920 = NEXT_ASSEMBLY_USAGE_OCCURRENCE('11','=>[0:1:1:9]','',#9535,#9552
  ,$);
#9921 = PRODUCT_RELATED_PRODUCT_CATEGORY('part',$,(#9554));
#9922 = CONTEXT_DEPENDENT_SHAPE_REPRESENTATION(#9923,#9925);
#9923 = ( REPRESENTATION_RELATIONSHIP('','',#9540,#10) 
REPRESENTATION_RELATIONSHIP_WITH_TRANSFORMATION(#9924) 
SHAPE_REPRESENTATION_RELATIONSHIP() );
#9924 = ITEM_DEFINED_TRANSFORMATION('','',#11,#35);
#9925 = PRODUCT_DEFINITION_SHAPE('Placement','Placement of an item',
  #9926);
#9926 = NEXT_ASSEMBLY_USAGE_OCCURRENCE('12','=>[0:1:1:8]','',#5,#9535,$
  );
#9927 = PRODUCT_RELATED_PRODUCT_CATEGORY('part',$,(#9537));
#9928 = SHAPE_DEFINITION_REPRESENTATION(#9929,#9935);
#9929 = PRODUCT_DEFINITION_SHAPE('','',#9930);
#9930 = PRODUCT_DEFINITION('design','',#9931,#9934);
#9931 = PRODUCT_DEFINITION_FORMATION('','',#9932);
#9932 = PRODUCT('C15','C15','',(#9933));
#9933 = PRODUCT_CONTEXT('',#2,'mechanical');
#9934 = PRODUCT_DEFINITION_CONTEXT('part definition',#2,'design');
#9935 = SHAPE_REPRESENTATION('',(#11,#9936),#9940);
#9936 = AXIS2_PLACEMENT_3D('',#9937,#9938,#9939);
#9937 = CARTESIAN_POINT('',(87.138816833496,79.229804992676,
    -0.798423230648));
#9938 = DIRECTION('',(0.E+000,-1.748454678818E-007,1.));
#9939 = DIRECTION('',(1.,0.E+000,0.E+000));
#9940 = ( GEOMETRIC_REPRESENTATION_CONTEXT(3) 
GLOBAL_UNCERTAINTY_ASSIGNED_CONTEXT((#9944)) 
GLOBAL_UNIT_ASSIGNED_CONTEXT((#9941,#9942,#9943)) REPRESENTATION_CONTEXT
('Context #1','3D Context with UNIT and UNCERTAINTY') );
#9941 = ( LENGTH_UNIT() NAMED_UNIT(*) SI_UNIT(.MILLI.,.METRE.) );
#9942 = ( NAMED_UNIT(*) PLANE_ANGLE_UNIT() SI_UNIT($,.RADIAN.) );
#9943 = ( NAMED_UNIT(*) SI_UNIT($,.STERADIAN.) SOLID_ANGLE_UNIT() );
#9944 = UNCERTAINTY_MEASURE_WITH_UNIT(LENGTH_MEASURE(1.E-007),#9941,
  'distance_accuracy_value','confusion accuracy');
#9945 = CONTEXT_DEPENDENT_SHAPE_REPRESENTATION(#9946,#9948);
#9946 = ( REPRESENTATION_RELATIONSHIP('','',#5927,#9935) 
REPRESENTATION_RELATIONSHIP_WITH_TRANSFORMATION(#9947) 
SHAPE_REPRESENTATION_RELATIONSHIP() );
#9947 = ITEM_DEFINED_TRANSFORMATION('','',#11,#9936);
#9948 = PRODUCT_DEFINITION_SHAPE('Placement','Placement of an item',
  #9949);
#9949 = NEXT_ASSEMBLY_USAGE_OCCURRENCE('13','=>[0:1:1:4]','',#9930,#9432
  ,$);
#9950 = CONTEXT_DEPENDENT_SHAPE_REPRESENTATION(#9951,#9953);
#9951 = ( REPRESENTATION_RELATIONSHIP('','',#9935,#10) 
REPRESENTATION_RELATIONSHIP_WITH_TRANSFORMATION(#9952) 
SHAPE_REPRESENTATION_RELATIONSHIP() );
#9952 = ITEM_DEFINED_TRANSFORMATION('','',#11,#39);
#9953 = PRODUCT_DEFINITION_SHAPE('Placement','Placement of an item',
  #9954);
#9954 = NEXT_ASSEMBLY_USAGE_OCCURRENCE('14','=>[0:1:1:11]','',#5,#9930,$
  );
#9955 = PRODUCT_RELATED_PRODUCT_CATEGORY('part',$,(#9932));
#9956 = SHAPE_DEFINITION_REPRESENTATION(#9957,#9963);
#9957 = PRODUCT_DEFINITION_SHAPE('','',#9958);
#9958 = PRODUCT_DEFINITION('design','',#9959,#9962);
#9959 = PRODUCT_DEFINITION_FORMATION('','',#9960);
#9960 = PRODUCT('C10','C10','',(#9961));
#9961 = PRODUCT_CONTEXT('',#2,'mechanical');
#9962 = PRODUCT_DEFINITION_CONTEXT('part definition',#2,'design');
#9963 = SHAPE_REPRESENTATION('',(#11,#9964),#9968);
#9964 = AXIS2_PLACEMENT_3D('',#9965,#9966,#9967);
#9965 = CARTESIAN_POINT('',(83.411613464355,81.711456298828,
    -0.798423230648));
#9966 = DIRECTION('',(-8.742273065685E-008,-8.742273011954E-008,1.));
#9967 = DIRECTION('',(-4.371138828674E-008,-1.,-8.742273394091E-008));
#9968 = ( GEOMETRIC_REPRESENTATION_CONTEXT(3) 
GLOBAL_UNCERTAINTY_ASSIGNED_CONTEXT((#9972)) 
GLOBAL_UNIT_ASSIGNED_CONTEXT((#9969,#9970,#9971)) REPRESENTATION_CONTEXT
('Context #1','3D Context with UNIT and UNCERTAINTY') );
#9969 = ( LENGTH_UNIT() NAMED_UNIT(*) SI_UNIT(.MILLI.,.METRE.) );
#9970 = ( NAMED_UNIT(*) PLANE_ANGLE_UNIT() SI_UNIT($,.RADIAN.) );
#9971 = ( NAMED_UNIT(*) SI_UNIT($,.STERADIAN.) SOLID_ANGLE_UNIT() );
#9972 = UNCERTAINTY_MEASURE_WITH_UNIT(LENGTH_MEASURE(1.E-007),#9969,
  'distance_accuracy_value','confusion accuracy');
#9973 = CONTEXT_DEPENDENT_SHAPE_REPRESENTATION(#9974,#9976);
#9974 = ( REPRESENTATION_RELATIONSHIP('','',#5927,#9963) 
REPRESENTATION_RELATIONSHIP_WITH_TRANSFORMATION(#9975) 
SHAPE_REPRESENTATION_RELATIONSHIP() );
#9975 = ITEM_DEFINED_TRANSFORMATION('','',#11,#9964);
#9976 = PRODUCT_DEFINITION_SHAPE('Placement','Placement of an item',
  #9977);
#9977 = NEXT_ASSEMBLY_USAGE_OCCURRENCE('15','=>[0:1:1:4]','',#9958,#9432
  ,$);
#9978 = CONTEXT_DEPENDENT_SHAPE_REPRESENTATION(#9979,#9981);
#9979 = ( REPRESENTATION_RELATIONSHIP('','',#9963,#10) 
REPRESENTATION_RELATIONSHIP_WITH_TRANSFORMATION(#9980) 
SHAPE_REPRESENTATION_RELATIONSHIP() );
#9980 = ITEM_DEFINED_TRANSFORMATION('','',#11,#43);
#9981 = PRODUCT_DEFINITION_SHAPE('Placement','Placement of an item',
  #9982);
#9982 = NEXT_ASSEMBLY_USAGE_OCCURRENCE('16','=>[0:1:1:12]','',#5,#9958,$
  );
#9983 = PRODUCT_RELATED_PRODUCT_CATEGORY('part',$,(#9960));
#9984 = SHAPE_DEFINITION_REPRESENTATION(#9985,#9991);
#9985 = PRODUCT_DEFINITION_SHAPE('','',#9986);
#9986 = PRODUCT_DEFINITION('design','',#9987,#9990);
#9987 = PRODUCT_DEFINITION_FORMATION('','',#9988);
#9988 = PRODUCT('C13','C13','',(#9989));
#9989 = PRODUCT_CONTEXT('',#2,'mechanical');
#9990 = PRODUCT_DEFINITION_CONTEXT('part definition',#2,'design');
#9991 = SHAPE_REPRESENTATION('',(#11,#9992),#9996);
#9992 = AXIS2_PLACEMENT_3D('',#9993,#9994,#9995);
#9993 = CARTESIAN_POINT('',(71.216934204102,78.098960876465,
    -0.798423230648));
#9994 = DIRECTION('',(8.742273289841E-008,-8.742273498342E-008,1.));
#9995 = DIRECTION('',(1.19248806385E-008,1.,8.742273394091E-008));
#9996 = ( GEOMETRIC_REPRESENTATION_CONTEXT(3) 
GLOBAL_UNCERTAINTY_ASSIGNED_CONTEXT((#10000)) 
GLOBAL_UNIT_ASSIGNED_CONTEXT((#9997,#9998,#9999)) REPRESENTATION_CONTEXT
('Context #1','3D Context with UNIT and UNCERTAINTY') );
#9997 = ( LENGTH_UNIT() NAMED_UNIT(*) SI_UNIT(.MILLI.,.METRE.) );
#9998 = ( NAMED_UNIT(*) PLANE_ANGLE_UNIT() SI_UNIT($,.RADIAN.) );
#9999 = ( NAMED_UNIT(*) SI_UNIT($,.STERADIAN.) SOLID_ANGLE_UNIT() );
#10000 = UNCERTAINTY_MEASURE_WITH_UNIT(LENGTH_MEASURE(1.E-007),#9997,
  'distance_accuracy_value','confusion accuracy');
#10001 = CONTEXT_DEPENDENT_SHAPE_REPRESENTATION(#10002,#10004);
#10002 = ( REPRESENTATION_RELATIONSHIP('','',#5927,#9991) 
REPRESENTATION_RELATIONSHIP_WITH_TRANSFORMATION(#10003) 
SHAPE_REPRESENTATION_RELATIONSHIP() );
#10003 = ITEM_DEFINED_TRANSFORMATION('','',#11,#9992);
#10004 = PRODUCT_DEFINITION_SHAPE('Placement','Placement of an item',
  #10005);
#10005 = NEXT_ASSEMBLY_USAGE_OCCURRENCE('17','=>[0:1:1:4]','',#9986,
  #9432,$);
#10006 = CONTEXT_DEPENDENT_SHAPE_REPRESENTATION(#10007,#10009);
#10007 = ( REPRESENTATION_RELATIONSHIP('','',#9991,#10) 
REPRESENTATION_RELATIONSHIP_WITH_TRANSFORMATION(#10008) 
SHAPE_REPRESENTATION_RELATIONSHIP() );
#10008 = ITEM_DEFINED_TRANSFORMATION('','',#11,#47);
#10009 = PRODUCT_DEFINITION_SHAPE('Placement','Placement of an item',
  #10010);
#10010 = NEXT_ASSEMBLY_USAGE_OCCURRENCE('18','=>[0:1:1:13]','',#5,#9986,
  $);
#10011 = PRODUCT_RELATED_PRODUCT_CATEGORY('part',$,(#9988));
#10012 = SHAPE_DEFINITION_REPRESENTATION(#10013,#10019);
#10013 = PRODUCT_DEFINITION_SHAPE('','',#10014);
#10014 = PRODUCT_DEFINITION('design','',#10015,#10018);
#10015 = PRODUCT_DEFINITION_FORMATION('','',#10016);
#10016 = PRODUCT('C1','C1','',(#10017));
#10017 = PRODUCT_CONTEXT('',#2,'mechanical');
#10018 = PRODUCT_DEFINITION_CONTEXT('part definition',#2,'design');
#10019 = SHAPE_REPRESENTATION('',(#11,#10020),#10024);
#10020 = AXIS2_PLACEMENT_3D('',#10021,#10022,#10023);
#10021 = CARTESIAN_POINT('',(75.090431213379,84.266075134277,
    -0.798423230648));
#10022 = DIRECTION('',(8.742273289841E-008,-8.742273498342E-008,1.));
#10023 = DIRECTION('',(1.19248806385E-008,1.,8.742273394091E-008));
#10024 = ( GEOMETRIC_REPRESENTATION_CONTEXT(3) 
GLOBAL_UNCERTAINTY_ASSIGNED_CONTEXT((#10028)) 
GLOBAL_UNIT_ASSIGNED_CONTEXT((#10025,#10026,#10027)) 
REPRESENTATION_CONTEXT('Context #1',
  '3D Context with UNIT and UNCERTAINTY') );
#10025 = ( LENGTH_UNIT() NAMED_UNIT(*) SI_UNIT(.MILLI.,.METRE.) );
#10026 = ( NAMED_UNIT(*) PLANE_ANGLE_UNIT() SI_UNIT($,.RADIAN.) );
#10027 = ( NAMED_UNIT(*) SI_UNIT($,.STERADIAN.) SOLID_ANGLE_UNIT() );
#10028 = UNCERTAINTY_MEASURE_WITH_UNIT(LENGTH_MEASURE(1.E-007),#10025,
  'distance_accuracy_value','confusion accuracy');
#10029 = CONTEXT_DEPENDENT_SHAPE_REPRESENTATION(#10030,#10032);
#10030 = ( REPRESENTATION_RELATIONSHIP('','',#5927,#10019) 
REPRESENTATION_RELATIONSHIP_WITH_TRANSFORMATION(#10031) 
SHAPE_REPRESENTATION_RELATIONSHIP() );
#10031 = ITEM_DEFINED_TRANSFORMATION('','',#11,#10020);
#10032 = PRODUCT_DEFINITION_SHAPE('Placement','Placement of an item',
  #10033);
#10033 = NEXT_ASSEMBLY_USAGE_OCCURRENCE('19','=>[0:1:1:4]','',#10014,
  #9432,$);
#10034 = CONTEXT_DEPENDENT_SHAPE_REPRESENTATION(#10035,#10037);
#10035 = ( REPRESENTATION_RELATIONSHIP('','',#10019,#10) 
REPRESENTATION_RELATIONSHIP_WITH_TRANSFORMATION(#10036) 
SHAPE_REPRESENTATION_RELATIONSHIP() );
#10036 = ITEM_DEFINED_TRANSFORMATION('','',#11,#51);
#10037 = PRODUCT_DEFINITION_SHAPE('Placement','Placement of an item',
  #10038);
#10038 = NEXT_ASSEMBLY_USAGE_OCCURRENCE('20','=>[0:1:1:14]','',#5,#10014
  ,$);
#10039 = PRODUCT_RELATED_PRODUCT_CATEGORY('part',$,(#10016));
#10040 = SHAPE_DEFINITION_REPRESENTATION(#10041,#10047);
#10041 = PRODUCT_DEFINITION_SHAPE('','',#10042);
#10042 = PRODUCT_DEFINITION('design','',#10043,#10046);
#10043 = PRODUCT_DEFINITION_FORMATION('','',#10044);
#10044 = PRODUCT('C6','C6','',(#10045));
#10045 = PRODUCT_CONTEXT('',#2,'mechanical');
#10046 = PRODUCT_DEFINITION_CONTEXT('part definition',#2,'design');
#10047 = SHAPE_REPRESENTATION('',(#11,#10048),#10052);
#10048 = AXIS2_PLACEMENT_3D('',#10049,#10050,#10051);
#10049 = CARTESIAN_POINT('',(78.062782287598,86.695693969727,
    -0.798423230648));
#10050 = DIRECTION('',(7.642738472527E-015,-6.681494178932E-022,1.));
#10051 = DIRECTION('',(-1.,8.742277657348E-008,7.642738472527E-015));
#10052 = ( GEOMETRIC_REPRESENTATION_CONTEXT(3) 
GLOBAL_UNCERTAINTY_ASSIGNED_CONTEXT((#10056)) 
GLOBAL_UNIT_ASSIGNED_CONTEXT((#10053,#10054,#10055)) 
REPRESENTATION_CONTEXT('Context #1',
  '3D Context with UNIT and UNCERTAINTY') );
#10053 = ( LENGTH_UNIT() NAMED_UNIT(*) SI_UNIT(.MILLI.,.METRE.) );
#10054 = ( NAMED_UNIT(*) PLANE_ANGLE_UNIT() SI_UNIT($,.RADIAN.) );
#10055 = ( NAMED_UNIT(*) SI_UNIT($,.STERADIAN.) SOLID_ANGLE_UNIT() );
#10056 = UNCERTAINTY_MEASURE_WITH_UNIT(LENGTH_MEASURE(1.E-007),#10053,
  'distance_accuracy_value','confusion accuracy');
#10057 = CONTEXT_DEPENDENT_SHAPE_REPRESENTATION(#10058,#10060);
#10058 = ( REPRESENTATION_RELATIONSHIP('','',#5927,#10047) 
REPRESENTATION_RELATIONSHIP_WITH_TRANSFORMATION(#10059) 
SHAPE_REPRESENTATION_RELATIONSHIP() );
#10059 = ITEM_DEFINED_TRANSFORMATION('','',#11,#10048);
#10060 = PRODUCT_DEFINITION_SHAPE('Placement','Placement of an item',
  #10061);
#10061 = NEXT_ASSEMBLY_USAGE_OCCURRENCE('21','=>[0:1:1:4]','',#10042,
  #9432,$);
#10062 = CONTEXT_DEPENDENT_SHAPE_REPRESENTATION(#10063,#10065);
#10063 = ( REPRESENTATION_RELATIONSHIP('','',#10047,#10) 
REPRESENTATION_RELATIONSHIP_WITH_TRANSFORMATION(#10064) 
SHAPE_REPRESENTATION_RELATIONSHIP() );
#10064 = ITEM_DEFINED_TRANSFORMATION('','',#11,#55);
#10065 = PRODUCT_DEFINITION_SHAPE('Placement','Placement of an item',
  #10066);
#10066 = NEXT_ASSEMBLY_USAGE_OCCURRENCE('22','=>[0:1:1:15]','',#5,#10042
  ,$);
#10067 = PRODUCT_RELATED_PRODUCT_CATEGORY('part',$,(#10044));
#10068 = SHAPE_DEFINITION_REPRESENTATION(#10069,#10075);
#10069 = PRODUCT_DEFINITION_SHAPE('','',#10070);
#10070 = PRODUCT_DEFINITION('design','',#10071,#10074);
#10071 = PRODUCT_DEFINITION_FORMATION('','',#10072);
#10072 = PRODUCT('C12','C12','',(#10073));
#10073 = PRODUCT_CONTEXT('',#2,'mechanical');
#10074 = PRODUCT_DEFINITION_CONTEXT('part definition',#2,'design');
#10075 = SHAPE_REPRESENTATION('',(#11,#10076),#10080);
#10076 = AXIS2_PLACEMENT_3D('',#10077,#10078,#10079);
#10077 = CARTESIAN_POINT('',(83.721351623535,84.057800292969,
    -0.798423230648));
#10078 = DIRECTION('',(8.742273289841E-008,-8.742273498342E-008,1.));
#10079 = DIRECTION('',(1.19248806385E-008,1.,8.742273394091E-008));
#10080 = ( GEOMETRIC_REPRESENTATION_CONTEXT(3) 
GLOBAL_UNCERTAINTY_ASSIGNED_CONTEXT((#10084)) 
GLOBAL_UNIT_ASSIGNED_CONTEXT((#10081,#10082,#10083)) 
REPRESENTATION_CONTEXT('Context #1',
  '3D Context with UNIT and UNCERTAINTY') );
#10081 = ( LENGTH_UNIT() NAMED_UNIT(*) SI_UNIT(.MILLI.,.METRE.) );
#10082 = ( NAMED_UNIT(*) PLANE_ANGLE_UNIT() SI_UNIT($,.RADIAN.) );
#10083 = ( NAMED_UNIT(*) SI_UNIT($,.STERADIAN.) SOLID_ANGLE_UNIT() );
#10084 = UNCERTAINTY_MEASURE_WITH_UNIT(LENGTH_MEASURE(1.E-007),#10081,
  'distance_accuracy_value','confusion accuracy');
#10085 = CONTEXT_DEPENDENT_SHAPE_REPRESENTATION(#10086,#10088);
#10086 = ( REPRESENTATION_RELATIONSHIP('','',#5927,#10075) 
REPRESENTATION_RELATIONSHIP_WITH_TRANSFORMATION(#10087) 
SHAPE_REPRESENTATION_RELATIONSHIP() );
#10087 = ITEM_DEFINED_TRANSFORMATION('','',#11,#10076);
#10088 = PRODUCT_DEFINITION_SHAPE('Placement','Placement of an item',
  #10089);
#10089 = NEXT_ASSEMBLY_USAGE_OCCURRENCE('23','=>[0:1:1:4]','',#10070,
  #9432,$);
#10090 = CONTEXT_DEPENDENT_SHAPE_REPRESENTATION(#10091,#10093);
#10091 = ( REPRESENTATION_RELATIONSHIP('','',#10075,#10) 
REPRESENTATION_RELATIONSHIP_WITH_TRANSFORMATION(#10092) 
SHAPE_REPRESENTATION_RELATIONSHIP() );
#10092 = ITEM_DEFINED_TRANSFORMATION('','',#11,#59);
#10093 = PRODUCT_DEFINITION_SHAPE('Placement','Placement of an item',
  #10094);
#10094 = NEXT_ASSEMBLY_USAGE_OCCURRENCE('24','=>[0:1:1:16]','',#5,#10070
  ,$);
#10095 = PRODUCT_RELATED_PRODUCT_CATEGORY('part',$,(#10072));
#10096 = SHAPE_DEFINITION_REPRESENTATION(#10097,#10103);
#10097 = PRODUCT_DEFINITION_SHAPE('','',#10098);
#10098 = PRODUCT_DEFINITION('design','',#10099,#10102);
#10099 = PRODUCT_DEFINITION_FORMATION('','',#10100);
#10100 = PRODUCT('C9','C9','',(#10101));
#10101 = PRODUCT_CONTEXT('',#2,'mechanical');
#10102 = PRODUCT_DEFINITION_CONTEXT('part definition',#2,'design');
#10103 = SHAPE_REPRESENTATION('',(#11,#10104),#10108);
#10104 = AXIS2_PLACEMENT_3D('',#10105,#10106,#10107);
#10105 = CARTESIAN_POINT('',(79.220260620117,86.477058410645,
    -0.798423230648));
#10106 = DIRECTION('',(8.742273289841E-008,-8.742273498342E-008,1.));
#10107 = DIRECTION('',(1.19248806385E-008,1.,8.742273394091E-008));
#10108 = ( GEOMETRIC_REPRESENTATION_CONTEXT(3) 
GLOBAL_UNCERTAINTY_ASSIGNED_CONTEXT((#10112)) 
GLOBAL_UNIT_ASSIGNED_CONTEXT((#10109,#10110,#10111)) 
REPRESENTATION_CONTEXT('Context #1',
  '3D Context with UNIT and UNCERTAINTY') );
#10109 = ( LENGTH_UNIT() NAMED_UNIT(*) SI_UNIT(.MILLI.,.METRE.) );
#10110 = ( NAMED_UNIT(*) PLANE_ANGLE_UNIT() SI_UNIT($,.RADIAN.) );
#10111 = ( NAMED_UNIT(*) SI_UNIT($,.STERADIAN.) SOLID_ANGLE_UNIT() );
#10112 = UNCERTAINTY_MEASURE_WITH_UNIT(LENGTH_MEASURE(1.E-007),#10109,
  'distance_accuracy_value','confusion accuracy');
#10113 = CONTEXT_DEPENDENT_SHAPE_REPRESENTATION(#10114,#10116);
#10114 = ( REPRESENTATION_RELATIONSHIP('','',#5927,#10103) 
REPRESENTATION_RELATIONSHIP_WITH_TRANSFORMATION(#10115) 
SHAPE_REPRESENTATION_RELATIONSHIP() );
#10115 = ITEM_DEFINED_TRANSFORMATION('','',#11,#10104);
#10116 = PRODUCT_DEFINITION_SHAPE('Placement','Placement of an item',
  #10117);
#10117 = NEXT_ASSEMBLY_USAGE_OCCURRENCE('25','=>[0:1:1:4]','',#10098,
  #9432,$);
#10118 = CONTEXT_DEPENDENT_SHAPE_REPRESENTATION(#10119,#10121);
#10119 = ( REPRESENTATION_RELATIONSHIP('','',#10103,#10) 
REPRESENTATION_RELATIONSHIP_WITH_TRANSFORMATION(#10120) 
SHAPE_REPRESENTATION_RELATIONSHIP() );
#10120 = ITEM_DEFINED_TRANSFORMATION('','',#11,#63);
#10121 = PRODUCT_DEFINITION_SHAPE('Placement','Placement of an item',
  #10122);
#10122 = NEXT_ASSEMBLY_USAGE_OCCURRENCE('26','=>[0:1:1:17]','',#5,#10098
  ,$);
#10123 = PRODUCT_RELATED_PRODUCT_CATEGORY('part',$,(#10100));
#10124 = SHAPE_DEFINITION_REPRESENTATION(#10125,#10131);
#10125 = PRODUCT_DEFINITION_SHAPE('','',#10126);
#10126 = PRODUCT_DEFINITION('design','',#10127,#10130);
#10127 = PRODUCT_DEFINITION_FORMATION('','',#10128);
#10128 = PRODUCT('C8','C8','',(#10129));
#10129 = PRODUCT_CONTEXT('',#2,'mechanical');
#10130 = PRODUCT_DEFINITION_CONTEXT('part definition',#2,'design');
#10131 = SHAPE_REPRESENTATION('',(#11,#10132),#10136);
#10132 = AXIS2_PLACEMENT_3D('',#10133,#10134,#10135);
#10133 = CARTESIAN_POINT('',(80.150108337402,86.473335266113,
    -0.798423230648));
#10134 = DIRECTION('',(8.742273289841E-008,-8.742273498342E-008,1.));
#10135 = DIRECTION('',(1.19248806385E-008,1.,8.742273394091E-008));
#10136 = ( GEOMETRIC_REPRESENTATION_CONTEXT(3) 
GLOBAL_UNCERTAINTY_ASSIGNED_CONTEXT((#10140)) 
GLOBAL_UNIT_ASSIGNED_CONTEXT((#10137,#10138,#10139)) 
REPRESENTATION_CONTEXT('Context #1',
  '3D Context with UNIT and UNCERTAINTY') );
#10137 = ( LENGTH_UNIT() NAMED_UNIT(*) SI_UNIT(.MILLI.,.METRE.) );
#10138 = ( NAMED_UNIT(*) PLANE_ANGLE_UNIT() SI_UNIT($,.RADIAN.) );
#10139 = ( NAMED_UNIT(*) SI_UNIT($,.STERADIAN.) SOLID_ANGLE_UNIT() );
#10140 = UNCERTAINTY_MEASURE_WITH_UNIT(LENGTH_MEASURE(1.E-007),#10137,
  'distance_accuracy_value','confusion accuracy');
#10141 = CONTEXT_DEPENDENT_SHAPE_REPRESENTATION(#10142,#10144);
#10142 = ( REPRESENTATION_RELATIONSHIP('','',#5927,#10131) 
REPRESENTATION_RELATIONSHIP_WITH_TRANSFORMATION(#10143) 
SHAPE_REPRESENTATION_RELATIONSHIP() );
#10143 = ITEM_DEFINED_TRANSFORMATION('','',#11,#10132);
#10144 = PRODUCT_DEFINITION_SHAPE('Placement','Placement of an item',
  #10145);
#10145 = NEXT_ASSEMBLY_USAGE_OCCURRENCE('27','=>[0:1:1:4]','',#10126,
  #9432,$);
#10146 = CONTEXT_DEPENDENT_SHAPE_REPRESENTATION(#10147,#10149);
#10147 = ( REPRESENTATION_RELATIONSHIP('','',#10131,#10) 
REPRESENTATION_RELATIONSHIP_WITH_TRANSFORMATION(#10148) 
SHAPE_REPRESENTATION_RELATIONSHIP() );
#10148 = ITEM_DEFINED_TRANSFORMATION('','',#11,#67);
#10149 = PRODUCT_DEFINITION_SHAPE('Placement','Placement of an item',
  #10150);
#10150 = NEXT_ASSEMBLY_USAGE_OCCURRENCE('28','=>[0:1:1:18]','',#5,#10126
  ,$);
#10151 = PRODUCT_RELATED_PRODUCT_CATEGORY('part',$,(#10128));
#10152 = SHAPE_DEFINITION_REPRESENTATION(#10153,#10159);
#10153 = PRODUCT_DEFINITION_SHAPE('','',#10154);
#10154 = PRODUCT_DEFINITION('design','',#10155,#10158);
#10155 = PRODUCT_DEFINITION_FORMATION('','',#10156);
#10156 = PRODUCT('C2','C2','',(#10157));
#10157 = PRODUCT_CONTEXT('',#2,'mechanical');
#10158 = PRODUCT_DEFINITION_CONTEXT('part definition',#2,'design');
#10159 = SHAPE_REPRESENTATION('',(#11,#10160),#10164);
#10160 = AXIS2_PLACEMENT_3D('',#10161,#10162,#10163);
#10161 = CARTESIAN_POINT('',(75.682800292969,80.98323059082,
    -0.798423230648));
#10162 = DIRECTION('',(7.642738472527E-015,-6.681494178932E-022,1.));
#10163 = DIRECTION('',(-1.,8.742277657348E-008,7.642738472527E-015));
#10164 = ( GEOMETRIC_REPRESENTATION_CONTEXT(3) 
GLOBAL_UNCERTAINTY_ASSIGNED_CONTEXT((#10168)) 
GLOBAL_UNIT_ASSIGNED_CONTEXT((#10165,#10166,#10167)) 
REPRESENTATION_CONTEXT('Context #1',
  '3D Context with UNIT and UNCERTAINTY') );
#10165 = ( LENGTH_UNIT() NAMED_UNIT(*) SI_UNIT(.MILLI.,.METRE.) );
#10166 = ( NAMED_UNIT(*) PLANE_ANGLE_UNIT() SI_UNIT($,.RADIAN.) );
#10167 = ( NAMED_UNIT(*) SI_UNIT($,.STERADIAN.) SOLID_ANGLE_UNIT() );
#10168 = UNCERTAINTY_MEASURE_WITH_UNIT(LENGTH_MEASURE(1.E-007),#10165,
  'distance_accuracy_value','confusion accuracy');
#10169 = CONTEXT_DEPENDENT_SHAPE_REPRESENTATION(#10170,#10172);
#10170 = ( REPRESENTATION_RELATIONSHIP('','',#5927,#10159) 
REPRESENTATION_RELATIONSHIP_WITH_TRANSFORMATION(#10171) 
SHAPE_REPRESENTATION_RELATIONSHIP() );
#10171 = ITEM_DEFINED_TRANSFORMATION('','',#11,#10160);
#10172 = PRODUCT_DEFINITION_SHAPE('Placement','Placement of an item',
  #10173);
#10173 = NEXT_ASSEMBLY_USAGE_OCCURRENCE('29','=>[0:1:1:4]','',#10154,
  #9432,$);
#10174 = CONTEXT_DEPENDENT_SHAPE_REPRESENTATION(#10175,#10177);
#10175 = ( REPRESENTATION_RELATIONSHIP('','',#10159,#10) 
REPRESENTATION_RELATIONSHIP_WITH_TRANSFORMATION(#10176) 
SHAPE_REPRESENTATION_RELATIONSHIP() );
#10176 = ITEM_DEFINED_TRANSFORMATION('','',#11,#71);
#10177 = PRODUCT_DEFINITION_SHAPE('Placement','Placement of an item',
  #10178);
#10178 = NEXT_ASSEMBLY_USAGE_OCCURRENCE('30','=>[0:1:1:19]','',#5,#10154
  ,$);
#10179 = PRODUCT_RELATED_PRODUCT_CATEGORY('part',$,(#10156));
#10180 = SHAPE_DEFINITION_REPRESENTATION(#10181,#10187);
#10181 = PRODUCT_DEFINITION_SHAPE('','',#10182);
#10182 = PRODUCT_DEFINITION('design','',#10183,#10186);
#10183 = PRODUCT_DEFINITION_FORMATION('','',#10184);
#10184 = PRODUCT('C11','C11','',(#10185));
#10185 = PRODUCT_CONTEXT('',#2,'mechanical');
#10186 = PRODUCT_DEFINITION_CONTEXT('part definition',#2,'design');
#10187 = SHAPE_REPRESENTATION('',(#11,#10188),#10192);
#10188 = AXIS2_PLACEMENT_3D('',#10189,#10190,#10191);
#10189 = CARTESIAN_POINT('',(74.761108398438,79.596946716309,
    -0.798423230648));
#10190 = DIRECTION('',(-8.742273065685E-008,-8.742273011954E-008,1.));
#10191 = DIRECTION('',(-4.371138828674E-008,-1.,-8.742273394091E-008));
#10192 = ( GEOMETRIC_REPRESENTATION_CONTEXT(3) 
GLOBAL_UNCERTAINTY_ASSIGNED_CONTEXT((#10196)) 
GLOBAL_UNIT_ASSIGNED_CONTEXT((#10193,#10194,#10195)) 
REPRESENTATION_CONTEXT('Context #1',
  '3D Context with UNIT and UNCERTAINTY') );
#10193 = ( LENGTH_UNIT() NAMED_UNIT(*) SI_UNIT(.MILLI.,.METRE.) );
#10194 = ( NAMED_UNIT(*) PLANE_ANGLE_UNIT() SI_UNIT($,.RADIAN.) );
#10195 = ( NAMED_UNIT(*) SI_UNIT($,.STERADIAN.) SOLID_ANGLE_UNIT() );
#10196 = UNCERTAINTY_MEASURE_WITH_UNIT(LENGTH_MEASURE(1.E-007),#10193,
  'distance_accuracy_value','confusion accuracy');
#10197 = CONTEXT_DEPENDENT_SHAPE_REPRESENTATION(#10198,#10200);
#10198 = ( REPRESENTATION_RELATIONSHIP('','',#5927,#10187) 
REPRESENTATION_RELATIONSHIP_WITH_TRANSFORMATION(#10199) 
SHAPE_REPRESENTATION_RELATIONSHIP() );
#10199 = ITEM_DEFINED_TRANSFORMATION('','',#11,#10188);
#10200 = PRODUCT_DEFINITION_SHAPE('Placement','Placement of an item',
  #10201);
#10201 = NEXT_ASSEMBLY_USAGE_OCCURRENCE('31','=>[0:1:1:4]','',#10182,
  #9432,$);
#10202 = CONTEXT_DEPENDENT_SHAPE_REPRESENTATION(#10203,#10205);
#10203 = ( REPRESENTATION_RELATIONSHIP('','',#10187,#10) 
REPRESENTATION_RELATIONSHIP_WITH_TRANSFORMATION(#10204) 
SHAPE_REPRESENTATION_RELATIONSHIP() );
#10204 = ITEM_DEFINED_TRANSFORMATION('','',#11,#75);
#10205 = PRODUCT_DEFINITION_SHAPE('Placement','Placement of an item',
  #10206);
#10206 = NEXT_ASSEMBLY_USAGE_OCCURRENCE('32','=>[0:1:1:20]','',#5,#10182
  ,$);
#10207 = PRODUCT_RELATED_PRODUCT_CATEGORY('part',$,(#10184));
#10208 = SHAPE_DEFINITION_REPRESENTATION(#10209,#10215);
#10209 = PRODUCT_DEFINITION_SHAPE('','',#10210);
#10210 = PRODUCT_DEFINITION('design','',#10211,#10214);
#10211 = PRODUCT_DEFINITION_FORMATION('','',#10212);
#10212 = PRODUCT('L1','L1','',(#10213));
#10213 = PRODUCT_CONTEXT('',#2,'mechanical');
#10214 = PRODUCT_DEFINITION_CONTEXT('part definition',#2,'design');
#10215 = SHAPE_REPRESENTATION('',(#11,#10216),#10220);
#10216 = AXIS2_PLACEMENT_3D('',#10217,#10218,#10219);
#10217 = CARTESIAN_POINT('',(74.135528564453,73.054565429688,
    -1.598423838615));
#10218 = DIRECTION('',(0.E+000,0.E+000,1.));
#10219 = DIRECTION('',(1.,0.E+000,0.E+000));
#10220 = ( GEOMETRIC_REPRESENTATION_CONTEXT(3) 
GLOBAL_UNCERTAINTY_ASSIGNED_CONTEXT((#10224)) 
GLOBAL_UNIT_ASSIGNED_CONTEXT((#10221,#10222,#10223)) 
REPRESENTATION_CONTEXT('Context #1',
  '3D Context with UNIT and UNCERTAINTY') );
#10221 = ( LENGTH_UNIT() NAMED_UNIT(*) SI_UNIT(.MILLI.,.METRE.) );
#10222 = ( NAMED_UNIT(*) PLANE_ANGLE_UNIT() SI_UNIT($,.RADIAN.) );
#10223 = ( NAMED_UNIT(*) SI_UNIT($,.STERADIAN.) SOLID_ANGLE_UNIT() );
#10224 = UNCERTAINTY_MEASURE_WITH_UNIT(LENGTH_MEASURE(1.E-007),#10221,
  'distance_accuracy_value','confusion accuracy');
#10225 = SHAPE_DEFINITION_REPRESENTATION(#10226,#10232);
#10226 = PRODUCT_DEFINITION_SHAPE('','',#10227);
#10227 = PRODUCT_DEFINITION('design','',#10228,#10231);
#10228 = PRODUCT_DEFINITION_FORMATION('','',#10229);
#10229 = PRODUCT('498382992','498382992','',(#10230));
#10230 = PRODUCT_CONTEXT('',#2,'mechanical');
#10231 = PRODUCT_DEFINITION_CONTEXT('part definition',#2,'design');
#10232 = SHAPE_REPRESENTATION('',(#11,#10233),#10237);
#10233 = AXIS2_PLACEMENT_3D('',#10234,#10235,#10236);
#10234 = CARTESIAN_POINT('',(0.E+000,0.E+000,0.E+000));
#10235 = DIRECTION('',(0.E+000,0.E+000,1.));
#10236 = DIRECTION('',(1.,0.E+000,0.E+000));
#10237 = ( GEOMETRIC_REPRESENTATION_CONTEXT(3) 
GLOBAL_UNCERTAINTY_ASSIGNED_CONTEXT((#10241)) 
GLOBAL_UNIT_ASSIGNED_CONTEXT((#10238,#10239,#10240)) 
REPRESENTATION_CONTEXT('Context #1',
  '3D Context with UNIT and UNCERTAINTY') );
#10238 = ( LENGTH_UNIT() NAMED_UNIT(*) SI_UNIT(.MILLI.,.METRE.) );
#10239 = ( NAMED_UNIT(*) PLANE_ANGLE_UNIT() SI_UNIT($,.RADIAN.) );
#10240 = ( NAMED_UNIT(*) SI_UNIT($,.STERADIAN.) SOLID_ANGLE_UNIT() );
#10241 = UNCERTAINTY_MEASURE_WITH_UNIT(LENGTH_MEASURE(1.E-007),#10238,
  'distance_accuracy_value','confusion accuracy');
#10242 = ADVANCED_BREP_SHAPE_REPRESENTATION('',(#11,#10243),#10573);
#10243 = MANIFOLD_SOLID_BREP('',#10244);
#10244 = CLOSED_SHELL('',(#10245,#10365,#10441,#10512,#10559,#10566));
#10245 = ADVANCED_FACE('',(#10246),#10260,.F.);
#10246 = FACE_BOUND('',#10247,.F.);
#10247 = EDGE_LOOP('',(#10248,#10283,#10311,#10339));
#10248 = ORIENTED_EDGE('',*,*,#10249,.T.);
#10249 = EDGE_CURVE('',#10250,#10252,#10254,.T.);
#10250 = VERTEX_POINT('',#10251);
#10251 = CARTESIAN_POINT('',(-0.37779452,-0.53425344,0.E+000));
#10252 = VERTEX_POINT('',#10253);
#10253 = CARTESIAN_POINT('',(-0.37779452,-0.53425344,0.80000094));
#10254 = SURFACE_CURVE('',#10255,(#10259,#10271),.PCURVE_S1.);
#10255 = LINE('',#10256,#10257);
#10256 = CARTESIAN_POINT('',(-0.37779452,-0.53425344,0.E+000));
#10257 = VECTOR('',#10258,1.);
#10258 = DIRECTION('',(0.E+000,0.E+000,1.));
#10259 = PCURVE('',#10260,#10265);
#10260 = PLANE('',#10261);
#10261 = AXIS2_PLACEMENT_3D('',#10262,#10263,#10264);
#10262 = CARTESIAN_POINT('',(-0.37779452,-0.53425344,0.E+000));
#10263 = DIRECTION('',(0.E+000,1.,0.E+000));
#10264 = DIRECTION('',(1.,0.E+000,0.E+000));
#10265 = DEFINITIONAL_REPRESENTATION('',(#10266),#10270);
#10266 = LINE('',#10267,#10268);
#10267 = CARTESIAN_POINT('',(0.E+000,0.E+000));
#10268 = VECTOR('',#10269,1.);
#10269 = DIRECTION('',(0.E+000,-1.));
#10270 = ( GEOMETRIC_REPRESENTATION_CONTEXT(2) 
PARAMETRIC_REPRESENTATION_CONTEXT() REPRESENTATION_CONTEXT('2D SPACE',''
  ) );
#10271 = PCURVE('',#10272,#10277);
#10272 = PLANE('',#10273);
#10273 = AXIS2_PLACEMENT_3D('',#10274,#10275,#10276);
#10274 = CARTESIAN_POINT('',(-0.37779452,0.53425598,0.E+000));
#10275 = DIRECTION('',(1.,0.E+000,-0.E+000));
#10276 = DIRECTION('',(0.E+000,-1.,0.E+000));
#10277 = DEFINITIONAL_REPRESENTATION('',(#10278),#10282);
#10278 = LINE('',#10279,#10280);
#10279 = CARTESIAN_POINT('',(1.06850942,0.E+000));
#10280 = VECTOR('',#10281,1.);
#10281 = DIRECTION('',(0.E+000,-1.));
#10282 = ( GEOMETRIC_REPRESENTATION_CONTEXT(2) 
PARAMETRIC_REPRESENTATION_CONTEXT() REPRESENTATION_CONTEXT('2D SPACE',''
  ) );
#10283 = ORIENTED_EDGE('',*,*,#10284,.T.);
#10284 = EDGE_CURVE('',#10252,#10285,#10287,.T.);
#10285 = VERTEX_POINT('',#10286);
#10286 = CARTESIAN_POINT('',(0.37779452,-0.53425344,0.80000094));
#10287 = SURFACE_CURVE('',#10288,(#10292,#10299),.PCURVE_S1.);
#10288 = LINE('',#10289,#10290);
#10289 = CARTESIAN_POINT('',(-0.37779452,-0.53425344,0.80000094));
#10290 = VECTOR('',#10291,1.);
#10291 = DIRECTION('',(1.,0.E+000,0.E+000));
#10292 = PCURVE('',#10260,#10293);
#10293 = DEFINITIONAL_REPRESENTATION('',(#10294),#10298);
#10294 = LINE('',#10295,#10296);
#10295 = CARTESIAN_POINT('',(0.E+000,-0.80000094));
#10296 = VECTOR('',#10297,1.);
#10297 = DIRECTION('',(1.,0.E+000));
#10298 = ( GEOMETRIC_REPRESENTATION_CONTEXT(2) 
PARAMETRIC_REPRESENTATION_CONTEXT() REPRESENTATION_CONTEXT('2D SPACE',''
  ) );
#10299 = PCURVE('',#10300,#10305);
#10300 = PLANE('',#10301);
#10301 = AXIS2_PLACEMENT_3D('',#10302,#10303,#10304);
#10302 = CARTESIAN_POINT('',(-0.37779452,-0.53425344,0.80000094));
#10303 = DIRECTION('',(0.E+000,0.E+000,-1.));
#10304 = DIRECTION('',(-1.,0.E+000,-0.E+000));
#10305 = DEFINITIONAL_REPRESENTATION('',(#10306),#10310);
#10306 = LINE('',#10307,#10308);
#10307 = CARTESIAN_POINT('',(0.E+000,0.E+000));
#10308 = VECTOR('',#10309,1.);
#10309 = DIRECTION('',(-1.,0.E+000));
#10310 = ( GEOMETRIC_REPRESENTATION_CONTEXT(2) 
PARAMETRIC_REPRESENTATION_CONTEXT() REPRESENTATION_CONTEXT('2D SPACE',''
  ) );
#10311 = ORIENTED_EDGE('',*,*,#10312,.F.);
#10312 = EDGE_CURVE('',#10313,#10285,#10315,.T.);
#10313 = VERTEX_POINT('',#10314);
#10314 = CARTESIAN_POINT('',(0.37779452,-0.53425344,0.E+000));
#10315 = SURFACE_CURVE('',#10316,(#10320,#10327),.PCURVE_S1.);
#10316 = LINE('',#10317,#10318);
#10317 = CARTESIAN_POINT('',(0.37779452,-0.53425344,0.E+000));
#10318 = VECTOR('',#10319,1.);
#10319 = DIRECTION('',(0.E+000,0.E+000,1.));
#10320 = PCURVE('',#10260,#10321);
#10321 = DEFINITIONAL_REPRESENTATION('',(#10322),#10326);
#10322 = LINE('',#10323,#10324);
#10323 = CARTESIAN_POINT('',(0.75558904,0.E+000));
#10324 = VECTOR('',#10325,1.);
#10325 = DIRECTION('',(0.E+000,-1.));
#10326 = ( GEOMETRIC_REPRESENTATION_CONTEXT(2) 
PARAMETRIC_REPRESENTATION_CONTEXT() REPRESENTATION_CONTEXT('2D SPACE',''
  ) );
#10327 = PCURVE('',#10328,#10333);
#10328 = PLANE('',#10329);
#10329 = AXIS2_PLACEMENT_3D('',#10330,#10331,#10332);
#10330 = CARTESIAN_POINT('',(0.37779452,-0.53425344,0.E+000));
#10331 = DIRECTION('',(-1.,0.E+000,0.E+000));
#10332 = DIRECTION('',(0.E+000,1.,0.E+000));
#10333 = DEFINITIONAL_REPRESENTATION('',(#10334),#10338);
#10334 = LINE('',#10335,#10336);
#10335 = CARTESIAN_POINT('',(0.E+000,0.E+000));
#10336 = VECTOR('',#10337,1.);
#10337 = DIRECTION('',(0.E+000,-1.));
#10338 = ( GEOMETRIC_REPRESENTATION_CONTEXT(2) 
PARAMETRIC_REPRESENTATION_CONTEXT() REPRESENTATION_CONTEXT('2D SPACE',''
  ) );
#10339 = ORIENTED_EDGE('',*,*,#10340,.F.);
#10340 = EDGE_CURVE('',#10250,#10313,#10341,.T.);
#10341 = SURFACE_CURVE('',#10342,(#10346,#10353),.PCURVE_S1.);
#10342 = LINE('',#10343,#10344);
#10343 = CARTESIAN_POINT('',(-0.37779452,-0.53425344,0.E+000));
#10344 = VECTOR('',#10345,1.);
#10345 = DIRECTION('',(1.,0.E+000,0.E+000));
#10346 = PCURVE('',#10260,#10347);
#10347 = DEFINITIONAL_REPRESENTATION('',(#10348),#10352);
#10348 = LINE('',#10349,#10350);
#10349 = CARTESIAN_POINT('',(0.E+000,0.E+000));
#10350 = VECTOR('',#10351,1.);
#10351 = DIRECTION('',(1.,0.E+000));
#10352 = ( GEOMETRIC_REPRESENTATION_CONTEXT(2) 
PARAMETRIC_REPRESENTATION_CONTEXT() REPRESENTATION_CONTEXT('2D SPACE',''
  ) );
#10353 = PCURVE('',#10354,#10359);
#10354 = PLANE('',#10355);
#10355 = AXIS2_PLACEMENT_3D('',#10356,#10357,#10358);
#10356 = CARTESIAN_POINT('',(-0.37779452,-0.53425344,0.E+000));
#10357 = DIRECTION('',(0.E+000,0.E+000,-1.));
#10358 = DIRECTION('',(-1.,0.E+000,-0.E+000));
#10359 = DEFINITIONAL_REPRESENTATION('',(#10360),#10364);
#10360 = LINE('',#10361,#10362);
#10361 = CARTESIAN_POINT('',(0.E+000,0.E+000));
#10362 = VECTOR('',#10363,1.);
#10363 = DIRECTION('',(-1.,0.E+000));
#10364 = ( GEOMETRIC_REPRESENTATION_CONTEXT(2) 
PARAMETRIC_REPRESENTATION_CONTEXT() REPRESENTATION_CONTEXT('2D SPACE',''
  ) );
#10365 = ADVANCED_FACE('',(#10366),#10328,.F.);
#10366 = FACE_BOUND('',#10367,.F.);
#10367 = EDGE_LOOP('',(#10368,#10369,#10392,#10420));
#10368 = ORIENTED_EDGE('',*,*,#10312,.T.);
#10369 = ORIENTED_EDGE('',*,*,#10370,.T.);
#10370 = EDGE_CURVE('',#10285,#10371,#10373,.T.);
#10371 = VERTEX_POINT('',#10372);
#10372 = CARTESIAN_POINT('',(0.37779452,0.53425598,0.80000094));
#10373 = SURFACE_CURVE('',#10374,(#10378,#10385),.PCURVE_S1.);
#10374 = LINE('',#10375,#10376);
#10375 = CARTESIAN_POINT('',(0.37779452,-0.53425344,0.80000094));
#10376 = VECTOR('',#10377,1.);
#10377 = DIRECTION('',(0.E+000,1.,0.E+000));
#10378 = PCURVE('',#10328,#10379);
#10379 = DEFINITIONAL_REPRESENTATION('',(#10380),#10384);
#10380 = LINE('',#10381,#10382);
#10381 = CARTESIAN_POINT('',(0.E+000,-0.80000094));
#10382 = VECTOR('',#10383,1.);
#10383 = DIRECTION('',(1.,0.E+000));
#10384 = ( GEOMETRIC_REPRESENTATION_CONTEXT(2) 
PARAMETRIC_REPRESENTATION_CONTEXT() REPRESENTATION_CONTEXT('2D SPACE',''
  ) );
#10385 = PCURVE('',#10300,#10386);
#10386 = DEFINITIONAL_REPRESENTATION('',(#10387),#10391);
#10387 = LINE('',#10388,#10389);
#10388 = CARTESIAN_POINT('',(-0.75558904,0.E+000));
#10389 = VECTOR('',#10390,1.);
#10390 = DIRECTION('',(0.E+000,1.));
#10391 = ( GEOMETRIC_REPRESENTATION_CONTEXT(2) 
PARAMETRIC_REPRESENTATION_CONTEXT() REPRESENTATION_CONTEXT('2D SPACE',''
  ) );
#10392 = ORIENTED_EDGE('',*,*,#10393,.F.);
#10393 = EDGE_CURVE('',#10394,#10371,#10396,.T.);
#10394 = VERTEX_POINT('',#10395);
#10395 = CARTESIAN_POINT('',(0.37779452,0.53425598,0.E+000));
#10396 = SURFACE_CURVE('',#10397,(#10401,#10408),.PCURVE_S1.);
#10397 = LINE('',#10398,#10399);
#10398 = CARTESIAN_POINT('',(0.37779452,0.53425598,0.E+000));
#10399 = VECTOR('',#10400,1.);
#10400 = DIRECTION('',(0.E+000,0.E+000,1.));
#10401 = PCURVE('',#10328,#10402);
#10402 = DEFINITIONAL_REPRESENTATION('',(#10403),#10407);
#10403 = LINE('',#10404,#10405);
#10404 = CARTESIAN_POINT('',(1.06850942,0.E+000));
#10405 = VECTOR('',#10406,1.);
#10406 = DIRECTION('',(0.E+000,-1.));
#10407 = ( GEOMETRIC_REPRESENTATION_CONTEXT(2) 
PARAMETRIC_REPRESENTATION_CONTEXT() REPRESENTATION_CONTEXT('2D SPACE',''
  ) );
#10408 = PCURVE('',#10409,#10414);
#10409 = PLANE('',#10410);
#10410 = AXIS2_PLACEMENT_3D('',#10411,#10412,#10413);
#10411 = CARTESIAN_POINT('',(0.37779452,0.53425598,0.E+000));
#10412 = DIRECTION('',(0.E+000,-1.,0.E+000));
#10413 = DIRECTION('',(-1.,0.E+000,0.E+000));
#10414 = DEFINITIONAL_REPRESENTATION('',(#10415),#10419);
#10415 = LINE('',#10416,#10417);
#10416 = CARTESIAN_POINT('',(0.E+000,-0.E+000));
#10417 = VECTOR('',#10418,1.);
#10418 = DIRECTION('',(0.E+000,-1.));
#10419 = ( GEOMETRIC_REPRESENTATION_CONTEXT(2) 
PARAMETRIC_REPRESENTATION_CONTEXT() REPRESENTATION_CONTEXT('2D SPACE',''
  ) );
#10420 = ORIENTED_EDGE('',*,*,#10421,.F.);
#10421 = EDGE_CURVE('',#10313,#10394,#10422,.T.);
#10422 = SURFACE_CURVE('',#10423,(#10427,#10434),.PCURVE_S1.);
#10423 = LINE('',#10424,#10425);
#10424 = CARTESIAN_POINT('',(0.37779452,-0.53425344,0.E+000));
#10425 = VECTOR('',#10426,1.);
#10426 = DIRECTION('',(0.E+000,1.,0.E+000));
#10427 = PCURVE('',#10328,#10428);
#10428 = DEFINITIONAL_REPRESENTATION('',(#10429),#10433);
#10429 = LINE('',#10430,#10431);
#10430 = CARTESIAN_POINT('',(0.E+000,0.E+000));
#10431 = VECTOR('',#10432,1.);
#10432 = DIRECTION('',(1.,0.E+000));
#10433 = ( GEOMETRIC_REPRESENTATION_CONTEXT(2) 
PARAMETRIC_REPRESENTATION_CONTEXT() REPRESENTATION_CONTEXT('2D SPACE',''
  ) );
#10434 = PCURVE('',#10354,#10435);
#10435 = DEFINITIONAL_REPRESENTATION('',(#10436),#10440);
#10436 = LINE('',#10437,#10438);
#10437 = CARTESIAN_POINT('',(-0.75558904,0.E+000));
#10438 = VECTOR('',#10439,1.);
#10439 = DIRECTION('',(0.E+000,1.));
#10440 = ( GEOMETRIC_REPRESENTATION_CONTEXT(2) 
PARAMETRIC_REPRESENTATION_CONTEXT() REPRESENTATION_CONTEXT('2D SPACE',''
  ) );
#10441 = ADVANCED_FACE('',(#10442),#10409,.F.);
#10442 = FACE_BOUND('',#10443,.F.);
#10443 = EDGE_LOOP('',(#10444,#10445,#10468,#10491));
#10444 = ORIENTED_EDGE('',*,*,#10393,.T.);
#10445 = ORIENTED_EDGE('',*,*,#10446,.T.);
#10446 = EDGE_CURVE('',#10371,#10447,#10449,.T.);
#10447 = VERTEX_POINT('',#10448);
#10448 = CARTESIAN_POINT('',(-0.37779452,0.53425598,0.80000094));
#10449 = SURFACE_CURVE('',#10450,(#10454,#10461),.PCURVE_S1.);
#10450 = LINE('',#10451,#10452);
#10451 = CARTESIAN_POINT('',(0.37779452,0.53425598,0.80000094));
#10452 = VECTOR('',#10453,1.);
#10453 = DIRECTION('',(-1.,0.E+000,0.E+000));
#10454 = PCURVE('',#10409,#10455);
#10455 = DEFINITIONAL_REPRESENTATION('',(#10456),#10460);
#10456 = LINE('',#10457,#10458);
#10457 = CARTESIAN_POINT('',(0.E+000,-0.80000094));
#10458 = VECTOR('',#10459,1.);
#10459 = DIRECTION('',(1.,0.E+000));
#10460 = ( GEOMETRIC_REPRESENTATION_CONTEXT(2) 
PARAMETRIC_REPRESENTATION_CONTEXT() REPRESENTATION_CONTEXT('2D SPACE',''
  ) );
#10461 = PCURVE('',#10300,#10462);
#10462 = DEFINITIONAL_REPRESENTATION('',(#10463),#10467);
#10463 = LINE('',#10464,#10465);
#10464 = CARTESIAN_POINT('',(-0.75558904,1.06850942));
#10465 = VECTOR('',#10466,1.);
#10466 = DIRECTION('',(1.,0.E+000));
#10467 = ( GEOMETRIC_REPRESENTATION_CONTEXT(2) 
PARAMETRIC_REPRESENTATION_CONTEXT() REPRESENTATION_CONTEXT('2D SPACE',''
  ) );
#10468 = ORIENTED_EDGE('',*,*,#10469,.F.);
#10469 = EDGE_CURVE('',#10470,#10447,#10472,.T.);
#10470 = VERTEX_POINT('',#10471);
#10471 = CARTESIAN_POINT('',(-0.37779452,0.53425598,0.E+000));
#10472 = SURFACE_CURVE('',#10473,(#10477,#10484),.PCURVE_S1.);
#10473 = LINE('',#10474,#10475);
#10474 = CARTESIAN_POINT('',(-0.37779452,0.53425598,0.E+000));
#10475 = VECTOR('',#10476,1.);
#10476 = DIRECTION('',(0.E+000,0.E+000,1.));
#10477 = PCURVE('',#10409,#10478);
#10478 = DEFINITIONAL_REPRESENTATION('',(#10479),#10483);
#10479 = LINE('',#10480,#10481);
#10480 = CARTESIAN_POINT('',(0.75558904,0.E+000));
#10481 = VECTOR('',#10482,1.);
#10482 = DIRECTION('',(0.E+000,-1.));
#10483 = ( GEOMETRIC_REPRESENTATION_CONTEXT(2) 
PARAMETRIC_REPRESENTATION_CONTEXT() REPRESENTATION_CONTEXT('2D SPACE',''
  ) );
#10484 = PCURVE('',#10272,#10485);
#10485 = DEFINITIONAL_REPRESENTATION('',(#10486),#10490);
#10486 = LINE('',#10487,#10488);
#10487 = CARTESIAN_POINT('',(0.E+000,0.E+000));
#10488 = VECTOR('',#10489,1.);
#10489 = DIRECTION('',(0.E+000,-1.));
#10490 = ( GEOMETRIC_REPRESENTATION_CONTEXT(2) 
PARAMETRIC_REPRESENTATION_CONTEXT() REPRESENTATION_CONTEXT('2D SPACE',''
  ) );
#10491 = ORIENTED_EDGE('',*,*,#10492,.F.);
#10492 = EDGE_CURVE('',#10394,#10470,#10493,.T.);
#10493 = SURFACE_CURVE('',#10494,(#10498,#10505),.PCURVE_S1.);
#10494 = LINE('',#10495,#10496);
#10495 = CARTESIAN_POINT('',(0.37779452,0.53425598,0.E+000));
#10496 = VECTOR('',#10497,1.);
#10497 = DIRECTION('',(-1.,0.E+000,0.E+000));
#10498 = PCURVE('',#10409,#10499);
#10499 = DEFINITIONAL_REPRESENTATION('',(#10500),#10504);
#10500 = LINE('',#10501,#10502);
#10501 = CARTESIAN_POINT('',(0.E+000,-0.E+000));
#10502 = VECTOR('',#10503,1.);
#10503 = DIRECTION('',(1.,0.E+000));
#10504 = ( GEOMETRIC_REPRESENTATION_CONTEXT(2) 
PARAMETRIC_REPRESENTATION_CONTEXT() REPRESENTATION_CONTEXT('2D SPACE',''
  ) );
#10505 = PCURVE('',#10354,#10506);
#10506 = DEFINITIONAL_REPRESENTATION('',(#10507),#10511);
#10507 = LINE('',#10508,#10509);
#10508 = CARTESIAN_POINT('',(-0.75558904,1.06850942));
#10509 = VECTOR('',#10510,1.);
#10510 = DIRECTION('',(1.,0.E+000));
#10511 = ( GEOMETRIC_REPRESENTATION_CONTEXT(2) 
PARAMETRIC_REPRESENTATION_CONTEXT() REPRESENTATION_CONTEXT('2D SPACE',''
  ) );
#10512 = ADVANCED_FACE('',(#10513),#10272,.F.);
#10513 = FACE_BOUND('',#10514,.F.);
#10514 = EDGE_LOOP('',(#10515,#10516,#10537,#10538));
#10515 = ORIENTED_EDGE('',*,*,#10469,.T.);
#10516 = ORIENTED_EDGE('',*,*,#10517,.T.);
#10517 = EDGE_CURVE('',#10447,#10252,#10518,.T.);
#10518 = SURFACE_CURVE('',#10519,(#10523,#10530),.PCURVE_S1.);
#10519 = LINE('',#10520,#10521);
#10520 = CARTESIAN_POINT('',(-0.37779452,0.53425598,0.80000094));
#10521 = VECTOR('',#10522,1.);
#10522 = DIRECTION('',(0.E+000,-1.,0.E+000));
#10523 = PCURVE('',#10272,#10524);
#10524 = DEFINITIONAL_REPRESENTATION('',(#10525),#10529);
#10525 = LINE('',#10526,#10527);
#10526 = CARTESIAN_POINT('',(0.E+000,-0.80000094));
#10527 = VECTOR('',#10528,1.);
#10528 = DIRECTION('',(1.,0.E+000));
#10529 = ( GEOMETRIC_REPRESENTATION_CONTEXT(2) 
PARAMETRIC_REPRESENTATION_CONTEXT() REPRESENTATION_CONTEXT('2D SPACE',''
  ) );
#10530 = PCURVE('',#10300,#10531);
#10531 = DEFINITIONAL_REPRESENTATION('',(#10532),#10536);
#10532 = LINE('',#10533,#10534);
#10533 = CARTESIAN_POINT('',(0.E+000,1.06850942));
#10534 = VECTOR('',#10535,1.);
#10535 = DIRECTION('',(-0.E+000,-1.));
#10536 = ( GEOMETRIC_REPRESENTATION_CONTEXT(2) 
PARAMETRIC_REPRESENTATION_CONTEXT() REPRESENTATION_CONTEXT('2D SPACE',''
  ) );
#10537 = ORIENTED_EDGE('',*,*,#10249,.F.);
#10538 = ORIENTED_EDGE('',*,*,#10539,.F.);
#10539 = EDGE_CURVE('',#10470,#10250,#10540,.T.);
#10540 = SURFACE_CURVE('',#10541,(#10545,#10552),.PCURVE_S1.);
#10541 = LINE('',#10542,#10543);
#10542 = CARTESIAN_POINT('',(-0.37779452,0.53425598,0.E+000));
#10543 = VECTOR('',#10544,1.);
#10544 = DIRECTION('',(0.E+000,-1.,0.E+000));
#10545 = PCURVE('',#10272,#10546);
#10546 = DEFINITIONAL_REPRESENTATION('',(#10547),#10551);
#10547 = LINE('',#10548,#10549);
#10548 = CARTESIAN_POINT('',(0.E+000,0.E+000));
#10549 = VECTOR('',#10550,1.);
#10550 = DIRECTION('',(1.,0.E+000));
#10551 = ( GEOMETRIC_REPRESENTATION_CONTEXT(2) 
PARAMETRIC_REPRESENTATION_CONTEXT() REPRESENTATION_CONTEXT('2D SPACE',''
  ) );
#10552 = PCURVE('',#10354,#10553);
#10553 = DEFINITIONAL_REPRESENTATION('',(#10554),#10558);
#10554 = LINE('',#10555,#10556);
#10555 = CARTESIAN_POINT('',(0.E+000,1.06850942));
#10556 = VECTOR('',#10557,1.);
#10557 = DIRECTION('',(-0.E+000,-1.));
#10558 = ( GEOMETRIC_REPRESENTATION_CONTEXT(2) 
PARAMETRIC_REPRESENTATION_CONTEXT() REPRESENTATION_CONTEXT('2D SPACE',''
  ) );
#10559 = ADVANCED_FACE('',(#10560),#10354,.T.);
#10560 = FACE_BOUND('',#10561,.F.);
#10561 = EDGE_LOOP('',(#10562,#10563,#10564,#10565));
#10562 = ORIENTED_EDGE('',*,*,#10340,.T.);
#10563 = ORIENTED_EDGE('',*,*,#10421,.T.);
#10564 = ORIENTED_EDGE('',*,*,#10492,.T.);
#10565 = ORIENTED_EDGE('',*,*,#10539,.T.);
#10566 = ADVANCED_FACE('',(#10567),#10300,.F.);
#10567 = FACE_BOUND('',#10568,.T.);
#10568 = EDGE_LOOP('',(#10569,#10570,#10571,#10572));
#10569 = ORIENTED_EDGE('',*,*,#10284,.T.);
#10570 = ORIENTED_EDGE('',*,*,#10370,.T.);
#10571 = ORIENTED_EDGE('',*,*,#10446,.T.);
#10572 = ORIENTED_EDGE('',*,*,#10517,.T.);
#10573 = ( GEOMETRIC_REPRESENTATION_CONTEXT(3) 
GLOBAL_UNCERTAINTY_ASSIGNED_CONTEXT((#10577)) 
GLOBAL_UNIT_ASSIGNED_CONTEXT((#10574,#10575,#10576)) 
REPRESENTATION_CONTEXT('Context #1',
  '3D Context with UNIT and UNCERTAINTY') );
#10574 = ( LENGTH_UNIT() NAMED_UNIT(*) SI_UNIT(.MILLI.,.METRE.) );
#10575 = ( NAMED_UNIT(*) PLANE_ANGLE_UNIT() SI_UNIT($,.RADIAN.) );
#10576 = ( NAMED_UNIT(*) SI_UNIT($,.STERADIAN.) SOLID_ANGLE_UNIT() );
#10577 = UNCERTAINTY_MEASURE_WITH_UNIT(LENGTH_MEASURE(1.E-007),#10574,
  'distance_accuracy_value','confusion accuracy');
#10578 = SHAPE_DEFINITION_REPRESENTATION(#10579,#10242);
#10579 = PRODUCT_DEFINITION_SHAPE('','',#10580);
#10580 = PRODUCT_DEFINITION('design','',#10581,#10584);
#10581 = PRODUCT_DEFINITION_FORMATION('','',#10582);
#10582 = PRODUCT('Extruded','Extruded','',(#10583));
#10583 = PRODUCT_CONTEXT('',#2,'mechanical');
#10584 = PRODUCT_DEFINITION_CONTEXT('part definition',#2,'design');
#10585 = CONTEXT_DEPENDENT_SHAPE_REPRESENTATION(#10586,#10588);
#10586 = ( REPRESENTATION_RELATIONSHIP('','',#10242,#10232) 
REPRESENTATION_RELATIONSHIP_WITH_TRANSFORMATION(#10587) 
SHAPE_REPRESENTATION_RELATIONSHIP() );
#10587 = ITEM_DEFINED_TRANSFORMATION('','',#11,#10233);
#10588 = PRODUCT_DEFINITION_SHAPE('Placement','Placement of an item',
  #10589);
#10589 = NEXT_ASSEMBLY_USAGE_OCCURRENCE('33','=>[0:1:1:2]','',#10227,
  #10580,$);
#10590 = PRODUCT_RELATED_PRODUCT_CATEGORY('part',$,(#10582));
#10591 = CONTEXT_DEPENDENT_SHAPE_REPRESENTATION(#10592,#10594);
#10592 = ( REPRESENTATION_RELATIONSHIP('','',#10232,#10215) 
REPRESENTATION_RELATIONSHIP_WITH_TRANSFORMATION(#10593) 
SHAPE_REPRESENTATION_RELATIONSHIP() );
#10593 = ITEM_DEFINED_TRANSFORMATION('','',#11,#10216);
#10594 = PRODUCT_DEFINITION_SHAPE('Placement','Placement of an item',
  #10595);
#10595 = NEXT_ASSEMBLY_USAGE_OCCURRENCE('34','=>[0:1:1:22]','',#10210,
  #10227,$);
#10596 = PRODUCT_RELATED_PRODUCT_CATEGORY('part',$,(#10229));
#10597 = CONTEXT_DEPENDENT_SHAPE_REPRESENTATION(#10598,#10600);
#10598 = ( REPRESENTATION_RELATIONSHIP('','',#10215,#10) 
REPRESENTATION_RELATIONSHIP_WITH_TRANSFORMATION(#10599) 
SHAPE_REPRESENTATION_RELATIONSHIP() );
#10599 = ITEM_DEFINED_TRANSFORMATION('','',#11,#79);
#10600 = PRODUCT_DEFINITION_SHAPE('Placement','Placement of an item',
  #10601);
#10601 = NEXT_ASSEMBLY_USAGE_OCCURRENCE('35','=>[0:1:1:21]','',#5,#10210
  ,$);
#10602 = PRODUCT_RELATED_PRODUCT_CATEGORY('part',$,(#10212));
#10603 = SHAPE_DEFINITION_REPRESENTATION(#10604,#10610);
#10604 = PRODUCT_DEFINITION_SHAPE('','',#10605);
#10605 = PRODUCT_DEFINITION('design','',#10606,#10609);
#10606 = PRODUCT_DEFINITION_FORMATION('','',#10607);
#10607 = PRODUCT('C19','C19','',(#10608));
#10608 = PRODUCT_CONTEXT('',#2,'mechanical');
#10609 = PRODUCT_DEFINITION_CONTEXT('part definition',#2,'design');
#10610 = SHAPE_REPRESENTATION('',(#11,#10611),#10615);
#10611 = AXIS2_PLACEMENT_3D('',#10612,#10613,#10614);
#10612 = CARTESIAN_POINT('',(81.569358825684,79.684455871582,
    -0.798423230648));
#10613 = DIRECTION('',(-8.742273065685E-008,-8.742273011954E-008,1.));
#10614 = DIRECTION('',(-4.371138828674E-008,-1.,-8.742273394091E-008));
#10615 = ( GEOMETRIC_REPRESENTATION_CONTEXT(3) 
GLOBAL_UNCERTAINTY_ASSIGNED_CONTEXT((#10619)) 
GLOBAL_UNIT_ASSIGNED_CONTEXT((#10616,#10617,#10618)) 
REPRESENTATION_CONTEXT('Context #1',
  '3D Context with UNIT and UNCERTAINTY') );
#10616 = ( LENGTH_UNIT() NAMED_UNIT(*) SI_UNIT(.MILLI.,.METRE.) );
#10617 = ( NAMED_UNIT(*) PLANE_ANGLE_UNIT() SI_UNIT($,.RADIAN.) );
#10618 = ( NAMED_UNIT(*) SI_UNIT($,.STERADIAN.) SOLID_ANGLE_UNIT() );
#10619 = UNCERTAINTY_MEASURE_WITH_UNIT(LENGTH_MEASURE(1.E-007),#10616,
  'distance_accuracy_value','confusion accuracy');
#10620 = CONTEXT_DEPENDENT_SHAPE_REPRESENTATION(#10621,#10623);
#10621 = ( REPRESENTATION_RELATIONSHIP('','',#5927,#10610) 
REPRESENTATION_RELATIONSHIP_WITH_TRANSFORMATION(#10622) 
SHAPE_REPRESENTATION_RELATIONSHIP() );
#10622 = ITEM_DEFINED_TRANSFORMATION('','',#11,#10611);
#10623 = PRODUCT_DEFINITION_SHAPE('Placement','Placement of an item',
  #10624);
#10624 = NEXT_ASSEMBLY_USAGE_OCCURRENCE('36','=>[0:1:1:4]','',#10605,
  #9432,$);
#10625 = CONTEXT_DEPENDENT_SHAPE_REPRESENTATION(#10626,#10628);
#10626 = ( REPRESENTATION_RELATIONSHIP('','',#10610,#10) 
REPRESENTATION_RELATIONSHIP_WITH_TRANSFORMATION(#10627) 
SHAPE_REPRESENTATION_RELATIONSHIP() );
#10627 = ITEM_DEFINED_TRANSFORMATION('','',#11,#83);
#10628 = PRODUCT_DEFINITION_SHAPE('Placement','Placement of an item',
  #10629);
#10629 = NEXT_ASSEMBLY_USAGE_OCCURRENCE('37','=>[0:1:1:24]','',#5,#10605
  ,$);
#10630 = PRODUCT_RELATED_PRODUCT_CATEGORY('part',$,(#10607));
#10631 = SHAPE_DEFINITION_REPRESENTATION(#10632,#10638);
#10632 = PRODUCT_DEFINITION_SHAPE('','',#10633);
#10633 = PRODUCT_DEFINITION('design','',#10634,#10637);
#10634 = PRODUCT_DEFINITION_FORMATION('','',#10635);
#10635 = PRODUCT('C5','C5','',(#10636));
#10636 = PRODUCT_CONTEXT('',#2,'mechanical');
#10637 = PRODUCT_DEFINITION_CONTEXT('part definition',#2,'design');
#10638 = SHAPE_REPRESENTATION('',(#11,#10639),#10643);
#10639 = AXIS2_PLACEMENT_3D('',#10640,#10641,#10642);
#10640 = CARTESIAN_POINT('',(82.458358764648,79.679374694824,
    -0.798423230648));
#10641 = DIRECTION('',(-8.742273065685E-008,-8.742273011954E-008,1.));
#10642 = DIRECTION('',(-4.371138828674E-008,-1.,-8.742273394091E-008));
#10643 = ( GEOMETRIC_REPRESENTATION_CONTEXT(3) 
GLOBAL_UNCERTAINTY_ASSIGNED_CONTEXT((#10647)) 
GLOBAL_UNIT_ASSIGNED_CONTEXT((#10644,#10645,#10646)) 
REPRESENTATION_CONTEXT('Context #1',
  '3D Context with UNIT and UNCERTAINTY') );
#10644 = ( LENGTH_UNIT() NAMED_UNIT(*) SI_UNIT(.MILLI.,.METRE.) );
#10645 = ( NAMED_UNIT(*) PLANE_ANGLE_UNIT() SI_UNIT($,.RADIAN.) );
#10646 = ( NAMED_UNIT(*) SI_UNIT($,.STERADIAN.) SOLID_ANGLE_UNIT() );
#10647 = UNCERTAINTY_MEASURE_WITH_UNIT(LENGTH_MEASURE(1.E-007),#10644,
  'distance_accuracy_value','confusion accuracy');
#10648 = CONTEXT_DEPENDENT_SHAPE_REPRESENTATION(#10649,#10651);
#10649 = ( REPRESENTATION_RELATIONSHIP('','',#5927,#10638) 
REPRESENTATION_RELATIONSHIP_WITH_TRANSFORMATION(#10650) 
SHAPE_REPRESENTATION_RELATIONSHIP() );
#10650 = ITEM_DEFINED_TRANSFORMATION('','',#11,#10639);
#10651 = PRODUCT_DEFINITION_SHAPE('Placement','Placement of an item',
  #10652);
#10652 = NEXT_ASSEMBLY_USAGE_OCCURRENCE('38','=>[0:1:1:4]','',#10633,
  #9432,$);
#10653 = CONTEXT_DEPENDENT_SHAPE_REPRESENTATION(#10654,#10656);
#10654 = ( REPRESENTATION_RELATIONSHIP('','',#10638,#10) 
REPRESENTATION_RELATIONSHIP_WITH_TRANSFORMATION(#10655) 
SHAPE_REPRESENTATION_RELATIONSHIP() );
#10655 = ITEM_DEFINED_TRANSFORMATION('','',#11,#87);
#10656 = PRODUCT_DEFINITION_SHAPE('Placement','Placement of an item',
  #10657);
#10657 = NEXT_ASSEMBLY_USAGE_OCCURRENCE('39','=>[0:1:1:25]','',#5,#10633
  ,$);
#10658 = PRODUCT_RELATED_PRODUCT_CATEGORY('part',$,(#10635));
#10659 = SHAPE_DEFINITION_REPRESENTATION(#10660,#10666);
#10660 = PRODUCT_DEFINITION_SHAPE('','',#10661);
#10661 = PRODUCT_DEFINITION('design','',#10662,#10665);
#10662 = PRODUCT_DEFINITION_FORMATION('','',#10663);
#10663 = PRODUCT('C7','C7','',(#10664));
#10664 = PRODUCT_CONTEXT('',#2,'mechanical');
#10665 = PRODUCT_DEFINITION_CONTEXT('part definition',#2,'design');
#10666 = SHAPE_REPRESENTATION('',(#11,#10667),#10671);
#10667 = AXIS2_PLACEMENT_3D('',#10668,#10669,#10670);
#10668 = CARTESIAN_POINT('',(76.064414978027,77.101287841797,
    -0.798423230648));
#10669 = DIRECTION('',(0.E+000,-1.748454678818E-007,1.));
#10670 = DIRECTION('',(1.,0.E+000,0.E+000));
#10671 = ( GEOMETRIC_REPRESENTATION_CONTEXT(3) 
GLOBAL_UNCERTAINTY_ASSIGNED_CONTEXT((#10675)) 
GLOBAL_UNIT_ASSIGNED_CONTEXT((#10672,#10673,#10674)) 
REPRESENTATION_CONTEXT('Context #1',
  '3D Context with UNIT and UNCERTAINTY') );
#10672 = ( LENGTH_UNIT() NAMED_UNIT(*) SI_UNIT(.MILLI.,.METRE.) );
#10673 = ( NAMED_UNIT(*) PLANE_ANGLE_UNIT() SI_UNIT($,.RADIAN.) );
#10674 = ( NAMED_UNIT(*) SI_UNIT($,.STERADIAN.) SOLID_ANGLE_UNIT() );
#10675 = UNCERTAINTY_MEASURE_WITH_UNIT(LENGTH_MEASURE(1.E-007),#10672,
  'distance_accuracy_value','confusion accuracy');
#10676 = CONTEXT_DEPENDENT_SHAPE_REPRESENTATION(#10677,#10679);
#10677 = ( REPRESENTATION_RELATIONSHIP('','',#5927,#10666) 
REPRESENTATION_RELATIONSHIP_WITH_TRANSFORMATION(#10678) 
SHAPE_REPRESENTATION_RELATIONSHIP() );
#10678 = ITEM_DEFINED_TRANSFORMATION('','',#11,#10667);
#10679 = PRODUCT_DEFINITION_SHAPE('Placement','Placement of an item',
  #10680);
#10680 = NEXT_ASSEMBLY_USAGE_OCCURRENCE('40','=>[0:1:1:4]','',#10661,
  #9432,$);
#10681 = CONTEXT_DEPENDENT_SHAPE_REPRESENTATION(#10682,#10684);
#10682 = ( REPRESENTATION_RELATIONSHIP('','',#10666,#10) 
REPRESENTATION_RELATIONSHIP_WITH_TRANSFORMATION(#10683) 
SHAPE_REPRESENTATION_RELATIONSHIP() );
#10683 = ITEM_DEFINED_TRANSFORMATION('','',#11,#91);
#10684 = PRODUCT_DEFINITION_SHAPE('Placement','Placement of an item',
  #10685);
#10685 = NEXT_ASSEMBLY_USAGE_OCCURRENCE('41','=>[0:1:1:26]','',#5,#10661
  ,$);
#10686 = PRODUCT_RELATED_PRODUCT_CATEGORY('part',$,(#10663));
#10687 = SHAPE_DEFINITION_REPRESENTATION(#10688,#10694);
#10688 = PRODUCT_DEFINITION_SHAPE('','',#10689);
#10689 = PRODUCT_DEFINITION('design','',#10690,#10693);
#10690 = PRODUCT_DEFINITION_FORMATION('','',#10691);
#10691 = PRODUCT('C20','C20','',(#10692));
#10692 = PRODUCT_CONTEXT('',#2,'mechanical');
#10693 = PRODUCT_DEFINITION_CONTEXT('part definition',#2,'design');
#10694 = SHAPE_REPRESENTATION('',(#11,#10695),#10699);
#10695 = AXIS2_PLACEMENT_3D('',#10696,#10697,#10698);
#10696 = CARTESIAN_POINT('',(81.096694946289,77.409240722656,
    -0.798423230648));
#10697 = DIRECTION('',(7.642738472527E-015,-6.681494178932E-022,1.));
#10698 = DIRECTION('',(-1.,8.742277657348E-008,7.642738472527E-015));
#10699 = ( GEOMETRIC_REPRESENTATION_CONTEXT(3) 
GLOBAL_UNCERTAINTY_ASSIGNED_CONTEXT((#10703)) 
GLOBAL_UNIT_ASSIGNED_CONTEXT((#10700,#10701,#10702)) 
REPRESENTATION_CONTEXT('Context #1',
  '3D Context with UNIT and UNCERTAINTY') );
#10700 = ( LENGTH_UNIT() NAMED_UNIT(*) SI_UNIT(.MILLI.,.METRE.) );
#10701 = ( NAMED_UNIT(*) PLANE_ANGLE_UNIT() SI_UNIT($,.RADIAN.) );
#10702 = ( NAMED_UNIT(*) SI_UNIT($,.STERADIAN.) SOLID_ANGLE_UNIT() );
#10703 = UNCERTAINTY_MEASURE_WITH_UNIT(LENGTH_MEASURE(1.E-007),#10700,
  'distance_accuracy_value','confusion accuracy');
#10704 = CONTEXT_DEPENDENT_SHAPE_REPRESENTATION(#10705,#10707);
#10705 = ( REPRESENTATION_RELATIONSHIP('','',#5927,#10694) 
REPRESENTATION_RELATIONSHIP_WITH_TRANSFORMATION(#10706) 
SHAPE_REPRESENTATION_RELATIONSHIP() );
#10706 = ITEM_DEFINED_TRANSFORMATION('','',#11,#10695);
#10707 = PRODUCT_DEFINITION_SHAPE('Placement','Placement of an item',
  #10708);
#10708 = NEXT_ASSEMBLY_USAGE_OCCURRENCE('42','=>[0:1:1:4]','',#10689,
  #9432,$);
#10709 = CONTEXT_DEPENDENT_SHAPE_REPRESENTATION(#10710,#10712);
#10710 = ( REPRESENTATION_RELATIONSHIP('','',#10694,#10) 
REPRESENTATION_RELATIONSHIP_WITH_TRANSFORMATION(#10711) 
SHAPE_REPRESENTATION_RELATIONSHIP() );
#10711 = ITEM_DEFINED_TRANSFORMATION('','',#11,#95);
#10712 = PRODUCT_DEFINITION_SHAPE('Placement','Placement of an item',
  #10713);
#10713 = NEXT_ASSEMBLY_USAGE_OCCURRENCE('43','=>[0:1:1:27]','',#5,#10689
  ,$);
#10714 = PRODUCT_RELATED_PRODUCT_CATEGORY('part',$,(#10691));
#10715 = MECHANICAL_DESIGN_GEOMETRIC_PRESENTATION_REPRESENTATION('',(
    #10716,#10724,#10732,#10739,#10746,#10753,#10760,#10768,#10775,
    #10782,#10789,#10796,#10803,#10810,#10817,#10824,#10831,#10838,
    #10845,#10852,#10859,#10866,#10873,#10880,#10887,#10894,#10901,
    #10908,#10915,#10922,#10929,#10936,#10943,#10950,#10957,#10964,
    #10971,#10978,#10985,#10992,#10999,#11006,#11013,#11020,#11027),
  #9425);
#10716 = STYLED_ITEM('color',(#10717),#5928);
#10717 = PRESENTATION_STYLE_ASSIGNMENT((#10718));
#10718 = SURFACE_STYLE_USAGE(.BOTH.,#10719);
#10719 = SURFACE_SIDE_STYLE('',(#10720));
#10720 = SURFACE_STYLE_FILL_AREA(#10721);
#10721 = FILL_AREA_STYLE('',(#10722));
#10722 = FILL_AREA_STYLE_COLOUR('',#10723);
#10723 = DRAUGHTING_PRE_DEFINED_COLOUR('white');
#10724 = OVER_RIDING_STYLED_ITEM('overriding color',(#10725),#5930,
  #10716);
#10725 = PRESENTATION_STYLE_ASSIGNMENT((#10726));
#10726 = SURFACE_STYLE_USAGE(.BOTH.,#10727);
#10727 = SURFACE_SIDE_STYLE('',(#10728));
#10728 = SURFACE_STYLE_FILL_AREA(#10729);
#10729 = FILL_AREA_STYLE('',(#10730));
#10730 = FILL_AREA_STYLE_COLOUR('',#10731);
#10731 = COLOUR_RGB('',0.729411780834,0.35686275363,2.352941222489E-002
  );
#10732 = OVER_RIDING_STYLED_ITEM('overriding color',(#10733),#6094,
  #10716);
#10733 = PRESENTATION_STYLE_ASSIGNMENT((#10734));
#10734 = SURFACE_STYLE_USAGE(.BOTH.,#10735);
#10735 = SURFACE_SIDE_STYLE('',(#10736));
#10736 = SURFACE_STYLE_FILL_AREA(#10737);
#10737 = FILL_AREA_STYLE('',(#10738));
#10738 = FILL_AREA_STYLE_COLOUR('',#10731);
#10739 = OVER_RIDING_STYLED_ITEM('overriding color',(#10740),#6524,
  #10716);
#10740 = PRESENTATION_STYLE_ASSIGNMENT((#10741));
#10741 = SURFACE_STYLE_USAGE(.BOTH.,#10742);
#10742 = SURFACE_SIDE_STYLE('',(#10743));
#10743 = SURFACE_STYLE_FILL_AREA(#10744);
#10744 = FILL_AREA_STYLE('',(#10745));
#10745 = FILL_AREA_STYLE_COLOUR('',#10731);
#10746 = OVER_RIDING_STYLED_ITEM('overriding color',(#10747),#6576,
  #10716);
#10747 = PRESENTATION_STYLE_ASSIGNMENT((#10748));
#10748 = SURFACE_STYLE_USAGE(.BOTH.,#10749);
#10749 = SURFACE_SIDE_STYLE('',(#10750));
#10750 = SURFACE_STYLE_FILL_AREA(#10751);
#10751 = FILL_AREA_STYLE('',(#10752));
#10752 = FILL_AREA_STYLE_COLOUR('',#10731);
#10753 = OVER_RIDING_STYLED_ITEM('overriding color',(#10754),#6955,
  #10716);
#10754 = PRESENTATION_STYLE_ASSIGNMENT((#10755));
#10755 = SURFACE_STYLE_USAGE(.BOTH.,#10756);
#10756 = SURFACE_SIDE_STYLE('',(#10757));
#10757 = SURFACE_STYLE_FILL_AREA(#10758);
#10758 = FILL_AREA_STYLE('',(#10759));
#10759 = FILL_AREA_STYLE_COLOUR('',#10731);
#10760 = OVER_RIDING_STYLED_ITEM('overriding color',(#10761),#6981,
  #10716);
#10761 = PRESENTATION_STYLE_ASSIGNMENT((#10762));
#10762 = SURFACE_STYLE_USAGE(.BOTH.,#10763);
#10763 = SURFACE_SIDE_STYLE('',(#10764));
#10764 = SURFACE_STYLE_FILL_AREA(#10765);
#10765 = FILL_AREA_STYLE('',(#10766));
#10766 = FILL_AREA_STYLE_COLOUR('',#10767);
#10767 = COLOUR_RGB('',0.623529434204,0.623529434204,0.623529434204);
#10768 = OVER_RIDING_STYLED_ITEM('overriding color',(#10769),#7077,
  #10716);
#10769 = PRESENTATION_STYLE_ASSIGNMENT((#10770));
#10770 = SURFACE_STYLE_USAGE(.BOTH.,#10771);
#10771 = SURFACE_SIDE_STYLE('',(#10772));
#10772 = SURFACE_STYLE_FILL_AREA(#10773);
#10773 = FILL_AREA_STYLE('',(#10774));
#10774 = FILL_AREA_STYLE_COLOUR('',#10767);
#10775 = OVER_RIDING_STYLED_ITEM('overriding color',(#10776),#7164,
  #10716);
#10776 = PRESENTATION_STYLE_ASSIGNMENT((#10777));
#10777 = SURFACE_STYLE_USAGE(.BOTH.,#10778);
#10778 = SURFACE_SIDE_STYLE('',(#10779));
#10779 = SURFACE_STYLE_FILL_AREA(#10780);
#10780 = FILL_AREA_STYLE('',(#10781));
#10781 = FILL_AREA_STYLE_COLOUR('',#10767);
#10782 = OVER_RIDING_STYLED_ITEM('overriding color',(#10783),#7216,
  #10716);
#10783 = PRESENTATION_STYLE_ASSIGNMENT((#10784));
#10784 = SURFACE_STYLE_USAGE(.BOTH.,#10785);
#10785 = SURFACE_SIDE_STYLE('',(#10786));
#10786 = SURFACE_STYLE_FILL_AREA(#10787);
#10787 = FILL_AREA_STYLE('',(#10788));
#10788 = FILL_AREA_STYLE_COLOUR('',#10767);
#10789 = OVER_RIDING_STYLED_ITEM('overriding color',(#10790),#7303,
  #10716);
#10790 = PRESENTATION_STYLE_ASSIGNMENT((#10791));
#10791 = SURFACE_STYLE_USAGE(.BOTH.,#10792);
#10792 = SURFACE_SIDE_STYLE('',(#10793));
#10793 = SURFACE_STYLE_FILL_AREA(#10794);
#10794 = FILL_AREA_STYLE('',(#10795));
#10795 = FILL_AREA_STYLE_COLOUR('',#10767);
#10796 = OVER_RIDING_STYLED_ITEM('overriding color',(#10797),#7378,
  #10716);
#10797 = PRESENTATION_STYLE_ASSIGNMENT((#10798));
#10798 = SURFACE_STYLE_USAGE(.BOTH.,#10799);
#10799 = SURFACE_SIDE_STYLE('',(#10800));
#10800 = SURFACE_STYLE_FILL_AREA(#10801);
#10801 = FILL_AREA_STYLE('',(#10802));
#10802 = FILL_AREA_STYLE_COLOUR('',#10767);
#10803 = OVER_RIDING_STYLED_ITEM('overriding color',(#10804),#7465,
  #10716);
#10804 = PRESENTATION_STYLE_ASSIGNMENT((#10805));
#10805 = SURFACE_STYLE_USAGE(.BOTH.,#10806);
#10806 = SURFACE_SIDE_STYLE('',(#10807));
#10807 = SURFACE_STYLE_FILL_AREA(#10808);
#10808 = FILL_AREA_STYLE('',(#10809));
#10809 = FILL_AREA_STYLE_COLOUR('',#10767);
#10810 = OVER_RIDING_STYLED_ITEM('overriding color',(#10811),#7517,
  #10716);
#10811 = PRESENTATION_STYLE_ASSIGNMENT((#10812));
#10812 = SURFACE_STYLE_USAGE(.BOTH.,#10813);
#10813 = SURFACE_SIDE_STYLE('',(#10814));
#10814 = SURFACE_STYLE_FILL_AREA(#10815);
#10815 = FILL_AREA_STYLE('',(#10816));
#10816 = FILL_AREA_STYLE_COLOUR('',#10767);
#10817 = OVER_RIDING_STYLED_ITEM('overriding color',(#10818),#7583,
  #10716);
#10818 = PRESENTATION_STYLE_ASSIGNMENT((#10819));
#10819 = SURFACE_STYLE_USAGE(.BOTH.,#10820);
#10820 = SURFACE_SIDE_STYLE('',(#10821));
#10821 = SURFACE_STYLE_FILL_AREA(#10822);
#10822 = FILL_AREA_STYLE('',(#10823));
#10823 = FILL_AREA_STYLE_COLOUR('',#10731);
#10824 = OVER_RIDING_STYLED_ITEM('overriding color',(#10825),#7674,
  #10716);
#10825 = PRESENTATION_STYLE_ASSIGNMENT((#10826));
#10826 = SURFACE_STYLE_USAGE(.BOTH.,#10827);
#10827 = SURFACE_SIDE_STYLE('',(#10828));
#10828 = SURFACE_STYLE_FILL_AREA(#10829);
#10829 = FILL_AREA_STYLE('',(#10830));
#10830 = FILL_AREA_STYLE_COLOUR('',#10731);
#10831 = OVER_RIDING_STYLED_ITEM('overriding color',(#10832),#7700,
  #10716);
#10832 = PRESENTATION_STYLE_ASSIGNMENT((#10833));
#10833 = SURFACE_STYLE_USAGE(.BOTH.,#10834);
#10834 = SURFACE_SIDE_STYLE('',(#10835));
#10835 = SURFACE_STYLE_FILL_AREA(#10836);
#10836 = FILL_AREA_STYLE('',(#10837));
#10837 = FILL_AREA_STYLE_COLOUR('',#10731);
#10838 = OVER_RIDING_STYLED_ITEM('overriding color',(#10839),#7707,
  #10716);
#10839 = PRESENTATION_STYLE_ASSIGNMENT((#10840));
#10840 = SURFACE_STYLE_USAGE(.BOTH.,#10841);
#10841 = SURFACE_SIDE_STYLE('',(#10842));
#10842 = SURFACE_STYLE_FILL_AREA(#10843);
#10843 = FILL_AREA_STYLE('',(#10844));
#10844 = FILL_AREA_STYLE_COLOUR('',#10731);
#10845 = OVER_RIDING_STYLED_ITEM('overriding color',(#10846),#7756,
  #10716);
#10846 = PRESENTATION_STYLE_ASSIGNMENT((#10847));
#10847 = SURFACE_STYLE_USAGE(.BOTH.,#10848);
#10848 = SURFACE_SIDE_STYLE('',(#10849));
#10849 = SURFACE_STYLE_FILL_AREA(#10850);
#10850 = FILL_AREA_STYLE('',(#10851));
#10851 = FILL_AREA_STYLE_COLOUR('',#10731);
#10852 = OVER_RIDING_STYLED_ITEM('overriding color',(#10853),#7763,
  #10716);
#10853 = PRESENTATION_STYLE_ASSIGNMENT((#10854));
#10854 = SURFACE_STYLE_USAGE(.BOTH.,#10855);
#10855 = SURFACE_SIDE_STYLE('',(#10856));
#10856 = SURFACE_STYLE_FILL_AREA(#10857);
#10857 = FILL_AREA_STYLE('',(#10858));
#10858 = FILL_AREA_STYLE_COLOUR('',#10767);
#10859 = OVER_RIDING_STYLED_ITEM('overriding color',(#10860),#7836,
  #10716);
#10860 = PRESENTATION_STYLE_ASSIGNMENT((#10861));
#10861 = SURFACE_STYLE_USAGE(.BOTH.,#10862);
#10862 = SURFACE_SIDE_STYLE('',(#10863));
#10863 = SURFACE_STYLE_FILL_AREA(#10864);
#10864 = FILL_AREA_STYLE('',(#10865));
#10865 = FILL_AREA_STYLE_COLOUR('',#10767);
#10866 = OVER_RIDING_STYLED_ITEM('overriding color',(#10867),#7923,
  #10716);
#10867 = PRESENTATION_STYLE_ASSIGNMENT((#10868));
#10868 = SURFACE_STYLE_USAGE(.BOTH.,#10869);
#10869 = SURFACE_SIDE_STYLE('',(#10870));
#10870 = SURFACE_STYLE_FILL_AREA(#10871);
#10871 = FILL_AREA_STYLE('',(#10872));
#10872 = FILL_AREA_STYLE_COLOUR('',#10767);
#10873 = OVER_RIDING_STYLED_ITEM('overriding color',(#10874),#7975,
  #10716);
#10874 = PRESENTATION_STYLE_ASSIGNMENT((#10875));
#10875 = SURFACE_STYLE_USAGE(.BOTH.,#10876);
#10876 = SURFACE_SIDE_STYLE('',(#10877));
#10877 = SURFACE_STYLE_FILL_AREA(#10878);
#10878 = FILL_AREA_STYLE('',(#10879));
#10879 = FILL_AREA_STYLE_COLOUR('',#10767);
#10880 = OVER_RIDING_STYLED_ITEM('overriding color',(#10881),#8085,
  #10716);
#10881 = PRESENTATION_STYLE_ASSIGNMENT((#10882));
#10882 = SURFACE_STYLE_USAGE(.BOTH.,#10883);
#10883 = SURFACE_SIDE_STYLE('',(#10884));
#10884 = SURFACE_STYLE_FILL_AREA(#10885);
#10885 = FILL_AREA_STYLE('',(#10886));
#10886 = FILL_AREA_STYLE_COLOUR('',#10767);
#10887 = OVER_RIDING_STYLED_ITEM('overriding color',(#10888),#8137,
  #10716);
#10888 = PRESENTATION_STYLE_ASSIGNMENT((#10889));
#10889 = SURFACE_STYLE_USAGE(.BOTH.,#10890);
#10890 = SURFACE_SIDE_STYLE('',(#10891));
#10891 = SURFACE_STYLE_FILL_AREA(#10892);
#10892 = FILL_AREA_STYLE('',(#10893));
#10893 = FILL_AREA_STYLE_COLOUR('',#10767);
#10894 = OVER_RIDING_STYLED_ITEM('overriding color',(#10895),#8247,
  #10716);
#10895 = PRESENTATION_STYLE_ASSIGNMENT((#10896));
#10896 = SURFACE_STYLE_USAGE(.BOTH.,#10897);
#10897 = SURFACE_SIDE_STYLE('',(#10898));
#10898 = SURFACE_STYLE_FILL_AREA(#10899);
#10899 = FILL_AREA_STYLE('',(#10900));
#10900 = FILL_AREA_STYLE_COLOUR('',#10767);
#10901 = OVER_RIDING_STYLED_ITEM('overriding color',(#10902),#8299,
  #10716);
#10902 = PRESENTATION_STYLE_ASSIGNMENT((#10903));
#10903 = SURFACE_STYLE_USAGE(.BOTH.,#10904);
#10904 = SURFACE_SIDE_STYLE('',(#10905));
#10905 = SURFACE_STYLE_FILL_AREA(#10906);
#10906 = FILL_AREA_STYLE('',(#10907));
#10907 = FILL_AREA_STYLE_COLOUR('',#10767);
#10908 = OVER_RIDING_STYLED_ITEM('overriding color',(#10909),#8365,
  #10716);
#10909 = PRESENTATION_STYLE_ASSIGNMENT((#10910));
#10910 = SURFACE_STYLE_USAGE(.BOTH.,#10911);
#10911 = SURFACE_SIDE_STYLE('',(#10912));
#10912 = SURFACE_STYLE_FILL_AREA(#10913);
#10913 = FILL_AREA_STYLE('',(#10914));
#10914 = FILL_AREA_STYLE_COLOUR('',#10767);
#10915 = OVER_RIDING_STYLED_ITEM('overriding color',(#10916),#8507,
  #10716);
#10916 = PRESENTATION_STYLE_ASSIGNMENT((#10917));
#10917 = SURFACE_STYLE_USAGE(.BOTH.,#10918);
#10918 = SURFACE_SIDE_STYLE('',(#10919));
#10919 = SURFACE_STYLE_FILL_AREA(#10920);
#10920 = FILL_AREA_STYLE('',(#10921));
#10921 = FILL_AREA_STYLE_COLOUR('',#10767);
#10922 = OVER_RIDING_STYLED_ITEM('overriding color',(#10923),#8578,
  #10716);
#10923 = PRESENTATION_STYLE_ASSIGNMENT((#10924));
#10924 = SURFACE_STYLE_USAGE(.BOTH.,#10925);
#10925 = SURFACE_SIDE_STYLE('',(#10926));
#10926 = SURFACE_STYLE_FILL_AREA(#10927);
#10927 = FILL_AREA_STYLE('',(#10928));
#10928 = FILL_AREA_STYLE_COLOUR('',#10767);
#10929 = OVER_RIDING_STYLED_ITEM('overriding color',(#10930),#8648,
  #10716);
#10930 = PRESENTATION_STYLE_ASSIGNMENT((#10931));
#10931 = SURFACE_STYLE_USAGE(.BOTH.,#10932);
#10932 = SURFACE_SIDE_STYLE('',(#10933));
#10933 = SURFACE_STYLE_FILL_AREA(#10934);
#10934 = FILL_AREA_STYLE('',(#10935));
#10935 = FILL_AREA_STYLE_COLOUR('',#10767);
#10936 = OVER_RIDING_STYLED_ITEM('overriding color',(#10937),#8719,
  #10716);
#10937 = PRESENTATION_STYLE_ASSIGNMENT((#10938));
#10938 = SURFACE_STYLE_USAGE(.BOTH.,#10939);
#10939 = SURFACE_SIDE_STYLE('',(#10940));
#10940 = SURFACE_STYLE_FILL_AREA(#10941);
#10941 = FILL_AREA_STYLE('',(#10942));
#10942 = FILL_AREA_STYLE_COLOUR('',#10767);
#10943 = OVER_RIDING_STYLED_ITEM('overriding color',(#10944),#8789,
  #10716);
#10944 = PRESENTATION_STYLE_ASSIGNMENT((#10945));
#10945 = SURFACE_STYLE_USAGE(.BOTH.,#10946);
#10946 = SURFACE_SIDE_STYLE('',(#10947));
#10947 = SURFACE_STYLE_FILL_AREA(#10948);
#10948 = FILL_AREA_STYLE('',(#10949));
#10949 = FILL_AREA_STYLE_COLOUR('',#10767);
#10950 = OVER_RIDING_STYLED_ITEM('overriding color',(#10951),#8837,
  #10716);
#10951 = PRESENTATION_STYLE_ASSIGNMENT((#10952));
#10952 = SURFACE_STYLE_USAGE(.BOTH.,#10953);
#10953 = SURFACE_SIDE_STYLE('',(#10954));
#10954 = SURFACE_STYLE_FILL_AREA(#10955);
#10955 = FILL_AREA_STYLE('',(#10956));
#10956 = FILL_AREA_STYLE_COLOUR('',#10767);
#10957 = OVER_RIDING_STYLED_ITEM('overriding color',(#10958),#8905,
  #10716);
#10958 = PRESENTATION_STYLE_ASSIGNMENT((#10959));
#10959 = SURFACE_STYLE_USAGE(.BOTH.,#10960);
#10960 = SURFACE_SIDE_STYLE('',(#10961));
#10961 = SURFACE_STYLE_FILL_AREA(#10962);
#10962 = FILL_AREA_STYLE('',(#10963));
#10963 = FILL_AREA_STYLE_COLOUR('',#10767);
#10964 = OVER_RIDING_STYLED_ITEM('overriding color',(#10965),#8911,
  #10716);
#10965 = PRESENTATION_STYLE_ASSIGNMENT((#10966));
#10966 = SURFACE_STYLE_USAGE(.BOTH.,#10967);
#10967 = SURFACE_SIDE_STYLE('',(#10968));
#10968 = SURFACE_STYLE_FILL_AREA(#10969);
#10969 = FILL_AREA_STYLE('',(#10970));
#10970 = FILL_AREA_STYLE_COLOUR('',#10767);
#10971 = OVER_RIDING_STYLED_ITEM('overriding color',(#10972),#9030,
  #10716);
#10972 = PRESENTATION_STYLE_ASSIGNMENT((#10973));
#10973 = SURFACE_STYLE_USAGE(.BOTH.,#10974);
#10974 = SURFACE_SIDE_STYLE('',(#10975));
#10975 = SURFACE_STYLE_FILL_AREA(#10976);
#10976 = FILL_AREA_STYLE('',(#10977));
#10977 = FILL_AREA_STYLE_COLOUR('',#10767);
#10978 = OVER_RIDING_STYLED_ITEM('overriding color',(#10979),#9101,
  #10716);
#10979 = PRESENTATION_STYLE_ASSIGNMENT((#10980));
#10980 = SURFACE_STYLE_USAGE(.BOTH.,#10981);
#10981 = SURFACE_SIDE_STYLE('',(#10982));
#10982 = SURFACE_STYLE_FILL_AREA(#10983);
#10983 = FILL_AREA_STYLE('',(#10984));
#10984 = FILL_AREA_STYLE_COLOUR('',#10767);
#10985 = OVER_RIDING_STYLED_ITEM('overriding color',(#10986),#9171,
  #10716);
#10986 = PRESENTATION_STYLE_ASSIGNMENT((#10987));
#10987 = SURFACE_STYLE_USAGE(.BOTH.,#10988);
#10988 = SURFACE_SIDE_STYLE('',(#10989));
#10989 = SURFACE_STYLE_FILL_AREA(#10990);
#10990 = FILL_AREA_STYLE('',(#10991));
#10991 = FILL_AREA_STYLE_COLOUR('',#10767);
#10992 = OVER_RIDING_STYLED_ITEM('overriding color',(#10993),#9219,
  #10716);
#10993 = PRESENTATION_STYLE_ASSIGNMENT((#10994));
#10994 = SURFACE_STYLE_USAGE(.BOTH.,#10995);
#10995 = SURFACE_SIDE_STYLE('',(#10996));
#10996 = SURFACE_STYLE_FILL_AREA(#10997);
#10997 = FILL_AREA_STYLE('',(#10998));
#10998 = FILL_AREA_STYLE_COLOUR('',#10767);
#10999 = OVER_RIDING_STYLED_ITEM('overriding color',(#11000),#9289,
  #10716);
#11000 = PRESENTATION_STYLE_ASSIGNMENT((#11001));
#11001 = SURFACE_STYLE_USAGE(.BOTH.,#11002);
#11002 = SURFACE_SIDE_STYLE('',(#11003));
#11003 = SURFACE_STYLE_FILL_AREA(#11004);
#11004 = FILL_AREA_STYLE('',(#11005));
#11005 = FILL_AREA_STYLE_COLOUR('',#10767);
#11006 = OVER_RIDING_STYLED_ITEM('overriding color',(#11007),#9337,
  #10716);
#11007 = PRESENTATION_STYLE_ASSIGNMENT((#11008));
#11008 = SURFACE_STYLE_USAGE(.BOTH.,#11009);
#11009 = SURFACE_SIDE_STYLE('',(#11010));
#11010 = SURFACE_STYLE_FILL_AREA(#11011);
#11011 = FILL_AREA_STYLE('',(#11012));
#11012 = FILL_AREA_STYLE_COLOUR('',#10767);
#11013 = OVER_RIDING_STYLED_ITEM('overriding color',(#11014),#9405,
  #10716);
#11014 = PRESENTATION_STYLE_ASSIGNMENT((#11015));
#11015 = SURFACE_STYLE_USAGE(.BOTH.,#11016);
#11016 = SURFACE_SIDE_STYLE('',(#11017));
#11017 = SURFACE_STYLE_FILL_AREA(#11018);
#11018 = FILL_AREA_STYLE('',(#11019));
#11019 = FILL_AREA_STYLE_COLOUR('',#10767);
#11020 = OVER_RIDING_STYLED_ITEM('overriding color',(#11021),#9411,
  #10716);
#11021 = PRESENTATION_STYLE_ASSIGNMENT((#11022));
#11022 = SURFACE_STYLE_USAGE(.BOTH.,#11023);
#11023 = SURFACE_SIDE_STYLE('',(#11024));
#11024 = SURFACE_STYLE_FILL_AREA(#11025);
#11025 = FILL_AREA_STYLE('',(#11026));
#11026 = FILL_AREA_STYLE_COLOUR('',#10767);
#11027 = OVER_RIDING_STYLED_ITEM('overriding color',(#11028),#9418,
  #10716);
#11028 = PRESENTATION_STYLE_ASSIGNMENT((#11029));
#11029 = SURFACE_STYLE_USAGE(.BOTH.,#11030);
#11030 = SURFACE_SIDE_STYLE('',(#11031));
#11031 = SURFACE_STYLE_FILL_AREA(#11032);
#11032 = FILL_AREA_STYLE('',(#11033));
#11033 = FILL_AREA_STYLE_COLOUR('',#10767);
#11034 = MECHANICAL_DESIGN_GEOMETRIC_PRESENTATION_REPRESENTATION('',(
    #11035),#10573);
#11035 = STYLED_ITEM('color',(#11036),#10243);
#11036 = PRESENTATION_STYLE_ASSIGNMENT((#11037,#11043));
#11037 = SURFACE_STYLE_USAGE(.BOTH.,#11038);
#11038 = SURFACE_SIDE_STYLE('',(#11039));
#11039 = SURFACE_STYLE_FILL_AREA(#11040);
#11040 = FILL_AREA_STYLE('',(#11041));
#11041 = FILL_AREA_STYLE_COLOUR('',#11042);
#11042 = COLOUR_RGB('',0.501960813999,0.501960813999,0.501960813999);
#11043 = CURVE_STYLE('',#11044,POSITIVE_LENGTH_MEASURE(0.1),#11042);
#11044 = DRAUGHTING_PRE_DEFINED_CURVE_FONT('continuous');
#11045 = MECHANICAL_DESIGN_GEOMETRIC_PRESENTATION_REPRESENTATION('',(
    #11046),#5892);
#11046 = STYLED_ITEM('color',(#11047),#106);
#11047 = PRESENTATION_STYLE_ASSIGNMENT((#11048,#11054));
#11048 = SURFACE_STYLE_USAGE(.BOTH.,#11049);
#11049 = SURFACE_SIDE_STYLE('',(#11050));
#11050 = SURFACE_STYLE_FILL_AREA(#11051);
#11051 = FILL_AREA_STYLE('',(#11052));
#11052 = FILL_AREA_STYLE_COLOUR('',#11053);
#11053 = COLOUR_RGB('',0.E+000,0.501960813999,0.E+000);
#11054 = CURVE_STYLE('',#11055,POSITIVE_LENGTH_MEASURE(0.1),#11053);
#11055 = DRAUGHTING_PRE_DEFINED_CURVE_FONT('continuous');
#11056 = MECHANICAL_DESIGN_GEOMETRIC_PRESENTATION_REPRESENTATION('',(
    #11057),#9898);
#11057 = STYLED_ITEM('color',(#11058),#9568);
#11058 = PRESENTATION_STYLE_ASSIGNMENT((#11059,#11064));
#11059 = SURFACE_STYLE_USAGE(.BOTH.,#11060);
#11060 = SURFACE_SIDE_STYLE('',(#11061));
#11061 = SURFACE_STYLE_FILL_AREA(#11062);
#11062 = FILL_AREA_STYLE('',(#11063));
#11063 = FILL_AREA_STYLE_COLOUR('',#11042);
#11064 = CURVE_STYLE('',#11065,POSITIVE_LENGTH_MEASURE(0.1),#11042);
#11065 = DRAUGHTING_PRE_DEFINED_CURVE_FONT('continuous');
ENDSEC;
END-ISO-10303-21;
