ISO-10303-21;
HEADER;
FILE_DESCRIPTION (( 'STEP AP203' ),
    '1' );
FILE_NAME ('壳体9.10.STEP',
    '2024-09-10T03:44:30',
    ( '' ),
    ( '' ),
    'SwSTEP 2.0',
    'SolidWorks 2017',
    '' );
FILE_SCHEMA (( 'CONFIG_CONTROL_DESIGN' ));
ENDSEC;

DATA;
#1 = VECTOR ( 'NONE', #2189, 1000.000000000000000 ) ;
#2 = CARTESIAN_POINT ( 'NONE',  ( 0.0000000000000000000, 0.0000000000000000000, -10.58581011351619100 ) ) ;
#3 = DIRECTION ( 'NONE',  ( -0.0000000000000000000, 1.000000000000000000, -0.0000000000000000000 ) ) ;
#4 = VECTOR ( 'NONE', #1674, 1000.000000000000000 ) ;
#5 = EDGE_CURVE ( 'NONE', #1838, #1846, #226, .T. ) ;
#6 = EDGE_CURVE ( 'NONE', #1331, #2153, #450, .T. ) ;
#7 = ORIENTED_EDGE ( 'NONE', *, *, #1039, .F. ) ;
#8 = CARTESIAN_POINT ( 'NONE',  ( 6.408445399995244400, 0.0000000000000000000, -1.034686833416786900 ) ) ;
#9 = DIRECTION ( 'NONE',  ( 1.000000000000000000, 0.0000000000000000000, 0.0000000000000000000 ) ) ;
#10 = PERSON_AND_ORGANIZATION ( #1848, #91 ) ;
#11 = DIRECTION ( 'NONE',  ( 0.0000000000000000000, 1.000000000000000000, -0.0000000000000000000 ) ) ;
#12 = CIRCLE ( 'NONE', #996, 0.2999999999999999300 ) ;
#13 = CARTESIAN_POINT ( 'NONE',  ( 6.308447199995271100, 0.0000000000000000000, -2.217981439660795300 ) ) ;
#14 = VECTOR ( 'NONE', #760, 1000.000000000000000 ) ;
#15 = ORIENTED_EDGE ( 'NONE', *, *, #912, .T. ) ;
#16 = CARTESIAN_POINT ( 'NONE',  ( 5.791180021403108400, 8.900000000000000400, 11.54814550733351900 ) ) ;
#17 = CC_DESIGN_PERSON_AND_ORGANIZATION_ASSIGNMENT ( #10, #1811, ( #371 ) ) ;
#18 = ORIENTED_EDGE ( 'NONE', *, *, #933, .T. ) ;
#19 = ADVANCED_FACE ( 'NONE', ( #670 ), #969, .T. ) ;
#20 = CARTESIAN_POINT ( 'NONE',  ( 4.791180021403052400, 8.900000000000000400, 13.13723868779650900 ) ) ;
#21 = EDGE_CURVE ( 'NONE', #565, #1468, #514, .T. ) ;
#22 = CARTESIAN_POINT ( 'NONE',  ( -8.232903600004814100, -1.000000000000000000, -2.734735833416801000 ) ) ;
#23 = ORIENTED_EDGE ( 'NONE', *, *, #1301, .F. ) ;
#24 = EDGE_CURVE ( 'NONE', #1718, #1434, #1724, .T. ) ;
#25 = EDGE_LOOP ( 'NONE', ( #1089, #30 ) ) ;
#26 = EDGE_LOOP ( 'NONE', ( #1299, #580 ) ) ;
#27 = EDGE_LOOP ( 'NONE', ( #476, #217, #1389, #211, #553 ) ) ;
#28 = CARTESIAN_POINT ( 'NONE',  ( -6.432907200004755100, 0.0000000000000000000, -1.134737633416770900 ) ) ;
#29 = CARTESIAN_POINT ( 'NONE',  ( 5.491180021403108600, 8.900000000000000400, 14.13723868779651100 ) ) ;
#30 = ORIENTED_EDGE ( 'NONE', *, *, #253, .T. ) ;
#31 = EDGE_LOOP ( 'NONE', ( #188, #1462, #1904, #571 ) ) ;
#32 = VECTOR ( 'NONE', #634, 1000.000000000000000 ) ;
#33 = VECTOR ( 'NONE', #962, 1000.000000000000000 ) ;
#34 = AXIS2_PLACEMENT_3D ( 'NONE', #1082, #1972, #941 ) ;
#35 = DIRECTION ( 'NONE',  ( 0.0000000000000000000, 0.0000000000000000000, -1.000000000000000000 ) ) ;
#36 = VECTOR ( 'NONE', #2225, 1000.000000000000000 ) ;
#37 = CARTESIAN_POINT ( 'NONE',  ( -9.241076427460360100, -0.7000000000000009500, 6.974364190355776900 ) ) ;
#38 = PLANE ( 'NONE',  #2141 ) ;
#39 = AXIS2_PLACEMENT_3D ( 'NONE', #1324, #643, #480 ) ;
#40 = ORIENTED_EDGE ( 'NONE', *, *, #1509, .T. ) ;
#41 = CARTESIAN_POINT ( 'NONE',  ( -4.767588040598624800, 2.933986331336726000, 14.13723868779651100 ) ) ;
#42 = LOCAL_TIME ( 11, 44, 30.00000000000000000, #1779 ) ;
#43 = FACE_BOUND ( 'NONE', #615, .T. ) ;
#44 = DIRECTION ( 'NONE',  ( 0.0000000000000000000, 0.0000000000000000000, -1.000000000000000000 ) ) ;
#45 = FACE_OUTER_BOUND ( 'NONE', #1880, .T. ) ;
#46 = ADVANCED_FACE ( 'NONE', ( #1533, #400 ), #642, .F. ) ;
#47 = PLANE ( 'NONE',  #1681 ) ;
#48 = CYLINDRICAL_SURFACE ( 'NONE', #2235, 0.2999999999999999300 ) ;
#49 = DIRECTION ( 'NONE',  ( 1.000000000000000000, -0.0000000000000000000, 0.0000000000000000000 ) ) ;
#50 = AXIS2_PLACEMENT_3D ( 'NONE', #1445, #1455, #1808 ) ;
#51 = ADVANCED_BREP_SHAPE_REPRESENTATION ( '壳体9.10', ( #396, #1682 ), #1407 ) ;
#52 = AXIS2_PLACEMENT_3D ( 'NONE', #28, #372, #1763 ) ;
#53 = ORIENTED_EDGE ( 'NONE', *, *, #936, .T. ) ;
#54 = ORIENTED_EDGE ( 'NONE', *, *, #528, .F. ) ;
#55 = CARTESIAN_POINT ( 'NONE',  ( -9.241076427460360100, 8.900000000000000400, 6.974364190355776900 ) ) ;
#56 = ORIENTED_EDGE ( 'NONE', *, *, #968, .F. ) ;
#57 = EDGE_CURVE ( 'NONE', #971, #2155, #2212, .T. ) ;
#58 = AXIS2_PLACEMENT_3D ( 'NONE', #1139, #124, #657 ) ;
#59 = ORIENTED_EDGE ( 'NONE', *, *, #1293, .T. ) ;
#60 = ADVANCED_FACE ( 'NONE', ( #1564 ), #1995, .T. ) ;
#61 = ORIENTED_EDGE ( 'NONE', *, *, #2181, .F. ) ;
#62 = VECTOR ( 'NONE', #1550, 1000.000000000000000 ) ;
#63 = CIRCLE ( 'NONE', #39, 1.000000000000000000 ) ;
#64 = VECTOR ( 'NONE', #1684, 1000.000000000000000 ) ;
#65 = CARTESIAN_POINT ( 'NONE',  ( -6.532905400004784400, 1.399999999999999900, 0.1485061728272523700 ) ) ;
#66 = ORIENTED_EDGE ( 'NONE', *, *, #1039, .T. ) ;
#67 = ADVANCED_FACE ( 'NONE', ( #1121, #799 ), #2039, .T. ) ;
#68 = DIRECTION ( 'NONE',  ( 0.0000000000000000000, 1.000000000000000000, 0.0000000000000000000 ) ) ;
#69 = DIRECTION ( 'NONE',  ( -0.0000000000000000000, 1.000000000000000000, 0.0000000000000000000 ) ) ;
#70 = LINE ( 'NONE', #129, #918 ) ;
#71 = FACE_OUTER_BOUND ( 'NONE', #506, .T. ) ;
#72 = CARTESIAN_POINT ( 'NONE',  ( 0.0000000000000000000, 3.500000000000000000, 0.0000000000000000000 ) ) ;
#73 = EDGE_CURVE ( 'NONE', #1263, #157, #166, .T. ) ;
#74 = ORIENTED_EDGE ( 'NONE', *, *, #702, .T. ) ;
#75 = CARTESIAN_POINT ( 'NONE',  ( 5.491180021403108600, -0.7000000000000009500, 13.83723868779651100 ) ) ;
#76 = EDGE_LOOP ( 'NONE', ( #2167, #605, #2143, #1098 ) ) ;
#77 = ADVANCED_FACE ( 'NONE', ( #1339 ), #1204, .T. ) ;
#78 = VERTEX_POINT ( 'NONE', #1549 ) ;
#79 = VERTEX_POINT ( 'NONE', #324 ) ;
#80 = EDGE_CURVE ( 'NONE', #845, #1909, #777, .T. ) ;
#81 = ORIENTED_EDGE ( 'NONE', *, *, #1862, .T. ) ;
#82 = VERTEX_POINT ( 'NONE', #1187 ) ;
#83 = VERTEX_POINT ( 'NONE', #833 ) ;
#84 = DIRECTION ( 'NONE',  ( 0.0000000000000000000, 0.0000000000000000000, 1.000000000000000000 ) ) ;
#85 = LINE ( 'NONE', #13, #479 ) ;
#86 = PLANE ( 'NONE',  #877 ) ;
#87 = VECTOR ( 'NONE', #415, 1000.000000000000000 ) ;
#88 = DIRECTION ( 'NONE',  ( 0.7980822675489499500, 0.0000000000000000000, -0.6025484994786115500 ) ) ;
#89 = ORIENTED_EDGE ( 'NONE', *, *, #1486, .T. ) ;
#90 = DIRECTION ( 'NONE',  ( 0.0000000000000000000, 0.0000000000000000000, 1.000000000000000000 ) ) ;
#91 = ORGANIZATION ( '未指定', '未指定', '' ) ;
#92 = CARTESIAN_POINT ( 'NONE',  ( 6.508443599995217700, 0.0000000000000000000, -2.217981439660794900 ) ) ;
#93 = EDGE_CURVE ( 'NONE', #1820, #1828, #613, .T. ) ;
#94 = FACE_BOUND ( 'NONE', #1086, .T. ) ;
#95 = LINE ( 'NONE', #1732, #1646 ) ;
#96 = CARTESIAN_POINT ( 'NONE',  ( -5.643323971883366300, -1.000000000000001300, 11.53512891344790800 ) ) ;
#97 = EDGE_LOOP ( 'NONE', ( #2011, #1020, #600, #18, #1520, #1792 ) ) ;
#98 = CARTESIAN_POINT ( 'NONE',  ( -5.767588040595296800, -0.7000000000000009500, 11.57675815442529900 ) ) ;
#99 = ORIENTED_EDGE ( 'NONE', *, *, #590, .F. ) ;
#100 = EDGE_LOOP ( 'NONE', ( #1640, #2169, #2059, #1871 ) ) ;
#101 = AXIS2_PLACEMENT_3D ( 'NONE', #1522, #1866, #832 ) ;
#102 = DIRECTION ( 'NONE',  ( 1.000000000000000000, 0.0000000000000000000, 0.0000000000000000000 ) ) ;
#103 = VERTEX_POINT ( 'NONE', #20 ) ;
#104 = CARTESIAN_POINT ( 'NONE',  ( 5.808447199995271100, 0.0000000000000000000, -1.634685033416760400 ) ) ;
#105 = VERTEX_POINT ( 'NONE', #851 ) ;
#106 = VECTOR ( 'NONE', #1300, 1000.000000000000000 ) ;
#107 = CYLINDRICAL_SURFACE ( 'NONE', #302, 1.124999020000017100 ) ;
#108 = CARTESIAN_POINT ( 'NONE',  ( -4.767588040598624800, 8.900000000000000400, 0.0000000000000000000 ) ) ;
#109 = DIRECTION ( 'NONE',  ( 0.0000000000000000000, 1.000000000000000000, -0.0000000000000000000 ) ) ;
#110 = ORIENTED_EDGE ( 'NONE', *, *, #632, .F. ) ;
#111 = EDGE_LOOP ( 'NONE', ( #1556, #1073, #439, #904, #821, #1985 ) ) ;
#112 = AXIS2_PLACEMENT_3D ( 'NONE', #244, #1433, #405 ) ;
#113 = VECTOR ( 'NONE', #1709, 1000.000000000000000 ) ;
#114 = DIRECTION ( 'NONE',  ( -0.0000000000000000000, 0.0000000000000000000, 1.000000000000000000 ) ) ;
#115 = CARTESIAN_POINT ( 'NONE',  ( 5.791180021403108400, 8.900000000000000400, 0.0000000000000000000 ) ) ;
#116 = FACE_OUTER_BOUND ( 'NONE', #1253, .T. ) ;
#117 = CARTESIAN_POINT ( 'NONE',  ( 8.443026260043552600, 0.0000000000000000000, 6.374403135447551000 ) ) ;
#118 = AXIS2_PLACEMENT_3D ( 'NONE', #1743, #1249, #212 ) ;
#119 = EDGE_CURVE ( 'NONE', #1658, #2121, #1530, .T. ) ;
#120 = LINE ( 'NONE', #926, #14 ) ;
#121 = CARTESIAN_POINT ( 'NONE',  ( 5.791180021403108400, 8.900000000000000400, 13.83723868779651100 ) ) ;
#122 = ORIENTED_EDGE ( 'NONE', *, *, #920, .F. ) ;
#123 = DIRECTION ( 'NONE',  ( -1.000000000000000000, 0.0000000000000000000, 0.0000000000000000000 ) ) ;
#124 = DIRECTION ( 'NONE',  ( 0.0000000000000000000, 1.000000000000000000, 0.0000000000000000000 ) ) ;
#125 = ORIENTED_EDGE ( 'NONE', *, *, #776, .F. ) ;
#126 = CARTESIAN_POINT ( 'NONE',  ( 7.608443599995218200, 0.0000000000000000000, 4.665314966583238700 ) ) ;
#127 = DIRECTION ( 'NONE',  ( -0.0000000000000000000, -1.000000000000000000, -0.0000000000000000000 ) ) ;
#128 = ORIENTED_EDGE ( 'NONE', *, *, #1744, .F. ) ;
#129 = CARTESIAN_POINT ( 'NONE',  ( -9.500000000000000000, 3.500000000000000000, 4.670050937561780000 ) ) ;
#130 = EDGE_LOOP ( 'NONE', ( #1939, #1818, #61, #1341 ) ) ;
#131 = CARTESIAN_POINT ( 'NONE',  ( 5.208447199995269700, -1.000000000000000000, 4.665314966583238700 ) ) ;
#132 = ORIENTED_EDGE ( 'NONE', *, *, #919, .T. ) ;
#133 = ORIENTED_EDGE ( 'NONE', *, *, #2096, .T. ) ;
#134 = DIRECTION ( 'NONE',  ( 0.0000000000000000000, -1.000000000000000000, 0.0000000000000000000 ) ) ;
#135 = EDGE_CURVE ( 'NONE', #2194, #1820, #1591, .T. ) ;
#136 = LINE ( 'NONE', #1053, #397 ) ;
#137 = DIRECTION ( 'NONE',  ( -0.0000000000000000000, -0.0000000000000000000, -1.000000000000000000 ) ) ;
#138 = DIRECTION ( 'NONE',  ( 1.000000000000000000, -0.0000000000000000000, 0.0000000000000000000 ) ) ;
#139 = LINE ( 'NONE', #1819, #1147 ) ;
#140 = CARTESIAN_POINT ( 'NONE',  ( -1.190139976531314400E-015, 0.0000000000000000000, 4.665264166583199300 ) ) ;
#141 = VECTOR ( 'NONE', #374, 1000.000000000000000 ) ;
#142 = DIRECTION ( 'NONE',  ( 0.0000000000000000000, 1.000000000000000000, 0.0000000000000000000 ) ) ;
#143 = VERTEX_POINT ( 'NONE', #1884 ) ;
#144 = CIRCLE ( 'NONE', #942, 1.100000000000000100 ) ;
#145 = DIRECTION ( 'NONE',  ( -0.0000000000000000000, -1.000000000000000000, -0.0000000000000000000 ) ) ;
#146 = CARTESIAN_POINT ( 'NONE',  ( 4.708447199995269700, -1.000000000000000000, 4.665314966583238700 ) ) ;
#147 = LINE ( 'NONE', #1001, #1008 ) ;
#148 = PLANE ( 'NONE',  #101 ) ;
#149 = FACE_OUTER_BOUND ( 'NONE', #925, .T. ) ;
#150 = AXIS2_PLACEMENT_3D ( 'NONE', #2056, #1542, #682 ) ;
#151 = ORIENTED_EDGE ( 'NONE', *, *, #1984, .T. ) ;
#152 = EDGE_CURVE ( 'NONE', #1678, #183, #602, .T. ) ;
#153 = DIRECTION ( 'NONE',  ( 0.0000000000000000000, 0.0000000000000000000, 1.000000000000000000 ) ) ;
#154 = ORIENTED_EDGE ( 'NONE', *, *, #1842, .F. ) ;
#155 = CARTESIAN_POINT ( 'NONE',  ( -7.132903600004814500, -1.000000000000000000, -2.734735833416801000 ) ) ;
#156 = DIRECTION ( 'NONE',  ( 1.000000000000000000, 0.0000000000000000000, 0.0000000000000000000 ) ) ;
#157 = VERTEX_POINT ( 'NONE', #1893 ) ;
#158 = CARTESIAN_POINT ( 'NONE',  ( 5.208447199995269700, 0.0000000000000000000, 4.865314966583238900 ) ) ;
#159 = EDGE_LOOP ( 'NONE', ( #2137, #1922, #1776, #15, #848, #1277, #1913, #436, #743, #531, #392, #789, #791, #161, #1164 ) ) ;
#160 = ORIENTED_EDGE ( 'NONE', *, *, #1910, .F. ) ;
#161 = ORIENTED_EDGE ( 'NONE', *, *, #24, .T. ) ;
#162 = CARTESIAN_POINT ( 'NONE',  ( 0.0000000000000000000, 3.500000000000000000, 0.0000000000000000000 ) ) ;
#163 = LINE ( 'NONE', #1182, #668 ) ;
#164 = EDGE_CURVE ( 'NONE', #1022, #1468, #323, .T. ) ;
#165 = ADVANCED_FACE ( 'NONE', ( #482 ), #1921, .T. ) ;
#166 = LINE ( 'NONE', #1531, #2055 ) ;
#167 = EDGE_CURVE ( 'NONE', #1658, #1132, #376, .T. ) ;
#168 = DIRECTION ( 'NONE',  ( 0.0000000000000000000, 0.0000000000000000000, 1.000000000000000000 ) ) ;
#169 = ORIENTED_EDGE ( 'NONE', *, *, #24, .F. ) ;
#170 = PLANE ( 'NONE',  #1521 ) ;
#171 = DIRECTION ( 'NONE',  ( 0.0000000000000000000, -0.0000000000000000000, 1.000000000000000000 ) ) ;
#172 = VERTEX_POINT ( 'NONE', #527 ) ;
#173 = CARTESIAN_POINT ( 'NONE',  ( 6.408445399995244400, 1.399999999999999900, -1.034686833416786900 ) ) ;
#174 = VECTOR ( 'NONE', #1127, 1000.000000000000000 ) ;
#175 = DIRECTION ( 'NONE',  ( 0.0000000000000000000, 0.0000000000000000000, -1.000000000000000000 ) ) ;
#176 = VECTOR ( 'NONE', #1546, 1000.000000000000000 ) ;
#177 = DIRECTION ( 'NONE',  ( 0.0000000000000000000, 0.0000000000000000000, 1.000000000000000000 ) ) ;
#178 = AXIS2_PLACEMENT_3D ( 'NONE', #201, #1740, #1572 ) ;
#179 = LINE ( 'NONE', #55, #759 ) ;
#180 = ADVANCED_FACE ( 'NONE', ( #1637 ), #1071, .F. ) ;
#181 = VERTEX_POINT ( 'NONE', #2 ) ;
#182 = CARTESIAN_POINT ( 'NONE',  ( 5.491180021403108600, 8.900000000000000400, 14.13723868779651100 ) ) ;
#183 = VERTEX_POINT ( 'NONE', #1348 ) ;
#184 = CARTESIAN_POINT ( 'NONE',  ( -4.832907200004754600, 9.000000000000001800, -2.734735833416801000 ) ) ;
#185 = ORIENTED_EDGE ( 'NONE', *, *, #541, .F. ) ;
#186 = DIRECTION ( 'NONE',  ( 0.0000000000000000000, 0.0000000000000000000, 1.000000000000000000 ) ) ;
#187 = CARTESIAN_POINT ( 'NONE',  ( 0.0000000000000000000, -0.7000000000000009500, 13.83723868779651100 ) ) ;
#188 = ORIENTED_EDGE ( 'NONE', *, *, #1948, .T. ) ;
#189 = DIRECTION ( 'NONE',  ( -0.0000000000000000000, 1.000000000000000000, -0.0000000000000000000 ) ) ;
#190 = VERTEX_POINT ( 'NONE', #1194 ) ;
#191 = EDGE_LOOP ( 'NONE', ( #982, #313, #1443, #1762 ) ) ;
#192 = AXIS2_PLACEMENT_3D ( 'NONE', #1211, #534, #710 ) ;
#193 = VERTEX_POINT ( 'NONE', #1019 ) ;
#194 = CALENDAR_DATE ( 2024, 10, 9 ) ;
#195 = VECTOR ( 'NONE', #861, 1000.000000000000000 ) ;
#196 = DIRECTION ( 'NONE',  ( -0.0000000000000000000, 1.000000000000000000, -0.0000000000000000000 ) ) ;
#197 = DIRECTION ( 'NONE',  ( 1.000000000000000000, 0.0000000000000000000, 0.0000000000000000000 ) ) ;
#198 = EDGE_CURVE ( 'NONE', #780, #1195, #892, .T. ) ;
#199 = LINE ( 'NONE', #2002, #1975 ) ;
#200 = VERTEX_POINT ( 'NONE', #1715 ) ;
#201 = CARTESIAN_POINT ( 'NONE',  ( 4.708447199995269700, 9.000000000000001800, 4.665314966583238700 ) ) ;
#202 = CARTESIAN_POINT ( 'NONE',  ( -4.767588040598624800, 8.900000000000000400, 13.13723868779650900 ) ) ;
#203 = APPROVAL_DATE_TIME ( #1153, #1284 ) ;
#204 = DIRECTION ( 'NONE',  ( 0.0000000000000000000, 0.0000000000000000000, 1.000000000000000000 ) ) ;
#205 = FACE_OUTER_BOUND ( 'NONE', #1586, .T. ) ;
#206 = DIRECTION ( 'NONE',  ( 0.0000000000000000000, 1.000000000000000000, 0.0000000000000000000 ) ) ;
#207 = LINE ( 'NONE', #1711, #176 ) ;
#208 = DIRECTION ( 'NONE',  ( -3.664907822932133000E-016, 0.0000000000000000000, 1.000000000000000000 ) ) ;
#209 = PLANE ( 'NONE',  #1794 ) ;
#210 = DIRECTION ( 'NONE',  ( -1.000000000000000000, -0.0000000000000000000, -0.0000000000000000000 ) ) ;
#211 = ORIENTED_EDGE ( 'NONE', *, *, #646, .T. ) ;
#212 = DIRECTION ( 'NONE',  ( 0.0000000000000000000, 0.0000000000000000000, 1.000000000000000000 ) ) ;
#213 = EDGE_CURVE ( 'NONE', #377, #282, #2151, .T. ) ;
#214 = DIRECTION ( 'NONE',  ( 0.0000000000000000000, 1.000000000000000000, 0.0000000000000000000 ) ) ;
#215 = VERTEX_POINT ( 'NONE', #1356 ) ;
#216 = EDGE_CURVE ( 'NONE', #1593, #2164, #1097, .T. ) ;
#217 = ORIENTED_EDGE ( 'NONE', *, *, #361, .T. ) ;
#218 = EDGE_LOOP ( 'NONE', ( #1967, #1710, #2140, #819, #1766, #81, #315, #1703, #59 ) ) ;
#219 = DIRECTION ( 'NONE',  ( 0.0000000000000000000, -1.000000000000000000, 0.0000000000000000000 ) ) ;
#220 = ORIENTED_EDGE ( 'NONE', *, *, #1787, .F. ) ;
#221 = DIRECTION ( 'NONE',  ( 0.0000000000000000000, 0.0000000000000000000, 1.000000000000000000 ) ) ;
#222 = VECTOR ( 'NONE', #873, 1000.000000000000000 ) ;
#223 = AXIS2_PLACEMENT_3D ( 'NONE', #1368, #1554, #510 ) ;
#224 = VECTOR ( 'NONE', #1381, 1000.000000000000000 ) ;
#225 = CARTESIAN_POINT ( 'NONE',  ( 0.0000000000000000000, 0.0000000000000000000, 0.0000000000000000000 ) ) ;
#226 = LINE ( 'NONE', #478, #4 ) ;
#227 = CARTESIAN_POINT ( 'NONE',  ( 5.808447199995271100, 0.0000000000000000000, -2.734685033416760300 ) ) ;
#228 = ORIENTED_EDGE ( 'NONE', *, *, #73, .F. ) ;
#229 = CIRCLE ( 'NONE', #1924, 10.58581011351619100 ) ;
#230 = LINE ( 'NONE', #1160, #650 ) ;
#231 = CIRCLE ( 'NONE', #1138, 1.100000000000000100 ) ;
#232 = AXIS2_PLACEMENT_3D ( 'NONE', #639, #1330, #285 ) ;
#233 = VERTEX_POINT ( 'NONE', #536 ) ;
#234 = ORIENTED_EDGE ( 'NONE', *, *, #253, .F. ) ;
#235 = ORIENTED_EDGE ( 'NONE', *, *, #489, .T. ) ;
#236 = EDGE_CURVE ( 'NONE', #1718, #2105, #1951, .T. ) ;
#237 = CARTESIAN_POINT ( 'NONE',  ( -5.767588040595296800, -0.7000000000000009500, 11.57675815442529900 ) ) ;
#238 = ORIENTED_EDGE ( 'NONE', *, *, #965, .T. ) ;
#239 = EDGE_LOOP ( 'NONE', ( #1361, #828, #99, #663 ) ) ;
#240 = LINE ( 'NONE', #352, #611 ) ;
#241 = DIRECTION ( 'NONE',  ( 1.000000000000000000, 0.0000000000000000000, 0.0000000000000000000 ) ) ;
#242 = CIRCLE ( 'NONE', #755, 1.100000000000000100 ) ;
#243 = FACE_OUTER_BOUND ( 'NONE', #76, .T. ) ;
#244 = CARTESIAN_POINT ( 'NONE',  ( 7.008443599995215900, 0.0000000000000000000, -1.634685033416760200 ) ) ;
#245 = EDGE_LOOP ( 'NONE', ( #328, #574, #986 ) ) ;
#246 = EDGE_CURVE ( 'NONE', #1386, #1058, #2127, .T. ) ;
#247 = CIRCLE ( 'NONE', #1252, 10.58581011351619100 ) ;
#248 = AXIS2_PLACEMENT_3D ( 'NONE', #557, #1736, #1064 ) ;
#249 = FACE_OUTER_BOUND ( 'NONE', #1438, .T. ) ;
#250 = DIRECTION ( 'NONE',  ( 0.0000000000000000000, 1.000000000000000000, 0.0000000000000000000 ) ) ;
#251 = CIRCLE ( 'NONE', #1537, 1.100000000000000100 ) ;
#252 = CARTESIAN_POINT ( 'NONE',  ( 6.408445399995244400, 0.0000000000000000000, 0.1486077728272206500 ) ) ;
#253 = EDGE_CURVE ( 'NONE', #190, #1739, #1282, .T. ) ;
#254 = ORIENTED_EDGE ( 'NONE', *, *, #80, .F. ) ;
#255 = AXIS2_PLACEMENT_3D ( 'NONE', #604, #1625, #1279 ) ;
#256 = CC_DESIGN_PERSON_AND_ORGANIZATION_ASSIGNMENT ( #1832, #2150, ( #1642 ) ) ;
#257 = EDGE_LOOP ( 'NONE', ( #951, #1619, #1370, #1685 ) ) ;
#258 = ORIENTED_EDGE ( 'NONE', *, *, #1687, .F. ) ;
#259 = CARTESIAN_POINT ( 'NONE',  ( 5.792642719995244600, -1.000000000000000000, -5.770440633416779300 ) ) ;
#260 = AXIS2_PLACEMENT_3D ( 'NONE', #1317, #297, #1833 ) ;
#261 = EDGE_CURVE ( 'NONE', #2041, #262, #825, .T. ) ;
#262 = VERTEX_POINT ( 'NONE', #1758 ) ;
#263 = DIRECTION ( 'NONE',  ( 1.000000000000000000, 0.0000000000000000000, 0.0000000000000000000 ) ) ;
#264 = ORIENTED_EDGE ( 'NONE', *, *, #298, .T. ) ;
#265 = DIRECTION ( 'NONE',  ( 0.0000000000000000000, 1.000000000000000000, -0.0000000000000000000 ) ) ;
#266 = VECTOR ( 'NONE', #598, 1000.000000000000000 ) ;
#267 = DIRECTION ( 'NONE',  ( 0.0000000000000000000, 0.0000000000000000000, 1.000000000000000000 ) ) ;
#268 = FACE_OUTER_BOUND ( 'NONE', #1998, .T. ) ;
#269 = AXIS2_PLACEMENT_3D ( 'NONE', #1062, #1408, #44 ) ;
#270 = DIRECTION ( 'NONE',  ( 0.0000000000000000000, 0.0000000000000000000, -1.000000000000000000 ) ) ;
#271 = ORIENTED_EDGE ( 'NONE', *, *, #616, .F. ) ;
#272 = APPROVAL_ROLE ( '' ) ;
#273 = DIRECTION ( 'NONE',  ( 0.0000000000000000000, 0.0000000000000000000, -1.000000000000000000 ) ) ;
#274 = CARTESIAN_POINT ( 'NONE',  ( 0.0000000000000000000, 8.900000000000000400, 0.0000000000000000000 ) ) ;
#275 = DIRECTION ( 'NONE',  ( 1.000000000000000000, 0.0000000000000000000, 0.0000000000000000000 ) ) ;
#276 = AXIS2_PLACEMENT_3D ( 'NONE', #162, #1723, #1702 ) ;
#277 = FACE_OUTER_BOUND ( 'NONE', #730, .T. ) ;
#278 = DIRECTION ( 'NONE',  ( -1.000000000000000000, 0.0000000000000000000, 0.0000000000000000000 ) ) ;
#279 = EDGE_CURVE ( 'NONE', #1847, #780, #1176, .T. ) ;
#280 = CYLINDRICAL_SURFACE ( 'NONE', #1220, 10.58581011351619100 ) ;
#281 = FACE_OUTER_BOUND ( 'NONE', #2006, .T. ) ;
#282 = VERTEX_POINT ( 'NONE', #727 ) ;
#283 = DIRECTION ( 'NONE',  ( -1.000000000000000000, 0.0000000000000000000, 0.0000000000000000000 ) ) ;
#284 = ORIENTED_EDGE ( 'NONE', *, *, #912, .F. ) ;
#285 = DIRECTION ( 'NONE',  ( 0.0000000000000000000, 0.0000000000000000000, 1.000000000000000000 ) ) ;
#286 = DIRECTION ( 'NONE',  ( 1.000000000000000000, 0.0000000000000000000, 1.807006331318710700E-016 ) ) ;
#287 = ORIENTED_EDGE ( 'NONE', *, *, #80, .T. ) ;
#288 = CARTESIAN_POINT ( 'NONE',  ( 5.791180021403108400, 8.900000000000000400, 11.54814550733351900 ) ) ;
#289 = VERTEX_POINT ( 'NONE', #29 ) ;
#290 = CARTESIAN_POINT ( 'NONE',  ( 8.768521279944209800, -1.000000000000000000, 7.105106929625604200 ) ) ;
#291 = DIRECTION ( 'NONE',  ( 0.0000000000000000000, 0.0000000000000000000, -1.000000000000000000 ) ) ;
#292 = ORIENTED_EDGE ( 'NONE', *, *, #1842, .T. ) ;
#293 = DIRECTION ( 'NONE',  ( -1.000000000000000000, 0.0000000000000000000, -2.551066636389345200E-016 ) ) ;
#294 = LINE ( 'NONE', #1597, #222 ) ;
#295 = DIRECTION ( 'NONE',  ( 0.0000000000000000000, 0.0000000000000000000, -1.000000000000000000 ) ) ;
#296 = VECTOR ( 'NONE', #134, 1000.000000000000000 ) ;
#297 = DIRECTION ( 'NONE',  ( 0.0000000000000000000, 1.000000000000000000, 0.0000000000000000000 ) ) ;
#298 = EDGE_CURVE ( 'NONE', #157, #795, #1027, .T. ) ;
#299 = DIRECTION ( 'NONE',  ( 0.0000000000000000000, 0.0000000000000000000, -1.000000000000000000 ) ) ;
#300 = VECTOR ( 'NONE', #380, 1000.000000000000100 ) ;
#301 = DIRECTION ( 'NONE',  ( -0.0000000000000000000, -1.000000000000000000, -0.0000000000000000000 ) ) ;
#302 = AXIS2_PLACEMENT_3D ( 'NONE', #1659, #142, #1676 ) ;
#303 = AXIS2_PLACEMENT_3D ( 'NONE', #769, #1450, #1983 ) ;
#304 = DIRECTION ( 'NONE',  ( 0.0000000000000000000, 1.000000000000000000, 0.0000000000000000000 ) ) ;
#305 = CARTESIAN_POINT ( 'NONE',  ( 7.608443599995218200, 9.000000000000001800, 4.665314966583238700 ) ) ;
#306 = VECTOR ( 'NONE', #1925, 1000.000000000000000 ) ;
#307 = EDGE_CURVE ( 'NONE', #470, #906, #1475, .T. ) ;
#308 = CARTESIAN_POINT ( 'NONE',  ( 4.708447199995269700, -1.000000000000000000, 4.665314966583238700 ) ) ;
#309 = LINE ( 'NONE', #907, #1958 ) ;
#310 = EDGE_LOOP ( 'NONE', ( #2203, #1167, #390, #1193, #992, #713, #874, #2172, #258, #1608, #802, #1451 ) ) ;
#311 = DIRECTION ( 'NONE',  ( 0.0000000000000000000, 1.000000000000000000, 0.0000000000000000000 ) ) ;
#312 = ADVANCED_FACE ( 'NONE', ( #1206, #2077, #1616, #1664, #2101, #724 ), #1927, .T. ) ;
#313 = ORIENTED_EDGE ( 'NONE', *, *, #1114, .T. ) ;
#314 = DIRECTION ( 'NONE',  ( -0.0000000000000000000, 1.000000000000000000, -0.0000000000000000000 ) ) ;
#315 = ORIENTED_EDGE ( 'NONE', *, *, #1498, .T. ) ;
#316 = ORIENTED_EDGE ( 'NONE', *, *, #1158, .F. ) ;
#317 = ORIENTED_EDGE ( 'NONE', *, *, #216, .F. ) ;
#318 = DIRECTION ( 'NONE',  ( 0.0000000000000000000, -1.000000000000000000, 0.0000000000000000000 ) ) ;
#319 = ORIENTED_EDGE ( 'NONE', *, *, #471, .F. ) ;
#320 = EDGE_CURVE ( 'NONE', #1849, #845, #1149, .T. ) ;
#321 = ORIENTED_EDGE ( 'NONE', *, *, #812, .T. ) ;
#322 = FACE_OUTER_BOUND ( 'NONE', #530, .T. ) ;
#323 = LINE ( 'NONE', #1523, #749 ) ;
#324 = CARTESIAN_POINT ( 'NONE',  ( 6.308447199995270300, -1.000000000000000000, -2.217981439660795300 ) ) ;
#325 = CARTESIAN_POINT ( 'NONE',  ( 5.792642719995244600, 0.0000000000000000000, -4.645441613416761800 ) ) ;
#326 = CARTESIAN_POINT ( 'NONE',  ( -9.500000000000000000, 0.0000000000000000000, -4.670050937561780000 ) ) ;
#327 = ORIENTED_EDGE ( 'NONE', *, *, #1371, .T. ) ;
#328 = ORIENTED_EDGE ( 'NONE', *, *, #1971, .F. ) ;
#329 = AXIS2_PLACEMENT_3D ( 'NONE', #1621, #583, #84 ) ;
#330 = LINE ( 'NONE', #16, #2085 ) ;
#331 = CIRCLE ( 'NONE', #1296, 11.58581011351193300 ) ;
#332 = CARTESIAN_POINT ( 'NONE',  ( 5.792642719995244600, 0.0000000000000000000, -6.895439653416795900 ) ) ;
#333 = CIRCLE ( 'NONE', #192, 1.000000000000000000 ) ;
#334 = DIRECTION ( 'NONE',  ( -0.0000000000000000000, -1.000000000000000000, -0.0000000000000000000 ) ) ;
#335 = ORIENTED_EDGE ( 'NONE', *, *, #1544, .F. ) ;
#336 = ORIENTED_EDGE ( 'NONE', *, *, #966, .F. ) ;
#337 = EDGE_LOOP ( 'NONE', ( #1505, #681, #1680, #1108 ) ) ;
#338 = ADVANCED_FACE ( 'NONE', ( #268 ), #47, .T. ) ;
#339 = ORIENTED_EDGE ( 'NONE', *, *, #1567, .T. ) ;
#340 = CARTESIAN_POINT ( 'NONE',  ( -7.132903600004814500, 0.0000000000000000000, -1.634735833416801200 ) ) ;
#341 = AXIS2_PLACEMENT_3D ( 'NONE', #1192, #334, #175 ) ;
#342 = ORIENTED_EDGE ( 'NONE', *, *, #2162, .T. ) ;
#343 = CARTESIAN_POINT ( 'NONE',  ( -8.951712691624742000, -0.8567526512987189100, 7.303810469041157400 ) ) ;
#344 = LINE ( 'NONE', #1639, #2074 ) ;
#345 = CARTESIAN_POINT ( 'NONE',  ( -4.767588040598624800, 3.933986331336726000, 13.13723868779650900 ) ) ;
#346 = EDGE_CURVE ( 'NONE', #554, #2196, #1131, .T. ) ;
#347 = FACE_OUTER_BOUND ( 'NONE', #1965, .T. ) ;
#348 = VECTOR ( 'NONE', #701, 1000.000000000000000 ) ;
#349 = ADVANCED_FACE ( 'NONE', ( #243 ), #38, .T. ) ;
#350 = DIRECTION ( 'NONE',  ( 0.0000000000000000000, 0.0000000000000000000, -1.000000000000000000 ) ) ;
#351 = ORIENTED_EDGE ( 'NONE', *, *, #616, .T. ) ;
#352 = CARTESIAN_POINT ( 'NONE',  ( 5.208447199995270600, 0.0000000000000000000, -2.217981439660795300 ) ) ;
#353 = PERSON_AND_ORGANIZATION ( #1848, #91 ) ;
#354 = CARTESIAN_POINT ( 'NONE',  ( -4.767588040598624800, 8.900000000000000400, 0.0000000000000000000 ) ) ;
#355 = CIRCLE ( 'NONE', #2185, 1.000000000000000000 ) ;
#356 = DIRECTION ( 'NONE',  ( -1.224517072621457500E-016, -0.0000000000000000000, 1.000000000000000000 ) ) ;
#357 = DIRECTION ( 'NONE',  ( 0.0000000000000000000, 0.0000000000000000000, -1.000000000000000000 ) ) ;
#358 = VECTOR ( 'NONE', #746, 1000.000000000000000 ) ;
#359 = EDGE_CURVE ( 'NONE', #845, #1334, #199, .T. ) ;
#360 = CARTESIAN_POINT ( 'NONE',  ( -4.832907200004754600, -1.000000000000000000, -1.634735833416801200 ) ) ;
#361 = EDGE_CURVE ( 'NONE', #906, #1934, #1049, .T. ) ;
#362 = VERTEX_POINT ( 'NONE', #587 ) ;
#363 = ADVANCED_FACE ( 'NONE', ( #2027 ), #1503, .T. ) ;
#364 = PLANE ( 'NONE',  #1966 ) ;
#365 = ORIENTED_EDGE ( 'NONE', *, *, #57, .T. ) ;
#366 = ORIENTED_EDGE ( 'NONE', *, *, #862, .F. ) ;
#367 = EDGE_CURVE ( 'NONE', #362, #82, #1448, .T. ) ;
#368 = DIRECTION ( 'NONE',  ( 0.0000000000000000000, -0.0000000000000000000, 1.000000000000000000 ) ) ;
#369 = ORIENTED_EDGE ( 'NONE', *, *, #1180, .F. ) ;
#370 = AXIS2_PLACEMENT_3D ( 'NONE', #1826, #2015, #979 ) ;
#371 = PRODUCT_DEFINITION ( '未知', '', #1955, #1084 ) ;
#372 = DIRECTION ( 'NONE',  ( 0.0000000000000000000, 1.000000000000000000, -0.0000000000000000000 ) ) ;
#373 = CIRCLE ( 'NONE', #1583, 0.2999999999999999300 ) ;
#374 = DIRECTION ( 'NONE',  ( 0.0000000000000000000, 1.000000000000000000, 0.0000000000000000000 ) ) ;
#375 = EDGE_CURVE ( 'NONE', #1137, #1788, #669, .T. ) ;
#376 = LINE ( 'NONE', #158, #36 ) ;
#377 = VERTEX_POINT ( 'NONE', #1774 ) ;
#378 = VERTEX_POINT ( 'NONE', #1270 ) ;
#379 = EDGE_CURVE ( 'NONE', #82, #233, #1260, .T. ) ;
#380 = DIRECTION ( 'NONE',  ( 0.6025458820721015800, 0.0000000000000000000, -0.7980842436722785900 ) ) ;
#381 = VECTOR ( 'NONE', #2195, 1000.000000000000000 ) ;
#382 = LINE ( 'NONE', #2193, #2004 ) ;
#383 = ADVANCED_FACE ( 'NONE', ( #1004 ), #1366, .T. ) ;
#384 = CIRCLE ( 'NONE', #1889, 10.58581011351619100 ) ;
#385 = ORIENTED_EDGE ( 'NONE', *, *, #617, .T. ) ;
#386 = CARTESIAN_POINT ( 'NONE',  ( 8.108443599995217400, 9.000000000000001800, -1.634685033416760200 ) ) ;
#387 = EDGE_CURVE ( 'NONE', #1179, #1104, #2209, .T. ) ;
#388 = AXIS2_PLACEMENT_3D ( 'NONE', #494, #1876, #672 ) ;
#389 = DIRECTION ( 'NONE',  ( 1.221635940977377400E-016, 0.0000000000000000000, -1.000000000000000000 ) ) ;
#390 = ORIENTED_EDGE ( 'NONE', *, *, #213, .T. ) ;
#391 = EDGE_CURVE ( 'NONE', #2044, #402, #373, .T. ) ;
#392 = ORIENTED_EDGE ( 'NONE', *, *, #1424, .T. ) ;
#393 = ORIENTED_EDGE ( 'NONE', *, *, #2146, .F. ) ;
#394 = ADVANCED_FACE ( 'NONE', ( #1919 ), #890, .T. ) ;
#395 = ORIENTED_EDGE ( 'NONE', *, *, #1627, .F. ) ;
#396 = MANIFOLD_SOLID_BREP ( '圆角5', #1524 ) ;
#397 = VECTOR ( 'NONE', #1215, 1000.000000000000000 ) ;
#398 = LINE ( 'NONE', #1976, #911 ) ;
#399 = DIRECTION ( 'NONE',  ( 0.0000000000000000000, 0.0000000000000000000, -1.000000000000000000 ) ) ;
#400 = FACE_OUTER_BOUND ( 'NONE', #624, .T. ) ;
#401 = DIRECTION ( 'NONE',  ( 1.000000000000000000, 0.0000000000000000000, 1.807006331318710700E-016 ) ) ;
#402 = VERTEX_POINT ( 'NONE', #767 ) ;
#403 = ADVANCED_FACE ( 'NONE', ( #347 ), #419, .T. ) ;
#404 = FACE_OUTER_BOUND ( 'NONE', #2098, .T. ) ;
#405 = DIRECTION ( 'NONE',  ( 0.0000000000000000000, 0.0000000000000000000, 1.000000000000000000 ) ) ;
#406 = VECTOR ( 'NONE', #356, 1000.000000000000000 ) ;
#407 = CIRCLE ( 'NONE', #2116, 0.2999999999999999300 ) ;
#408 = AXIS2_PLACEMENT_3D ( 'NONE', #753, #1436, #1953 ) ;
#409 = AXIS2_PLACEMENT_3D ( 'NONE', #72, #1336, #856 ) ;
#410 = ORIENTED_EDGE ( 'NONE', *, *, #551, .F. ) ;
#411 = VERTEX_POINT ( 'NONE', #2152 ) ;
#412 = EDGE_CURVE ( 'NONE', #1517, #1604, #1002, .T. ) ;
#413 = EDGE_CURVE ( 'NONE', #1413, #971, #139, .T. ) ;
#414 = ORIENTED_EDGE ( 'NONE', *, *, #167, .T. ) ;
#415 = DIRECTION ( 'NONE',  ( 0.0000000000000000000, 0.0000000000000000000, 1.000000000000000000 ) ) ;
#416 = VERTEX_POINT ( 'NONE', #427 ) ;
#417 = ORIENTED_EDGE ( 'NONE', *, *, #1654, .F. ) ;
#418 = ORIENTED_EDGE ( 'NONE', *, *, #489, .F. ) ;
#419 = CYLINDRICAL_SURFACE ( 'NONE', #1696, 0.2999999999999999300 ) ;
#420 = APPLICATION_CONTEXT ( 'configuration controlled 3d designs of mechanical parts and assemblies' ) ;
#421 = VECTOR ( 'NONE', #1581, 1000.000000000000000 ) ;
#422 = CARTESIAN_POINT ( 'NONE',  ( -5.932907200004755100, 0.0000000000000000000, -2.734735833416801000 ) ) ;
#423 = EDGE_LOOP ( 'NONE', ( #1038, #1222 ) ) ;
#424 = EDGE_CURVE ( 'NONE', #2017, #631, #511, .T. ) ;
#425 = PERSON_AND_ORGANIZATION ( #1848, #91 ) ;
#426 = VECTOR ( 'NONE', #1173, 1000.000000000000000 ) ;
#427 = CARTESIAN_POINT ( 'NONE',  ( -9.500000000000000000, 0.0000000000000000000, 4.670050937561780000 ) ) ;
#428 =( BOUNDED_CURVE ( )  B_SPLINE_CURVE ( 3, ( #765, #96, #754, #237 ),
 .UNSPECIFIED., .F., .F. ) 
 B_SPLINE_CURVE_WITH_KNOTS ( ( 4, 4 ),
 ( 1.570796326794894100, 3.141592653589793100 ),
 .UNSPECIFIED. ) 
 CURVE ( )  GEOMETRIC_REPRESENTATION_ITEM ( )  RATIONAL_B_SPLINE_CURVE ( ( 1.000000000000000000, 0.8047378541243643800, 0.8047378541243643800, 1.000000000000000000 ) ) 
 REPRESENTATION_ITEM ( '' )  );
#429 = VECTOR ( 'NONE', #876, 1000.000000000000000 ) ;
#430 = LINE ( 'NONE', #500, #735 ) ;
#431 = ORIENTED_EDGE ( 'NONE', *, *, #412, .T. ) ;
#432 = CARTESIAN_POINT ( 'NONE',  ( -4.832907200004754600, 0.0000000000000000000, -1.634735833416801200 ) ) ;
#433 = AXIS2_PLACEMENT_3D ( 'NONE', #696, #883, #2097 ) ;
#434 = ORIENTED_EDGE ( 'NONE', *, *, #895, .T. ) ;
#435 = CARTESIAN_POINT ( 'NONE',  ( 5.491180021403108600, -0.7000000000000009500, 13.83723868779651100 ) ) ;
#436 = ORIENTED_EDGE ( 'NONE', *, *, #167, .F. ) ;
#437 = DIRECTION ( 'NONE',  ( -0.6024015796565142000, 0.0000000000000000000, 0.7981931701207022300 ) ) ;
#438 = DIRECTION ( 'NONE',  ( -0.0000000000000000000, -1.000000000000000000, -0.0000000000000000000 ) ) ;
#439 = ORIENTED_EDGE ( 'NONE', *, *, #1814, .T. ) ;
#440 = CARTESIAN_POINT ( 'NONE',  ( 8.768521279944209800, -1.000000000000000000, 7.105106929625604200 ) ) ;
#441 = CARTESIAN_POINT ( 'NONE',  ( 6.508443599995218600, 0.0000000000000000000, -2.217981439660794900 ) ) ;
#442 = ORIENTED_EDGE ( 'NONE', *, *, #1466, .F. ) ;
#443 = DIRECTION ( 'NONE',  ( 0.0000000000000000000, 0.0000000000000000000, 1.000000000000000000 ) ) ;
#444 = DIRECTION ( 'NONE',  ( 0.0000000000000000000, 0.0000000000000000000, 1.000000000000000000 ) ) ;
#445 = CIRCLE ( 'NONE', #2043, 1.183294606244007500 ) ;
#446 = CARTESIAN_POINT ( 'NONE',  ( 0.0000000000000000000, 8.900000000000000400, 0.0000000000000000000 ) ) ;
#447 = VECTOR ( 'NONE', #250, 1000.000000000000000 ) ;
#448 = AXIS2_PLACEMENT_3D ( 'NONE', #340, #1197, #516 ) ;
#449 = CARTESIAN_POINT ( 'NONE',  ( 5.208447199995270600, 0.0000000000000000000, -1.117981439660795200 ) ) ;
#450 = LINE ( 'NONE', #2187, #1029 ) ;
#451 = CARTESIAN_POINT ( 'NONE',  ( -8.232903600004814100, -1.000000000000000000, 4.665264166583197500 ) ) ;
#452 = EDGE_LOOP ( 'NONE', ( #1716, #1461, #110, #151, #714, #770, #1656, #2201, #418, #1594, #54, #2139 ) ) ;
#453 = CARTESIAN_POINT ( 'NONE',  ( 9.242359682146009400, 8.900000000000000400, 6.975268995895446800 ) ) ;
#454 = APPROVAL_DATE_TIME ( #1454, #1713 ) ;
#455 = EDGE_CURVE ( 'NONE', #183, #2196, #2126, .T. ) ;
#456 = CARTESIAN_POINT ( 'NONE',  ( 8.108443599995217400, 0.0000000000000000000, -1.634685033416760200 ) ) ;
#457 = DIRECTION ( 'NONE',  ( 0.0000000000000000000, -1.000000000000000000, 0.0000000000000000000 ) ) ;
#458 = LINE ( 'NONE', #465, #2061 ) ;
#459 = DIRECTION ( 'NONE',  ( 0.0000000000000000000, 0.0000000000000000000, 1.000000000000000000 ) ) ;
#460 = DIRECTION ( 'NONE',  ( -1.000000000000000000, 0.0000000000000000000, -0.0000000000000000000 ) ) ;
#461 =( BOUNDED_CURVE ( )  B_SPLINE_CURVE ( 3, ( #1746, #903, #891, #1930 ),
 .UNSPECIFIED., .F., .T. ) 
 B_SPLINE_CURVE_WITH_KNOTS ( ( 4, 4 ),
 ( 0.0000000000000000000, 1.570796326794896600 ),
 .UNSPECIFIED. ) 
 CURVE ( )  GEOMETRIC_REPRESENTATION_ITEM ( )  RATIONAL_B_SPLINE_CURVE ( ( 1.000000000000000000, 0.8047378541243649400, 0.8047378541243649400, 1.000000000000000000 ) ) 
 REPRESENTATION_ITEM ( '' )  );
#462 = LINE ( 'NONE', #998, #1900 ) ;
#463 = CARTESIAN_POINT ( 'NONE',  ( 4.708447199995270600, 9.000000000000001800, -2.734685033416760300 ) ) ;
#464 = VERTEX_POINT ( 'NONE', #1298 ) ;
#465 = CARTESIAN_POINT ( 'NONE',  ( -5.467588040595295200, -1.000000000000000000, 0.0000000000000000000 ) ) ;
#466 = VERTEX_POINT ( 'NONE', #422 ) ;
#467 = DIRECTION ( 'NONE',  ( -0.0000000000000000000, -1.000000000000000000, 0.0000000000000000000 ) ) ;
#468 = ORIENTED_EDGE ( 'NONE', *, *, #1335, .T. ) ;
#469 = CARTESIAN_POINT ( 'NONE',  ( 9.004883591291649800, -0.7000000000000009500, 7.289929183033394500 ) ) ;
#470 = VERTEX_POINT ( 'NONE', #955 ) ;
#471 = EDGE_CURVE ( 'NONE', #1440, #717, #1722, .T. ) ;
#472 = CARTESIAN_POINT ( 'NONE',  ( 6.308447199995270300, 0.0000000000000000000, -2.217981439660795300 ) ) ;
#473 = ORIENTED_EDGE ( 'NONE', *, *, #198, .T. ) ;
#474 = EDGE_CURVE ( 'NONE', #378, #1090, #1747, .T. ) ;
#475 = ORIENTED_EDGE ( 'NONE', *, *, #507, .F. ) ;
#476 = ORIENTED_EDGE ( 'NONE', *, *, #691, .T. ) ;
#477 = FACE_OUTER_BOUND ( 'NONE', #564, .T. ) ;
#478 = CARTESIAN_POINT ( 'NONE',  ( -5.467588040595295200, 8.900000000000000400, 14.13723868779651100 ) ) ;
#479 = VECTOR ( 'NONE', #3, 1000.000000000000000 ) ;
#480 = DIRECTION ( 'NONE',  ( -1.000000000000000000, 0.0000000000000000000, 0.0000000000000000000 ) ) ;
#481 = EDGE_CURVE ( 'NONE', #1355, #2014, #2148, .T. ) ;
#482 = FACE_OUTER_BOUND ( 'NONE', #1840, .T. ) ;
#483 = ORIENTED_EDGE ( 'NONE', *, *, #2082, .F. ) ;
#484 = APPROVAL ( #1120, '未指定' ) ;
#485 = CARTESIAN_POINT ( 'NONE',  ( 9.242359682146009400, 8.900000000000000400, 6.975268995895446800 ) ) ;
#486 = FACE_OUTER_BOUND ( 'NONE', #1725, .T. ) ;
#487 = DIRECTION ( 'NONE',  ( -1.221635940977377400E-016, -0.0000000000000000000, 1.000000000000000000 ) ) ;
#488 = FACE_OUTER_BOUND ( 'NONE', #239, .T. ) ;
#489 = EDGE_CURVE ( 'NONE', #464, #1849, #398, .T. ) ;
#490 = CARTESIAN_POINT ( 'NONE',  ( -7.132903600004814500, 9.000000000000001800, -2.734735833416801000 ) ) ;
#491 = FACE_OUTER_BOUND ( 'NONE', #337, .T. ) ;
#492 = CARTESIAN_POINT ( 'NONE',  ( -5.797737960004766900, 0.0000000000000000000, -5.770440633416779300 ) ) ;
#493 = DIRECTION ( 'NONE',  ( 0.0000000000000000000, 1.000000000000000000, 0.0000000000000000000 ) ) ;
#494 = CARTESIAN_POINT ( 'NONE',  ( -5.932907200004755100, -1.000000000000000900, -1.634735833416801200 ) ) ;
#495 = VERTEX_POINT ( 'NONE', #1997 ) ;
#496 = EDGE_LOOP ( 'NONE', ( #576, #1765, #2228, #1159 ) ) ;
#497 = ADVANCED_FACE ( 'NONE', ( #1395 ), #785, .F. ) ;
#498 = AXIS2_PLACEMENT_3D ( 'NONE', #593, #88, #1964 ) ;
#499 = ORIENTED_EDGE ( 'NONE', *, *, #1920, .T. ) ;
#500 = CARTESIAN_POINT ( 'NONE',  ( 4.791180021403052400, 8.900000000000000400, 11.21134755758884600 ) ) ;
#501 = DIRECTION ( 'NONE',  ( -0.0000000000000000000, -1.000000000000000000, -0.0000000000000000000 ) ) ;
#502 = ORIENTED_EDGE ( 'NONE', *, *, #1287, .F. ) ;
#503 = PLANE ( 'NONE',  #150 ) ;
#504 = ORIENTED_EDGE ( 'NONE', *, *, #471, .T. ) ;
#505 = EDGE_CURVE ( 'NONE', #1272, #1838, #1887, .T. ) ;
#506 = EDGE_LOOP ( 'NONE', ( #847, #1935, #1111, #434, #1894, #1959 ) ) ;
#507 = EDGE_CURVE ( 'NONE', #577, #1263, #1662, .T. ) ;
#508 = EDGE_CURVE ( 'NONE', #1386, #1331, #1501, .T. ) ;
#509 = VECTOR ( 'NONE', #1647, 1000.000000000000100 ) ;
#510 = DIRECTION ( 'NONE',  ( 1.000000000000000000, 0.0000000000000000000, 0.0000000000000000000 ) ) ;
#511 = LINE ( 'NONE', #944, #33 ) ;
#512 = DIRECTION ( 'NONE',  ( 1.000000000000000000, 0.0000000000000000000, 0.0000000000000000000 ) ) ;
#513 = CARTESIAN_POINT ( 'NONE',  ( 0.0000000000000000000, 0.0000000000000000000, 0.0000000000000000000 ) ) ;
#514 = LINE ( 'NONE', #2197, #64 ) ;
#515 = ORIENTED_EDGE ( 'NONE', *, *, #346, .F. ) ;
#516 = DIRECTION ( 'NONE',  ( 0.0000000000000000000, 0.0000000000000000000, 1.000000000000000000 ) ) ;
#517 = CARTESIAN_POINT ( 'NONE',  ( -4.767588040598624800, 3.933986331336726000, 14.13723868779651100 ) ) ;
#518 = AXIS2_PLACEMENT_3D ( 'NONE', #1850, #2022, #2198 ) ;
#519 = CARTESIAN_POINT ( 'NONE',  ( -6.432907200004755100, 0.0000000000000000000, -1.134737633416770900 ) ) ;
#520 = VECTOR ( 'NONE', #1845, 1000.000000000000000 ) ;
#521 = DIRECTION ( 'NONE',  ( 0.0000000000000000000, 0.0000000000000000000, -1.000000000000000000 ) ) ;
#522 = CARTESIAN_POINT ( 'NONE',  ( 0.0000000000000000000, 8.900000000000000400, 0.0000000000000000000 ) ) ;
#523 = CIRCLE ( 'NONE', #1418, 1.100000000000000100 ) ;
#524 = EDGE_LOOP ( 'NONE', ( #526, #2070, #2057, #271, #1968, #878, #1477, #2048 ) ) ;
#525 = CARTESIAN_POINT ( 'NONE',  ( 5.791180021403108400, -0.7000000000000009500, 13.83723868779651100 ) ) ;
#526 = ORIENTED_EDGE ( 'NONE', *, *, #834, .F. ) ;
#527 = CARTESIAN_POINT ( 'NONE',  ( 9.500000000000000000, 0.0000000000000000000, -4.670050937561780000 ) ) ;
#528 = EDGE_CURVE ( 'NONE', #233, #2017, #1280, .T. ) ;
#529 = ORIENTED_EDGE ( 'NONE', *, *, #57, .F. ) ;
#530 = EDGE_LOOP ( 'NONE', ( #1789, #1085, #515, #1161 ) ) ;
#531 = ORIENTED_EDGE ( 'NONE', *, *, #1607, .F. ) ;
#532 = DIRECTION ( 'NONE',  ( -0.0000000000000000000, -1.000000000000000000, -0.0000000000000000000 ) ) ;
#533 = ORIENTED_EDGE ( 'NONE', *, *, #705, .F. ) ;
#534 = DIRECTION ( 'NONE',  ( -0.0000000000000000000, -0.0000000000000000000, 1.000000000000000000 ) ) ;
#535 = ADVANCED_FACE ( 'NONE', ( #542 ), #107, .F. ) ;
#536 = CARTESIAN_POINT ( 'NONE',  ( -5.332907200004754600, 0.0000000000000000000, -1.134737633416770700 ) ) ;
#537 = EDGE_CURVE ( 'NONE', #262, #771, #584, .T. ) ;
#538 = ORIENTED_EDGE ( 'NONE', *, *, #198, .F. ) ;
#539 = LINE ( 'NONE', #117, #509 ) ;
#540 = DIRECTION ( 'NONE',  ( 0.0000000000000000000, 0.0000000000000000000, 1.000000000000000000 ) ) ;
#541 = EDGE_CURVE ( 'NONE', #601, #282, #1203, .T. ) ;
#542 = FACE_OUTER_BOUND ( 'NONE', #885, .T. ) ;
#543 = CARTESIAN_POINT ( 'NONE',  ( -7.732903600004814100, 0.0000000000000000000, 4.865264166583197700 ) ) ;
#544 = DATE_AND_TIME ( #2179, #1754 ) ;
#545 = CARTESIAN_POINT ( 'NONE',  ( 7.608443599995218200, 0.0000000000000000000, 4.865314966583239800 ) ) ;
#546 = CARTESIAN_POINT ( 'NONE',  ( 9.500000000000000000, 3.500000000000000000, 0.0000000000000000000 ) ) ;
#547 = ORIENTED_EDGE ( 'NONE', *, *, #1785, .T. ) ;
#548 = ADVANCED_FACE ( 'NONE', ( #694 ), #1613, .T. ) ;
#549 = VECTOR ( 'NONE', #1307, 1000.000000000000000 ) ;
#550 = LINE ( 'NONE', #1488, #947 ) ;
#551 = EDGE_CURVE ( 'NONE', #1875, #1400, #242, .T. ) ;
#552 = PLANE ( 'NONE',  #1949 ) ;
#553 = ORIENTED_EDGE ( 'NONE', *, *, #1816, .T. ) ;
#554 = VERTEX_POINT ( 'NONE', #469 ) ;
#555 = CARTESIAN_POINT ( 'NONE',  ( 8.443026260043552600, 8.900000000000000400, 6.374403135447551000 ) ) ;
#556 = ORIENTED_EDGE ( 'NONE', *, *, #279, .F. ) ;
#557 = CARTESIAN_POINT ( 'NONE',  ( -5.467588040595295200, -0.7000000000000009500, 13.83723868779651100 ) ) ;
#558 = ORIENTED_EDGE ( 'NONE', *, *, #5, .F. ) ;
#559 = PRODUCT_RELATED_PRODUCT_CATEGORY ( 'detail', '', ( #1642 ) ) ;
#560 = VERTEX_POINT ( 'NONE', #627 ) ;
#561 = LINE ( 'NONE', #1112, #106 ) ;
#562 = CYLINDRICAL_SURFACE ( 'NONE', #599, 10.58581011351619100 ) ;
#563 = ADVANCED_FACE ( 'NONE', ( #823 ), #1973, .F. ) ;
#564 = EDGE_LOOP ( 'NONE', ( #2115, #2145, #56, #1497 ) ) ;
#565 = VERTEX_POINT ( 'NONE', #1134 ) ;
#566 = CIRCLE ( 'NONE', #1315, 1.000000000000000000 ) ;
#567 = CARTESIAN_POINT ( 'NONE',  ( -4.767588040598624800, 0.0000000000000000000, 0.0000000000000000000 ) ) ;
#568 = CIRCLE ( 'NONE', #756, 1.124999020000017100 ) ;
#569 = FACE_OUTER_BOUND ( 'NONE', #1954, .T. ) ;
#570 = DIRECTION ( 'NONE',  ( -0.0000000000000000000, 1.000000000000000000, -0.0000000000000000000 ) ) ;
#571 = ORIENTED_EDGE ( 'NONE', *, *, #1862, .F. ) ;
#572 = ADVANCED_FACE ( 'NONE', ( #1695 ), #562, .F. ) ;
#573 = EDGE_CURVE ( 'NONE', #631, #1334, #967, .T. ) ;
#574 = ORIENTED_EDGE ( 'NONE', *, *, #1897, .F. ) ;
#575 = DIRECTION ( 'NONE',  ( 0.0000000000000000000, 0.0000000000000000000, 1.000000000000000000 ) ) ;
#576 = ORIENTED_EDGE ( 'NONE', *, *, #152, .T. ) ;
#577 = VERTEX_POINT ( 'NONE', #1493 ) ;
#578 = DIRECTION ( 'NONE',  ( 0.0000000000000000000, 0.0000000000000000000, 1.000000000000000000 ) ) ;
#579 = ORIENTED_EDGE ( 'NONE', *, *, #1467, .T. ) ;
#580 = ORIENTED_EDGE ( 'NONE', *, *, #1785, .F. ) ;
#581 = ADVANCED_FACE ( 'NONE', ( #1238 ), #1151, .F. ) ;
#582 = LINE ( 'NONE', #345, #62 ) ;
#583 = DIRECTION ( 'NONE',  ( 0.0000000000000000000, 1.000000000000000000, -0.0000000000000000000 ) ) ;
#584 = LINE ( 'NONE', #1142, #1796 ) ;
#585 = EDGE_CURVE ( 'NONE', #771, #200, #937, .T. ) ;
#586 = VECTOR ( 'NONE', #1213, 1000.000000000000000 ) ;
#587 = CARTESIAN_POINT ( 'NONE',  ( -6.432907200004755100, -1.000000000000000000, -2.234737633416771000 ) ) ;
#588 = ORIENTED_EDGE ( 'NONE', *, *, #2040, .F. ) ;
#589 = DIRECTION ( 'NONE',  ( 0.6024015796565143100, -0.0000000000000000000, -0.7981931701207023400 ) ) ;
#590 = EDGE_CURVE ( 'NONE', #495, #1358, #63, .T. ) ;
#591 = FACE_OUTER_BOUND ( 'NONE', #923, .T. ) ;
#592 = VECTOR ( 'NONE', #1312, 1000.000000000000000 ) ;
#593 = CARTESIAN_POINT ( 'NONE',  ( -8.441753902380074900, 8.900000000000000400, 6.373485984682457900 ) ) ;
#594 = CC_DESIGN_SECURITY_CLASSIFICATION ( #1872, ( #1955 ) ) ;
#595 = ORIENTED_EDGE ( 'NONE', *, *, #1687, .T. ) ;
#596 = APPLICATION_PROTOCOL_DEFINITION ( 'international standard', 'config_control_design', 1994, #420 ) ;
#597 = EDGE_LOOP ( 'NONE', ( #538, #556, #699, #2112, #475, #720, #882 ) ) ;
#598 = DIRECTION ( 'NONE',  ( 0.0000000000000000000, 0.0000000000000000000, -1.000000000000000000 ) ) ;
#599 = AXIS2_PLACEMENT_3D ( 'NONE', #2199, #1157, #1841 ) ;
#600 = ORIENTED_EDGE ( 'NONE', *, *, #455, .T. ) ;
#601 = VERTEX_POINT ( 'NONE', #126 ) ;
#602 = B_SPLINE_CURVE_WITH_KNOTS ( 'NONE', 3,
 ( #695, #1908, #343, #2073, #2231, #1369 ),
 .UNSPECIFIED., .F., .F.,
 ( 4, 2, 4 ),
 ( 2.168404344971008900E-019, 0.0002343879437269467900, 0.0004687758874538933600 ),
 .UNSPECIFIED. ) ;
#603 = APPROVAL_STATUS ( 'not_yet_approved' ) ;
#604 = CARTESIAN_POINT ( 'NONE',  ( -4.767588040598624800, 3.933986331336726000, 13.13723868779650900 ) ) ;
#605 = ORIENTED_EDGE ( 'NONE', *, *, #164, .T. ) ;
#606 = EDGE_CURVE ( 'NONE', #1434, #601, #636, .T. ) ;
#607 = CARTESIAN_POINT ( 'NONE',  ( 5.791180021403108400, 8.900000000000000400, 0.0000000000000000000 ) ) ;
#608 = ORIENTED_EDGE ( 'NONE', *, *, #1396, .T. ) ;
#609 = ORIENTED_EDGE ( 'NONE', *, *, #1135, .T. ) ;
#610 = AXIS2_PLACEMENT_3D ( 'NONE', #981, #1107, #1994 ) ;
#611 = VECTOR ( 'NONE', #1704, 1000.000000000000000 ) ;
#612 = DIRECTION ( 'NONE',  ( 0.0000000000000000000, 0.0000000000000000000, 1.000000000000000000 ) ) ;
#613 = LINE ( 'NONE', #1506, #1799 ) ;
#614 = DIRECTION ( 'NONE',  ( 0.0000000000000000000, 0.0000000000000000000, 1.000000000000000000 ) ) ;
#615 = EDGE_LOOP ( 'NONE', ( #327, #1190, #238, #997, #66, #745, #1601, #287, #738, #1902, #2067, #504 ) ) ;
#616 = EDGE_CURVE ( 'NONE', #416, #1652, #1775, .T. ) ;
#617 = EDGE_CURVE ( 'NONE', #1491, #1875, #1094, .T. ) ;
#618 = CARTESIAN_POINT ( 'NONE',  ( -9.500000000000000000, 3.499999999999999600, -4.670050937561780000 ) ) ;
#619 = FACE_OUTER_BOUND ( 'NONE', #810, .T. ) ;
#620 = CARTESIAN_POINT ( 'NONE',  ( 3.791180021403051100, 2.933986331336726000, 13.13723868779650900 ) ) ;
#621 = CARTESIAN_POINT ( 'NONE',  ( 5.491180021403108600, -0.7000000000000009500, 0.0000000000000000000 ) ) ;
#622 = LINE ( 'NONE', #1553, #1834 ) ;
#623 = CYLINDRICAL_SURFACE ( 'NONE', #685, 0.2999999999999999300 ) ;
#624 = EDGE_LOOP ( 'NONE', ( #1978, #2068, #1037, #1275 ) ) ;
#625 = AXIS2_PLACEMENT_3D ( 'NONE', #872, #704, #1052 ) ;
#626 = VERTEX_POINT ( 'NONE', #1365 ) ;
#627 = CARTESIAN_POINT ( 'NONE',  ( -8.977289996975725800, 8.900000000000000400, 7.323882870209963900 ) ) ;
#628 = ORIENTED_EDGE ( 'NONE', *, *, #507, .T. ) ;
#629 = VERTEX_POINT ( 'NONE', #1717 ) ;
#630 = AXIS2_PLACEMENT_3D ( 'NONE', #1800, #589, #1651 ) ;
#631 = VERTEX_POINT ( 'NONE', #2049 ) ;
#632 = EDGE_CURVE ( 'NONE', #927, #1400, #1308, .T. ) ;
#633 = LINE ( 'NONE', #1479, #2100 ) ;
#634 = DIRECTION ( 'NONE',  ( -1.221635940977377400E-016, -0.0000000000000000000, 1.000000000000000000 ) ) ;
#635 = CARTESIAN_POINT ( 'NONE',  ( 5.792642719995244600, -1.000000000000000000, -6.895439653416795900 ) ) ;
#636 = LINE ( 'NONE', #820, #1047 ) ;
#637 = AXIS2_PLACEMENT_3D ( 'NONE', #1285, #1106, #90 ) ;
#638 = AXIS2_PLACEMENT_3D ( 'NONE', #1437, #69, #575 ) ;
#639 = CARTESIAN_POINT ( 'NONE',  ( -6.532905400004784400, -500000.0000000000600, -1.034737633416771300 ) ) ;
#640 = DIRECTION ( 'NONE',  ( 0.0000000000000000000, 1.000000000000000000, -0.0000000000000000000 ) ) ;
#641 = VECTOR ( 'NONE', #196, 1000.000000000000000 ) ;
#642 = PLANE ( 'NONE',  #1145 ) ;
#643 = DIRECTION ( 'NONE',  ( 0.0000000000000000000, 0.0000000000000000000, -1.000000000000000000 ) ) ;
#644 = EDGE_CURVE ( 'NONE', #181, #711, #775, .T. ) ;
#645 = ORIENTED_EDGE ( 'NONE', *, *, #1590, .T. ) ;
#646 = EDGE_CURVE ( 'NONE', #79, #1016, #85, .T. ) ;
#647 = CARTESIAN_POINT ( 'NONE',  ( 8.108443599995217400, 9.000000000000001800, 4.665314966583238700 ) ) ;
#648 = VECTOR ( 'NONE', #679, 1000.000000000000000 ) ;
#649 = CARTESIAN_POINT ( 'NONE',  ( 0.0000000000000000000, 3.500000000000000000, 0.0000000000000000000 ) ) ;
#650 = VECTOR ( 'NONE', #145, 1000.000000000000000 ) ;
#651 = DIRECTION ( 'NONE',  ( 0.0000000000000000000, 0.0000000000000000000, 1.000000000000000000 ) ) ;
#652 = ORIENTED_EDGE ( 'NONE', *, *, #307, .F. ) ;
#653 = ADVANCED_FACE ( 'NONE', ( #1856 ), #836, .T. ) ;
#654 = DIRECTION ( 'NONE',  ( 1.000000000000000000, 0.0000000000000000000, 1.224517072621457500E-016 ) ) ;
#655 = DIRECTION ( 'NONE',  ( 0.0000000000000000000, -1.000000000000000000, 0.0000000000000000000 ) ) ;
#656 = ORIENTED_EDGE ( 'NONE', *, *, #814, .F. ) ;
#657 = DIRECTION ( 'NONE',  ( 1.000000000000000000, 0.0000000000000000000, 0.0000000000000000000 ) ) ;
#658 = ORIENTED_EDGE ( 'NONE', *, *, #1116, .F. ) ;
#659 = EDGE_CURVE ( 'NONE', #402, #289, #1364, .T. ) ;
#660 = EDGE_CURVE ( 'NONE', #1132, #1828, #1069, .T. ) ;
#661 = ORIENTED_EDGE ( 'NONE', *, *, #528, .T. ) ;
#662 = CARTESIAN_POINT ( 'NONE',  ( -8.232903600004814100, 9.000000000000001800, 4.665264166583197500 ) ) ;
#663 = ORIENTED_EDGE ( 'NONE', *, *, #1589, .F. ) ;
#664 = DIRECTION ( 'NONE',  ( 0.0000000000000000000, 1.000000000000000000, -0.0000000000000000000 ) ) ;
#665 = CARTESIAN_POINT ( 'NONE',  ( 0.0000000000000000000, -0.7000000000000009500, 14.13723868779651100 ) ) ;
#666 = DIRECTION ( 'NONE',  ( -1.000000000000000000, 0.0000000000000000000, 0.0000000000000000000 ) ) ;
#667 = DIRECTION ( 'NONE',  ( 0.0000000000000000000, 1.000000000000000000, 0.0000000000000000000 ) ) ;
#668 = VECTOR ( 'NONE', #49, 1000.000000000000000 ) ;
#669 = LINE ( 'NONE', #567, #87 ) ;
#670 = FACE_OUTER_BOUND ( 'NONE', #245, .T. ) ;
#671 = CC_DESIGN_DATE_AND_TIME_ASSIGNMENT ( #544, #2165, ( #1872 ) ) ;
#672 = DIRECTION ( 'NONE',  ( 0.0000000000000000000, 0.0000000000000000000, 1.000000000000000000 ) ) ;
#673 = EDGE_LOOP ( 'NONE', ( #930, #1040, #1778, #1244 ) ) ;
#674 = DIRECTION ( 'NONE',  ( 0.0000000000000000000, 1.000000000000000000, 0.0000000000000000000 ) ) ;
#675 = LINE ( 'NONE', #879, #1510 ) ;
#676 = ADVANCED_FACE ( 'NONE', ( #2052 ), #999, .T. ) ;
#677 = CARTESIAN_POINT ( 'NONE',  ( 0.0000000000000000000, 8.900000000000000400, 0.0000000000000000000 ) ) ;
#678 = LINE ( 'NONE', #490, #1406 ) ;
#679 = DIRECTION ( 'NONE',  ( 2.204790929443019900E-016, -1.000000000000000000, 0.0000000000000000000 ) ) ;
#680 = VECTOR ( 'NONE', #1742, 1000.000000000000000 ) ;
#681 = ORIENTED_EDGE ( 'NONE', *, *, #1498, .F. ) ;
#682 = DIRECTION ( 'NONE',  ( -0.6025458820721015800, 0.0000000000000000000, 0.7980842436722785900 ) ) ;
#683 = ORIENTED_EDGE ( 'NONE', *, *, #1146, .F. ) ;
#684 = CARTESIAN_POINT ( 'NONE',  ( 5.792642719995244600, 0.0000000000000000000, -5.770440633416779300 ) ) ;
#685 = AXIS2_PLACEMENT_3D ( 'NONE', #1750, #1587, #1943 ) ;
#686 = ORIENTED_EDGE ( 'NONE', *, *, #93, .F. ) ;
#687 = CARTESIAN_POINT ( 'NONE',  ( 6.408445399995244400, 1.399999999999999900, 0.1486077728272206500 ) ) ;
#688 = ORIENTED_EDGE ( 'NONE', *, *, #135, .F. ) ;
#689 = DIRECTION ( 'NONE',  ( 0.0000000000000000000, -1.000000000000000000, 0.0000000000000000000 ) ) ;
#690 = ORIENTED_EDGE ( 'NONE', *, *, #474, .F. ) ;
#691 = EDGE_CURVE ( 'NONE', #378, #906, #240, .T. ) ;
#692 = CIRCLE ( 'NONE', #1469, 1.100000000000000100 ) ;
#693 = CARTESIAN_POINT ( 'NONE',  ( 5.808447199995271100, -1.000000000000000900, -1.634685033416760400 ) ) ;
#694 = FACE_OUTER_BOUND ( 'NONE', #939, .T. ) ;
#695 = CARTESIAN_POINT ( 'NONE',  ( -8.977289996975725800, -0.7000000000000009500, 7.323882870209963900 ) ) ;
#696 = CARTESIAN_POINT ( 'NONE',  ( 0.0000000000000000000, 3.500000000000000000, 0.0000000000000000000 ) ) ;
#697 = DIRECTION ( 'NONE',  ( 1.000000000000000000, 0.0000000000000000000, 0.0000000000000000000 ) ) ;
#698 = VECTOR ( 'NONE', #2094, 1000.000000000000000 ) ;
#699 = ORIENTED_EDGE ( 'NONE', *, *, #895, .F. ) ;
#700 = PLANE ( 'NONE',  #1836 ) ;
#701 = DIRECTION ( 'NONE',  ( 0.0000000000000000000, -0.0000000000000000000, 1.000000000000000000 ) ) ;
#702 = EDGE_CURVE ( 'NONE', #1593, #761, #1634, .T. ) ;
#703 = LINE ( 'NONE', #1839, #2186 ) ;
#704 = DIRECTION ( 'NONE',  ( 0.0000000000000000000, 0.0000000000000000000, -1.000000000000000000 ) ) ;
#705 = EDGE_CURVE ( 'NONE', #2121, #2194, #1045, .T. ) ;
#706 = CIRCLE ( 'NONE', #112, 1.100000000000000100 ) ;
#707 = AXIS2_PLACEMENT_3D ( 'NONE', #259, #109, #1288 ) ;
#708 = DIRECTION ( 'NONE',  ( 0.0000000000000000000, 0.0000000000000000000, 1.000000000000000000 ) ) ;
#709 = ORIENTED_EDGE ( 'NONE', *, *, #726, .T. ) ;
#710 = DIRECTION ( 'NONE',  ( -1.000000000000000000, 0.0000000000000000000, 0.0000000000000000000 ) ) ;
#711 = VERTEX_POINT ( 'NONE', #326 ) ;
#712 = DIRECTION ( 'NONE',  ( 0.0000000000000000000, 1.000000000000000000, -0.0000000000000000000 ) ) ;
#713 = ORIENTED_EDGE ( 'NONE', *, *, #968, .T. ) ;
#714 = ORIENTED_EDGE ( 'NONE', *, *, #21, .T. ) ;
#715 = AXIS2_PLACEMENT_3D ( 'NONE', #1017, #1025, #177 ) ;
#716 = CARTESIAN_POINT ( 'NONE',  ( 5.491180021403108600, -1.000000000000000000, 11.44764436157240100 ) ) ;
#717 = VERTEX_POINT ( 'NONE', #1560 ) ;
#718 = DIRECTION ( 'NONE',  ( 0.6024050836967879100, 0.0000000000000000000, 0.7981905255866333900 ) ) ;
#719 = DIRECTION ( 'NONE',  ( 0.0000000000000000000, 1.000000000000000000, -0.0000000000000000000 ) ) ;
#720 = ORIENTED_EDGE ( 'NONE', *, *, #1442, .F. ) ;
#721 = CARTESIAN_POINT ( 'NONE',  ( -5.332907200004755500, 0.0000000000000000000, 4.865264166583197700 ) ) ;
#722 = ADVANCED_FACE ( 'NONE', ( #1993 ), #503, .T. ) ;
#723 = LINE ( 'NONE', #973, #1823 ) ;
#724 = FACE_OUTER_BOUND ( 'NONE', #1801, .T. ) ;
#725 = CARTESIAN_POINT ( 'NONE',  ( -6.532905400004784400, -500000.0000000000600, 0.1485061728272523700 ) ) ;
#726 = EDGE_CURVE ( 'NONE', #1286, #105, #582, .T. ) ;
#727 = CARTESIAN_POINT ( 'NONE',  ( 7.608443599995218200, -1.000000000000000000, 4.665314966583238700 ) ) ;
#728 = VERTEX_POINT ( 'NONE', #1021 ) ;
#729 = DIRECTION ( 'NONE',  ( 0.0000000000000000000, 0.0000000000000000000, 1.000000000000000000 ) ) ;
#730 = EDGE_LOOP ( 'NONE', ( #365, #292, #366, #1552 ) ) ;
#731 = AXIS2_PLACEMENT_3D ( 'NONE', #840, #859, #867 ) ;
#732 = CYLINDRICAL_SURFACE ( 'NONE', #638, 1.100000000000000100 ) ;
#733 = VECTOR ( 'NONE', #438, 1000.000000000000000 ) ;
#734 = EDGE_CURVE ( 'NONE', #1090, #2014, #445, .T. ) ;
#735 = VECTOR ( 'NONE', #1345, 1000.000000000000000 ) ;
#736 = EDGE_CURVE ( 'NONE', #2014, #1090, #1118, .T. ) ;
#737 = ORIENTED_EDGE ( 'NONE', *, *, #1226, .T. ) ;
#738 = ORIENTED_EDGE ( 'NONE', *, *, #846, .F. ) ;
#739 = DIRECTION ( 'NONE',  ( 1.000000000000000000, 0.0000000000000000000, 0.0000000000000000000 ) ) ;
#740 = CARTESIAN_POINT ( 'NONE',  ( -8.232903600004814100, 9.000000000000001800, -2.734735833416801000 ) ) ;
#741 = ORIENTED_EDGE ( 'NONE', *, *, #73, .T. ) ;
#742 = ORIENTED_EDGE ( 'NONE', *, *, #812, .F. ) ;
#743 = ORIENTED_EDGE ( 'NONE', *, *, #119, .T. ) ;
#744 = CC_DESIGN_APPROVAL ( #1713, ( #371 ) ) ;
#745 = ORIENTED_EDGE ( 'NONE', *, *, #573, .T. ) ;
#746 = DIRECTION ( 'NONE',  ( 1.000000000000000000, 0.0000000000000000000, 0.0000000000000000000 ) ) ;
#747 = FACE_OUTER_BOUND ( 'NONE', #1821, .T. ) ;
#748 = VECTOR ( 'NONE', #1126, 1000.000000000000000 ) ;
#749 = VECTOR ( 'NONE', #843, 1000.000000000000000 ) ;
#750 = DIRECTION ( 'NONE',  ( -0.0000000000000000000, 0.0000000000000000000, 1.000000000000000000 ) ) ;
#751 = ORIENTED_EDGE ( 'NONE', *, *, #1180, .T. ) ;
#752 = APPROVAL_PERSON_ORGANIZATION ( #1374, #1713, #272 ) ;
#753 = CARTESIAN_POINT ( 'NONE',  ( 0.0000000000000000000, -0.7000000000000009500, 0.0000000000000000000 ) ) ;
#754 = CARTESIAN_POINT ( 'NONE',  ( -5.767588040595295100, -0.8757359312880728100, 11.57675815442529900 ) ) ;
#755 = AXIS2_PLACEMENT_3D ( 'NONE', #2042, #792, #1485 ) ;
#756 = AXIS2_PLACEMENT_3D ( 'NONE', #684, #1511, #153 ) ;
#757 = LINE ( 'NONE', #1290, #306 ) ;
#758 = CARTESIAN_POINT ( 'NONE',  ( 6.408445399995244400, -500000.0000000000600, -2.217981439660794900 ) ) ;
#759 = VECTOR ( 'NONE', #718, 1000.000000000000000 ) ;
#760 = DIRECTION ( 'NONE',  ( -0.0000000000000000000, -1.000000000000000000, -0.0000000000000000000 ) ) ;
#761 = VERTEX_POINT ( 'NONE', #332 ) ;
#762 = EDGE_CURVE ( 'NONE', #1016, #1132, #1588, .T. ) ;
#763 = CARTESIAN_POINT ( 'NONE',  ( -6.432907200004755100, -1.000000000000000000, -1.134737633416770900 ) ) ;
#764 = ORIENTED_EDGE ( 'NONE', *, *, #367, .F. ) ;
#765 = CARTESIAN_POINT ( 'NONE',  ( -5.467588040595295200, -1.000000000000000000, 11.47625627626637600 ) ) ;
#766 = EDGE_LOOP ( 'NONE', ( #393, #319, #335, #829 ) ) ;
#767 = CARTESIAN_POINT ( 'NONE',  ( 5.491180021403108600, -0.7000000000000009500, 14.13723868779651100 ) ) ;
#768 = ORIENTED_EDGE ( 'NONE', *, *, #1188, .F. ) ;
#769 = CARTESIAN_POINT ( 'NONE',  ( 5.792642719995244600, 0.0000000000000000000, -5.770440633416779300 ) ) ;
#770 = ORIENTED_EDGE ( 'NONE', *, *, #1466, .T. ) ;
#771 = VERTEX_POINT ( 'NONE', #227 ) ;
#772 = APPROVAL_STATUS ( 'not_yet_approved' ) ;
#773 = DIRECTION ( 'NONE',  ( 0.0000000000000000000, 0.0000000000000000000, -1.000000000000000000 ) ) ;
#774 = EDGE_CURVE ( 'NONE', #1263, #103, #163, .T. ) ;
#775 = CIRCLE ( 'NONE', #1686, 10.58581011351619100 ) ;
#776 = EDGE_CURVE ( 'NONE', #1986, #1022, #1259, .T. ) ;
#777 = CIRCLE ( 'NONE', #388, 1.100000000000000100 ) ;
#778 = ORIENTED_EDGE ( 'NONE', *, *, #379, .T. ) ;
#779 = DATE_TIME_ROLE ( 'creation_date' ) ;
#780 = VERTEX_POINT ( 'NONE', #1251 ) ;
#781 = CARTESIAN_POINT ( 'NONE',  ( 8.108443599995217400, 9.000000000000001800, 4.665314966583238700 ) ) ;
#782 = LINE ( 'NONE', #545, #406 ) ;
#783 = LINE ( 'NONE', #1015, #1349 ) ;
#784 = CIRCLE ( 'NONE', #2003, 0.2999999999999999300 ) ;
#785 = PLANE ( 'NONE',  #255 ) ;
#786 = CARTESIAN_POINT ( 'NONE',  ( -5.767588040595295100, -0.7000000000000009500, 13.83723868779651100 ) ) ;
#787 = DIRECTION ( 'NONE',  ( 0.0000000000000000000, 0.0000000000000000000, 1.000000000000000000 ) ) ;
#788 = CARTESIAN_POINT ( 'NONE',  ( 9.242359682146009400, -0.7000000000000009500, 6.975268995895446800 ) ) ;
#789 = ORIENTED_EDGE ( 'NONE', *, *, #537, .F. ) ;
#790 = DIRECTION ( 'NONE',  ( 1.000000000000000000, 0.0000000000000000000, 0.0000000000000000000 ) ) ;
#791 = ORIENTED_EDGE ( 'NONE', *, *, #1423, .T. ) ;
#792 = DIRECTION ( 'NONE',  ( 0.0000000000000000000, 1.000000000000000000, -0.0000000000000000000 ) ) ;
#793 = EDGE_LOOP ( 'NONE', ( #473, #1988, #1271, #2180, #160, #2071, #1417, #122 ) ) ;
#794 = DIRECTION ( 'NONE',  ( 0.0000000000000000000, 1.000000000000000000, 0.0000000000000000000 ) ) ;
#795 = VERTEX_POINT ( 'NONE', #41 ) ;
#796 = DIRECTION ( 'NONE',  ( -0.0000000000000000000, -0.0000000000000000000, -1.000000000000000000 ) ) ;
#797 = CYLINDRICAL_SURFACE ( 'NONE', #630, 0.2999999999999995400 ) ;
#798 = VECTOR ( 'NONE', #2123, 1000.000000000000000 ) ;
#799 = FACE_OUTER_BOUND ( 'NONE', #218, .T. ) ;
#800 = EDGE_CURVE ( 'NONE', #1846, #2155, #910, .T. ) ;
#801 = CARTESIAN_POINT ( 'NONE',  ( 4.708447199995270600, 0.0000000000000000000, 5.518820198127743500E-016 ) ) ;
#802 = ORIENTED_EDGE ( 'NONE', *, *, #93, .T. ) ;
#803 = CARTESIAN_POINT ( 'NONE',  ( -3.767588040598624800, 2.933986331336726000, 14.13723868779651100 ) ) ;
#804 = FACE_OUTER_BOUND ( 'NONE', #673, .T. ) ;
#805 = CARTESIAN_POINT ( 'NONE',  ( -5.332907200004755500, -1.000000000000000000, 4.865264166583197700 ) ) ;
#806 = DIRECTION ( 'NONE',  ( 0.0000000000000000000, 0.0000000000000000000, -1.000000000000000000 ) ) ;
#807 = LINE ( 'NONE', #1784, #358 ) ;
#808 = DIRECTION ( 'NONE',  ( 0.0000000000000000000, 1.000000000000000000, -0.0000000000000000000 ) ) ;
#809 = CARTESIAN_POINT ( 'NONE',  ( 6.408445399995244400, -500000.0000000000600, -1.034686833416786900 ) ) ;
#810 = EDGE_LOOP ( 'NONE', ( #133, #2029 ) ) ;
#811 = CARTESIAN_POINT ( 'NONE',  ( -6.632903600004810900, 0.0000000000000000000, -1.134737633416770700 ) ) ;
#812 = EDGE_CURVE ( 'NONE', #1820, #1658, #294, .T. ) ;
#813 = EDGE_LOOP ( 'NONE', ( #934, #128, #2190 ) ) ;
#814 = EDGE_CURVE ( 'NONE', #1476, #1942, #461, .T. ) ;
#815 = DIRECTION ( 'NONE',  ( 0.0000000000000000000, 0.0000000000000000000, 1.000000000000000000 ) ) ;
#816 = VERTEX_POINT ( 'NONE', #1760 ) ;
#817 = PLANE ( 'NONE',  #1940 ) ;
#818 = DIRECTION ( 'NONE',  ( 0.0000000000000000000, 0.0000000000000000000, -1.000000000000000000 ) ) ;
#819 = ORIENTED_EDGE ( 'NONE', *, *, #1188, .T. ) ;
#820 = CARTESIAN_POINT ( 'NONE',  ( 0.0000000000000000000, 0.0000000000000000000, 4.665314966583238700 ) ) ;
#821 = ORIENTED_EDGE ( 'NONE', *, *, #590, .T. ) ;
#822 = CARTESIAN_POINT ( 'NONE',  ( 8.108443599995217400, 0.0000000000000000000, 4.665314966583238700 ) ) ;
#823 = FACE_OUTER_BOUND ( 'NONE', #1074, .T. ) ;
#824 = DIRECTION ( 'NONE',  ( -1.000000000000000000, 0.0000000000000000000, -2.551066636389345200E-016 ) ) ;
#825 = LINE ( 'NONE', #1735, #641 ) ;
#826 = CARTESIAN_POINT ( 'NONE',  ( 5.208447199995270600, 0.0000000000000000000, -2.217981439660795300 ) ) ;
#827 = AXIS2_PLACEMENT_3D ( 'NONE', #115, #2024, #651 ) ;
#828 = ORIENTED_EDGE ( 'NONE', *, *, #1013, .F. ) ;
#829 = ORIENTED_EDGE ( 'NONE', *, *, #1984, .F. ) ;
#830 = CARTESIAN_POINT ( 'NONE',  ( 7.008443599995215900, -1.000000000000000000, -2.734685033416760300 ) ) ;
#831 = VECTOR ( 'NONE', #2178, 1000.000000000000000 ) ;
#832 = DIRECTION ( 'NONE',  ( -0.6024050836967879100, 0.0000000000000000000, -0.7981905255866333900 ) ) ;
#833 = CARTESIAN_POINT ( 'NONE',  ( 4.791180021403052400, 0.0000000000000000000, 14.13723868779651100 ) ) ;
#834 = EDGE_CURVE ( 'NONE', #1195, #181, #1950, .T. ) ;
#835 = FACE_OUTER_BOUND ( 'NONE', #871, .T. ) ;
#836 = PLANE ( 'NONE',  #1798 ) ;
#837 = CYLINDRICAL_SURFACE ( 'NONE', #1261, 1.100000000000000300 ) ;
#838 = AXIS2_PLACEMENT_3D ( 'NONE', #1874, #156, #818 ) ;
#839 = CARTESIAN_POINT ( 'NONE',  ( -5.332907200004755500, 0.0000000000000000000, 4.665264166583197500 ) ) ;
#840 = CARTESIAN_POINT ( 'NONE',  ( -5.797737960004766900, -1.000000000000000000, -5.770440633416779300 ) ) ;
#841 = ORIENTED_EDGE ( 'NONE', *, *, #1301, .T. ) ;
#842 = ADVANCED_FACE ( 'NONE', ( #747 ), #2088, .T. ) ;
#843 = DIRECTION ( 'NONE',  ( -0.0000000000000000000, 1.000000000000000000, -0.0000000000000000000 ) ) ;
#844 = DIRECTION ( 'NONE',  ( -0.0000000000000000000, -1.000000000000000000, -0.0000000000000000000 ) ) ;
#845 = VERTEX_POINT ( 'NONE', #360 ) ;
#846 = EDGE_CURVE ( 'NONE', #1986, #1909, #1305, .T. ) ;
#847 = ORIENTED_EDGE ( 'NONE', *, *, #1452, .T. ) ;
#848 = ORIENTED_EDGE ( 'NONE', *, *, #2008, .T. ) ;
#849 = DIRECTION ( 'NONE',  ( 0.0000000000000000000, -1.000000000000000000, 0.0000000000000000000 ) ) ;
#850 = VERTEX_POINT ( 'NONE', #1729 ) ;
#851 = CARTESIAN_POINT ( 'NONE',  ( -3.767588040598624800, 3.933986331336726000, 13.13723868779650900 ) ) ;
#852 = VECTOR ( 'NONE', #1373, 1000.000000000000000 ) ;
#853 = DIRECTION ( 'NONE',  ( 0.0000000000000000000, 1.000000000000000000, -0.0000000000000000000 ) ) ;
#854 = ADVANCED_FACE ( 'NONE', ( #1024 ), #552, .F. ) ;
#855 = LOCAL_TIME ( 11, 44, 30.00000000000000000, #2023 ) ;
#856 = DIRECTION ( 'NONE',  ( 0.0000000000000000000, 0.0000000000000000000, 1.000000000000000000 ) ) ;
#857 = ORIENTED_EDGE ( 'NONE', *, *, #644, .T. ) ;
#858 = CC_DESIGN_DATE_AND_TIME_ASSIGNMENT ( #1507, #779, ( #371 ) ) ;
#859 = DIRECTION ( 'NONE',  ( 0.0000000000000000000, 1.000000000000000000, -0.0000000000000000000 ) ) ;
#860 = ORIENTED_EDGE ( 'NONE', *, *, #152, .F. ) ;
#861 = DIRECTION ( 'NONE',  ( 3.664907822932132500E-016, 0.0000000000000000000, -1.000000000000000000 ) ) ;
#862 = EDGE_CURVE ( 'NONE', #1413, #1272, #1500, .T. ) ;
#863 = LINE ( 'NONE', #1878, #113 ) ;
#864 = AXIS2_PLACEMENT_3D ( 'NONE', #173, #214, #1911 ) ;
#865 = VECTOR ( 'NONE', #1516, 1000.000000000000000 ) ;
#866 = DIRECTION ( 'NONE',  ( 0.0000000000000000000, 0.0000000000000000000, 1.000000000000000000 ) ) ;
#867 = DIRECTION ( 'NONE',  ( 0.0000000000000000000, 0.0000000000000000000, 1.000000000000000000 ) ) ;
#868 = LINE ( 'NONE', #121, #900 ) ;
#869 = DIRECTION ( 'NONE',  ( 0.0000000000000000000, 0.0000000000000000000, 1.000000000000000000 ) ) ;
#870 = EDGE_CURVE ( 'NONE', #1460, #1491, #692, .T. ) ;
#871 = EDGE_LOOP ( 'NONE', ( #741, #264, #1113, #1519, #1584, #628 ) ) ;
#872 = CARTESIAN_POINT ( 'NONE',  ( -7.732903600004811500, 0.0000000000000000000, -2.234737633416771000 ) ) ;
#873 = DIRECTION ( 'NONE',  ( 0.0000000000000000000, 1.000000000000000000, 0.0000000000000000000 ) ) ;
#874 = ORIENTED_EDGE ( 'NONE', *, *, #2135, .F. ) ;
#875 = AXIS2_PLACEMENT_3D ( 'NONE', #811, #1340, #1508 ) ;
#876 = DIRECTION ( 'NONE',  ( -0.0000000000000000000, -1.000000000000000000, -0.0000000000000000000 ) ) ;
#877 = AXIS2_PLACEMENT_3D ( 'NONE', #2131, #1254, #1421 ) ;
#878 = ORIENTED_EDGE ( 'NONE', *, *, #2120, .F. ) ;
#879 = CARTESIAN_POINT ( 'NONE',  ( 9.500000000000000000, 0.0000000000000000000, -0.0000000000000000000 ) ) ;
#880 = CARTESIAN_POINT ( 'NONE',  ( -5.767588040595295100, 8.900000000000000400, 13.83723868779651100 ) ) ;
#881 = CARTESIAN_POINT ( 'NONE',  ( 0.0000000000000000000, 8.900000000000000400, 0.0000000000000000000 ) ) ;
#882 = ORIENTED_EDGE ( 'NONE', *, *, #2191, .F. ) ;
#883 = DIRECTION ( 'NONE',  ( 0.0000000000000000000, 1.000000000000000000, -0.0000000000000000000 ) ) ;
#884 = EDGE_CURVE ( 'NONE', #1022, #1440, #136, .T. ) ;
#885 = EDGE_LOOP ( 'NONE', ( #1489, #2016, #1548, #89 ) ) ;
#886 = VERTEX_POINT ( 'NONE', #1225 ) ;
#887 = ADVANCED_FACE ( 'NONE', ( #322 ), #797, .T. ) ;
#888 = PLANE ( 'NONE',  #1610 ) ;
#889 = EDGE_LOOP ( 'NONE', ( #958, #431 ) ) ;
#890 = CYLINDRICAL_SURFACE ( 'NONE', #34, 1.183294606244007500 ) ;
#891 = CARTESIAN_POINT ( 'NONE',  ( 5.666915952691179600, -1.000000000000000900, 11.50651656972523000 ) ) ;
#892 = CIRCLE ( 'NONE', #1077, 10.58581011351619100 ) ;
#893 = CIRCLE ( 'NONE', #1168, 1.183243806244023600 ) ;
#894 = ADVANCED_FACE ( 'NONE', ( #1419 ), #1281, .F. ) ;
#895 = EDGE_CURVE ( 'NONE', #103, #1847, #561, .T. ) ;
#896 = FACE_OUTER_BOUND ( 'NONE', #97, .T. ) ;
#897 = CARTESIAN_POINT ( 'NONE',  ( -6.632903600004810900, -1.000000000000000000, -1.134737633416770700 ) ) ;
#898 = AXIS2_PLACEMENT_3D ( 'NONE', #721, #2081, #389 ) ;
#899 = CIRCLE ( 'NONE', #448, 1.100000000000000100 ) ;
#900 = VECTOR ( 'NONE', #457, 1000.000000000000000 ) ;
#901 = PLANE ( 'NONE',  #2156 ) ;
#902 = ORIENTED_EDGE ( 'NONE', *, *, #1772, .F. ) ;
#903 = CARTESIAN_POINT ( 'NONE',  ( 5.791180021403108400, -0.8757359312880723700, 11.54814550733352100 ) ) ;
#904 = ORIENTED_EDGE ( 'NONE', *, *, #1567, .F. ) ;
#905 = ORIENTED_EDGE ( 'NONE', *, *, #1931, .T. ) ;
#906 = VERTEX_POINT ( 'NONE', #92 ) ;
#907 = CARTESIAN_POINT ( 'NONE',  ( -5.932907200004755100, 0.0000000000000000000, -2.734735833416801000 ) ) ;
#908 = DIRECTION ( 'NONE',  ( 0.0000000000000000000, 0.0000000000000000000, 1.000000000000000000 ) ) ;
#909 = ORIENTED_EDGE ( 'NONE', *, *, #375, .T. ) ;
#910 = CIRCLE ( 'NONE', #248, 0.2999999999999999300 ) ;
#911 = VECTOR ( 'NONE', #2159, 1000.000000000000000 ) ;
#912 = EDGE_CURVE ( 'NONE', #378, #1355, #1198, .T. ) ;
#913 = VECTOR ( 'NONE', #1665, 1000.000000000000000 ) ;
#914 = CARTESIAN_POINT ( 'NONE',  ( -5.332907200004754600, 0.0000000000000000000, -1.134737633416770700 ) ) ;
#915 = EDGE_LOOP ( 'NONE', ( #2215, #1264, #1302, #1470 ) ) ;
#916 = AXIS2_PLACEMENT_3D ( 'NONE', #647, #278, #1474 ) ;
#917 = CYLINDRICAL_SURFACE ( 'NONE', #2129, 0.3000000000000002700 ) ;
#918 = VECTOR ( 'NONE', #1829, 1000.000000000000000 ) ;
#919 = EDGE_CURVE ( 'NONE', #2164, #1593, #2021, .T. ) ;
#920 = EDGE_CURVE ( 'NONE', #780, #1535, #633, .T. ) ;
#921 = CIRCLE ( 'NONE', #731, 1.124999020000017100 ) ;
#922 = DIRECTION ( 'NONE',  ( 0.0000000000000000000, 0.0000000000000000000, 1.000000000000000000 ) ) ;
#923 = EDGE_LOOP ( 'NONE', ( #1667, #1065, #1741, #1387 ) ) ;
#924 = ADVANCED_FACE ( 'NONE', ( #1885 ), #1612, .F. ) ;
#925 = EDGE_LOOP ( 'NONE', ( #369, #1061, #1123, #1311 ) ) ;
#926 = CARTESIAN_POINT ( 'NONE',  ( -9.500000000000000000, 3.500000000000000000, -4.670050937561780000 ) ) ;
#927 = VERTEX_POINT ( 'NONE', #2168 ) ;
#928 = CARTESIAN_POINT ( 'NONE',  ( -5.767588040595295100, 8.900000000000000400, 0.0000000000000000000 ) ) ;
#929 = ORIENTED_EDGE ( 'NONE', *, *, #216, .T. ) ;
#930 = ORIENTED_EDGE ( 'NONE', *, *, #1003, .T. ) ;
#931 = ORIENTED_EDGE ( 'NONE', *, *, #1226, .F. ) ;
#932 = CARTESIAN_POINT ( 'NONE',  ( 4.791180021403052400, 2.933986331336726000, 14.13723868779651100 ) ) ;
#933 = EDGE_CURVE ( 'NONE', #2196, #1942, #1174, .T. ) ;
#934 = ORIENTED_EDGE ( 'NONE', *, *, #1274, .F. ) ;
#935 = VECTOR ( 'NONE', #1144, 1000.000000000000000 ) ;
#936 = EDGE_CURVE ( 'NONE', #2099, #1535, #539, .T. ) ;
#937 = LINE ( 'NONE', #989, #296 ) ;
#938 =( NAMED_UNIT ( * ) SI_UNIT ( $, .STERADIAN. ) SOLID_ANGLE_UNIT ( ) );
#939 = EDGE_LOOP ( 'NONE', ( #410, #2046, #960, #395 ) ) ;
#940 = LINE ( 'NONE', #1181, #1727 ) ;
#941 = DIRECTION ( 'NONE',  ( 0.0000000000000000000, 0.0000000000000000000, 1.000000000000000000 ) ) ;
#942 = AXIS2_PLACEMENT_3D ( 'NONE', #1929, #1568, #1577 ) ;
#943 = LINE ( 'NONE', #665, #381 ) ;
#944 = CARTESIAN_POINT ( 'NONE',  ( -5.332907200004755500, 9.000000000000001800, 4.665264166583198400 ) ) ;
#945 = EDGE_CURVE ( 'NONE', #886, #183, #2174, .T. ) ;
#946 = CARTESIAN_POINT ( 'NONE',  ( 0.0000000000000000000, -1.000000000000000000, 13.83723868779651100 ) ) ;
#947 = VECTOR ( 'NONE', #1183, 1000.000000000000000 ) ;
#948 = DIRECTION ( 'NONE',  ( -0.6024050836967879100, -0.0000000000000000000, -0.7981905255866333900 ) ) ;
#949 = AXIS2_PLACEMENT_3D ( 'NONE', #1205, #853, #1033 ) ;
#950 = CARTESIAN_POINT ( 'NONE',  ( 9.004883591291644500, -0.7792541111700723700, 7.289929183033391000 ) ) ;
#951 = ORIENTED_EDGE ( 'NONE', *, *, #1207, .F. ) ;
#952 = CARTESIAN_POINT ( 'NONE',  ( -4.767588040598624000, 0.0000000000000000000, 14.13723868779651100 ) ) ;
#953 = ORIENTED_EDGE ( 'NONE', *, *, #736, .F. ) ;
#954 = SECURITY_CLASSIFICATION_LEVEL ( 'unclassified' ) ;
#955 = CARTESIAN_POINT ( 'NONE',  ( 7.608443599995219100, 0.0000000000000000000, -1.117981439660794300 ) ) ;
#956 = EDGE_CURVE ( 'NONE', #1652, #1137, #344, .T. ) ;
#957 = ORIENTED_EDGE ( 'NONE', *, *, #1744, .T. ) ;
#958 = ORIENTED_EDGE ( 'NONE', *, *, #2120, .T. ) ;
#959 = AXIS2_PLACEMENT_3D ( 'NONE', #2224, #493, #1693 ) ;
#960 = ORIENTED_EDGE ( 'NONE', *, *, #870, .F. ) ;
#961 = APPLICATION_CONTEXT ( 'configuration controlled 3d designs of mechanical parts and assemblies' ) ;
#962 = DIRECTION ( 'NONE',  ( 0.0000000000000000000, -1.000000000000000000, 0.0000000000000000000 ) ) ;
#963 = CARTESIAN_POINT ( 'NONE',  ( 4.708447199995269700, -1.000000000000000000, 4.665314966583238700 ) ) ;
#964 = VECTOR ( 'NONE', #437, 1000.000000000000100 ) ;
#965 = EDGE_CURVE ( 'NONE', #1491, #362, #723, .T. ) ;
#966 = EDGE_CURVE ( 'NONE', #78, #2090, #1915, .T. ) ;
#967 = LINE ( 'NONE', #451, #1 ) ;
#968 = EDGE_CURVE ( 'NONE', #2105, #2041, #1093, .T. ) ;
#969 = SPHERICAL_SURFACE ( 'NONE', #58, 0.2999999999999999900 ) ;
#970 = DIRECTION ( 'NONE',  ( -1.000000000000000000, 0.0000000000000000000, 0.0000000000000000000 ) ) ;
#971 = VERTEX_POINT ( 'NONE', #98 ) ;
#972 = DIRECTION ( 'NONE',  ( -1.000000000000000000, -0.0000000000000000000, -0.0000000000000000000 ) ) ;
#973 = CARTESIAN_POINT ( 'NONE',  ( -7.732903600004811500, -1.000000000000000000, -2.234737633416771000 ) ) ;
#974 = CARTESIAN_POINT ( 'NONE',  ( -7.732903600004811500, 0.0000000000000000000, -1.134737633416770700 ) ) ;
#975 = DIRECTION ( 'NONE',  ( 0.0000000000000000000, 0.0000000000000000000, 1.000000000000000000 ) ) ;
#976 = VECTOR ( 'NONE', #138, 1000.000000000000000 ) ;
#977 = CC_DESIGN_PERSON_AND_ORGANIZATION_ASSIGNMENT ( #1343, #1110, ( #1955 ) ) ;
#978 = VECTOR ( 'NONE', #137, 1000.000000000000000 ) ;
#979 = DIRECTION ( 'NONE',  ( 0.0000000000000000000, 0.0000000000000000000, 1.000000000000000000 ) ) ;
#980 = ORIENTED_EDGE ( 'NONE', *, *, #474, .T. ) ;
#981 = CARTESIAN_POINT ( 'NONE',  ( 7.008443599995215900, -1.000000000000000900, -1.634685033416760200 ) ) ;
#982 = ORIENTED_EDGE ( 'NONE', *, *, #213, .F. ) ;
#983 = DIRECTION ( 'NONE',  ( 0.0000000000000000000, 0.0000000000000000000, 1.000000000000000000 ) ) ;
#984 = CARTESIAN_POINT ( 'NONE',  ( 0.0000000000000000000, 0.0000000000000000000, 0.0000000000000000000 ) ) ;
#985 = CARTESIAN_POINT ( 'NONE',  ( -5.467588040595295200, -0.7000000000000009500, 14.13723868779651100 ) ) ;
#986 = ORIENTED_EDGE ( 'NONE', *, *, #800, .T. ) ;
#987 = CARTESIAN_POINT ( 'NONE',  ( -5.767588040595295100, -0.7000000000000009500, 0.0000000000000000000 ) ) ;
#988 = CARTESIAN_POINT ( 'NONE',  ( 4.791180021403052400, 0.0000000000000000000, 11.21134755758884600 ) ) ;
#989 = CARTESIAN_POINT ( 'NONE',  ( 5.808447199995271100, -1.000000000000000900, -2.734685033416760300 ) ) ;
#990 = EDGE_LOOP ( 'NONE', ( #483, #547, #1734, #588 ) ) ;
#991 = CARTESIAN_POINT ( 'NONE',  ( 9.004883591291649800, 8.900000000000000400, 7.289929183033394500 ) ) ;
#992 = ORIENTED_EDGE ( 'NONE', *, *, #1730, .T. ) ;
#993 = CARTESIAN_POINT ( 'NONE',  ( -8.977289996975725800, 8.900000000000000400, 7.323882870209963900 ) ) ;
#994 = AXIS2_PLACEMENT_3D ( 'NONE', #75, #68, #241 ) ;
#995 = DIRECTION ( 'NONE',  ( 2.551066636389345200E-016, 0.0000000000000000000, -1.000000000000000000 ) ) ;
#996 = AXIS2_PLACEMENT_3D ( 'NONE', #1980, #1276, #1431 ) ;
#997 = ORIENTED_EDGE ( 'NONE', *, *, #367, .T. ) ;
#998 = CARTESIAN_POINT ( 'NONE',  ( 7.608443599995219100, 0.0000000000000000000, -1.117981439660794300 ) ) ;
#999 = CYLINDRICAL_SURFACE ( 'NONE', #2147, 11.58581011351193300 ) ;
#1000 = DIRECTION ( 'NONE',  ( 0.0000000000000000000, 1.000000000000000000, 0.0000000000000000000 ) ) ;
#1001 = CARTESIAN_POINT ( 'NONE',  ( 5.491180021403108600, -1.000000000000000000, 0.0000000000000000000 ) ) ;
#1002 = LINE ( 'NONE', #2144, #2176 ) ;
#1003 = EDGE_CURVE ( 'NONE', #416, #711, #1444, .T. ) ;
#1004 = FACE_OUTER_BOUND ( 'NONE', #813, .T. ) ;
#1005 = CARTESIAN_POINT ( 'NONE',  ( 0.0000000000000000000, 8.900000000000000400, 14.13723868779651100 ) ) ;
#1006 = ORIENTED_EDGE ( 'NONE', *, *, #236, .T. ) ;
#1007 = CARTESIAN_POINT ( 'NONE',  ( 7.608443599995218200, 0.0000000000000000000, 4.865314966583239800 ) ) ;
#1008 = VECTOR ( 'NONE', #114, 1000.000000000000000 ) ;
#1009 = DIRECTION ( 'NONE',  ( 0.6025484994786115500, 0.0000000000000000000, 0.7980822675489499500 ) ) ;
#1010 = AXIS2_PLACEMENT_3D ( 'NONE', #2170, #640, #612 ) ;
#1011 = ORIENTED_EDGE ( 'NONE', *, *, #965, .F. ) ;
#1012 = CARTESIAN_POINT ( 'NONE',  ( -5.932907200004755100, -1.000000000000000000, -2.734735833416801000 ) ) ;
#1013 = EDGE_CURVE ( 'NONE', #1358, #1582, #1795, .T. ) ;
#1014 = ORIENTED_EDGE ( 'NONE', *, *, #726, .F. ) ;
#1015 = CARTESIAN_POINT ( 'NONE',  ( 9.500000000000000000, 3.500000000000000000, -4.670050937561780000 ) ) ;
#1016 = VERTEX_POINT ( 'NONE', #472 ) ;
#1017 = CARTESIAN_POINT ( 'NONE',  ( 0.0000000000000000000, 0.0000000000000000000, 0.0000000000000000000 ) ) ;
#1018 = CARTESIAN_POINT ( 'NONE',  ( -7.132903600004814500, 9.000000000000001800, -1.634735833416801200 ) ) ;
#1019 = CARTESIAN_POINT ( 'NONE',  ( 4.708447199995270600, 0.0000000000000000000, -1.634685033416760600 ) ) ;
#1020 = ORIENTED_EDGE ( 'NONE', *, *, #945, .T. ) ;
#1021 = CARTESIAN_POINT ( 'NONE',  ( 5.491180021403108600, -1.000000000000000000, 13.83723868779651100 ) ) ;
#1022 = VERTEX_POINT ( 'NONE', #1502 ) ;
#1023 = ADVANCED_FACE ( 'NONE', ( #477 ), #837, .F. ) ;
#1024 = FACE_OUTER_BOUND ( 'NONE', #1603, .T. ) ;
#1025 = DIRECTION ( 'NONE',  ( 0.0000000000000000000, 1.000000000000000000, -0.0000000000000000000 ) ) ;
#1026 = AXIS2_PLACEMENT_3D ( 'NONE', #1199, #1353, #186 ) ;
#1027 = LINE ( 'NONE', #1945, #348 ) ;
#1028 = CARTESIAN_POINT ( 'NONE',  ( -3.767588040598624800, 2.933986331336726000, 0.0000000000000000000 ) ) ;
#1029 = VECTOR ( 'NONE', #304, 1000.000000000000000 ) ;
#1030 = ORIENTED_EDGE ( 'NONE', *, *, #734, .T. ) ;
#1031 = LINE ( 'NONE', #946, #1316 ) ;
#1032 = CYLINDRICAL_SURFACE ( 'NONE', #341, 11.58581011351193300 ) ;
#1033 = DIRECTION ( 'NONE',  ( 0.0000000000000000000, 0.0000000000000000000, 1.000000000000000000 ) ) ;
#1034 = FACE_OUTER_BOUND ( 'NONE', #100, .T. ) ;
#1035 = CARTESIAN_POINT ( 'NONE',  ( -9.500000000000000000, 3.500000000000000000, 4.670050937561780000 ) ) ;
#1036 = ORIENTED_EDGE ( 'NONE', *, *, #424, .T. ) ;
#1037 = ORIENTED_EDGE ( 'NONE', *, *, #1877, .T. ) ;
#1038 = ORIENTED_EDGE ( 'NONE', *, *, #1509, .F. ) ;
#1039 = EDGE_CURVE ( 'NONE', #82, #631, #1854, .T. ) ;
#1040 = ORIENTED_EDGE ( 'NONE', *, *, #1303, .F. ) ;
#1041 = DIRECTION ( 'NONE',  ( 0.0000000000000000000, 0.0000000000000000000, -1.000000000000000000 ) ) ;
#1042 = ORIENTED_EDGE ( 'NONE', *, *, #2162, .F. ) ;
#1043 = DIRECTION ( 'NONE',  ( 0.0000000000000000000, -1.000000000000000000, 0.0000000000000000000 ) ) ;
#1044 = VERTEX_POINT ( 'NONE', #1669 ) ;
#1045 = LINE ( 'NONE', #1895, #852 ) ;
#1046 = DIRECTION ( 'NONE',  ( -0.0000000000000000000, -1.000000000000000000, -0.0000000000000000000 ) ) ;
#1047 = VECTOR ( 'NONE', #2173, 1000.000000000000000 ) ;
#1048 = CARTESIAN_POINT ( 'NONE',  ( -8.232903600004814100, 9.000000000000001800, 4.665264166583197500 ) ) ;
#1049 = LINE ( 'NONE', #441, #586 ) ;
#1050 = CARTESIAN_POINT ( 'NONE',  ( -5.797737960004766900, -1.000000000000000000, -6.895439653416795900 ) ) ;
#1051 = VERTEX_POINT ( 'NONE', #991 ) ;
#1052 = DIRECTION ( 'NONE',  ( -1.000000000000000000, 0.0000000000000000000, -0.0000000000000000000 ) ) ;
#1053 = CARTESIAN_POINT ( 'NONE',  ( -8.232903600004814100, -1.000000000000000000, -2.734735833416801000 ) ) ;
#1054 = DIRECTION ( 'NONE',  ( 0.0000000000000000000, 1.000000000000000000, 0.0000000000000000000 ) ) ;
#1055 = LINE ( 'NONE', #517, #648 ) ;
#1056 = DIRECTION ( 'NONE',  ( 0.0000000000000000000, 0.0000000000000000000, 1.000000000000000000 ) ) ;
#1057 = LINE ( 'NONE', #308, #592 ) ;
#1058 = VERTEX_POINT ( 'NONE', #2192 ) ;
#1059 = DIRECTION ( 'NONE',  ( 0.0000000000000000000, 1.000000000000000000, -0.0000000000000000000 ) ) ;
#1060 = CC_DESIGN_PERSON_AND_ORGANIZATION_ASSIGNMENT ( #1804, #1992, ( #1955 ) ) ;
#1061 = ORIENTED_EDGE ( 'NONE', *, *, #6, .T. ) ;
#1062 = CARTESIAN_POINT ( 'NONE',  ( -5.467588040595295200, 8.900000000000000400, 13.83723868779651100 ) ) ;
#1063 = ORIENTED_EDGE ( 'NONE', *, *, #1607, .T. ) ;
#1064 = DIRECTION ( 'NONE',  ( 0.0000000000000000000, 0.0000000000000000000, -1.000000000000000000 ) ) ;
#1065 = ORIENTED_EDGE ( 'NONE', *, *, #585, .T. ) ;
#1066 = ORIENTED_EDGE ( 'NONE', *, *, #1207, .T. ) ;
#1067 = DIRECTION ( 'NONE',  ( 0.0000000000000000000, 0.0000000000000000000, 1.000000000000000000 ) ) ;
#1068 = EDGE_CURVE ( 'NONE', #1140, #105, #1216, .T. ) ;
#1069 = LINE ( 'NONE', #1903, #1970 ) ;
#1070 = DIRECTION ( 'NONE',  ( 0.0000000000000000000, 1.000000000000000000, -0.0000000000000000000 ) ) ;
#1071 = CYLINDRICAL_SURFACE ( 'NONE', #1617, 1.000000000000000000 ) ;
#1072 = AXIS2_PLACEMENT_3D ( 'NONE', #187, #9, #1557 ) ;
#1073 = ORIENTED_EDGE ( 'NONE', *, *, #2028, .F. ) ;
#1074 = EDGE_LOOP ( 'NONE', ( #1941, #1227, #1960, #40 ) ) ;
#1075 = CARTESIAN_POINT ( 'NONE',  ( -4.832907200004754600, -1.000000000000000900, -1.634735833416801200 ) ) ;
#1076 = EDGE_CURVE ( 'NONE', #577, #1137, #1835, .T. ) ;
#1077 = AXIS2_PLACEMENT_3D ( 'NONE', #881, #719, #1411 ) ;
#1078 = EDGE_CURVE ( 'NONE', #172, #181, #384, .T. ) ;
#1079 = VECTOR ( 'NONE', #301, 1000.000000000000000 ) ;
#1080 = ADVANCED_FACE ( 'NONE', ( #2188 ), #1321, .T. ) ;
#1081 = FACE_OUTER_BOUND ( 'NONE', #191, .T. ) ;
#1082 = CARTESIAN_POINT ( 'NONE',  ( 6.408445399995244400, -500000.0000000000600, -1.034686833416786900 ) ) ;
#1083 = ORIENTED_EDGE ( 'NONE', *, *, #956, .T. ) ;
#1084 = DESIGN_CONTEXT ( 'detailed design', #961, 'design' ) ;
#1085 = ORIENTED_EDGE ( 'NONE', *, *, #933, .F. ) ;
#1086 = EDGE_LOOP ( 'NONE', ( #132, #929 ) ) ;
#1087 = CARTESIAN_POINT ( 'NONE',  ( -5.932907200004755100, 0.0000000000000000000, -1.634735833416801200 ) ) ;
#1088 = ADVANCED_FACE ( 'NONE', ( #1081 ), #817, .T. ) ;
#1089 = ORIENTED_EDGE ( 'NONE', *, *, #1910, .T. ) ;
#1090 = VERTEX_POINT ( 'NONE', #2204 ) ;
#1091 = PLANE ( 'NONE',  #498 ) ;
#1092 = AXIS2_PLACEMENT_3D ( 'NONE', #1405, #1059, #729 ) ;
#1093 = CIRCLE ( 'NONE', #610, 1.100000000000000100 ) ;
#1094 = LINE ( 'NONE', #1851, #1337 ) ;
#1095 = DIRECTION ( 'NONE',  ( 0.0000000000000000000, 0.0000000000000000000, 1.000000000000000000 ) ) ;
#1096 = EDGE_CURVE ( 'NONE', #282, #1689, #1484, .T. ) ;
#1097 = CIRCLE ( 'NONE', #118, 1.124999020000017100 ) ;
#1098 = ORIENTED_EDGE ( 'NONE', *, *, #1544, .T. ) ;
#1099 = DIRECTION ( 'NONE',  ( -0.0000000000000000000, -1.000000000000000000, -0.0000000000000000000 ) ) ;
#1100 = LINE ( 'NONE', #1156, #1402 ) ;
#1101 = CIRCLE ( 'NONE', #1026, 1.183243806244023600 ) ;
#1102 = EDGE_CURVE ( 'NONE', #1828, #79, #251, .T. ) ;
#1103 = LINE ( 'NONE', #1048, #429 ) ;
#1104 = VERTEX_POINT ( 'NONE', #1170 ) ;
#1105 =( LENGTH_UNIT ( ) NAMED_UNIT ( * ) SI_UNIT ( .MILLI., .METRE. ) );
#1106 = DIRECTION ( 'NONE',  ( -0.0000000000000000000, -1.000000000000000000, 0.0000000000000000000 ) ) ;
#1107 = DIRECTION ( 'NONE',  ( 0.0000000000000000000, 1.000000000000000000, -0.0000000000000000000 ) ) ;
#1108 = ORIENTED_EDGE ( 'NONE', *, *, #1787, .T. ) ;
#1109 = ORIENTED_EDGE ( 'NONE', *, *, #2008, .F. ) ;
#1110 = PERSON_AND_ORGANIZATION_ROLE ( 'design_supplier' ) ;
#1111 = ORIENTED_EDGE ( 'NONE', *, *, #1655, .F. ) ;
#1112 = CARTESIAN_POINT ( 'NONE',  ( 4.791180021403052400, 8.900000000000000400, 0.0000000000000000000 ) ) ;
#1113 = ORIENTED_EDGE ( 'NONE', *, *, #2028, .T. ) ;
#1114 = EDGE_CURVE ( 'NONE', #377, #470, #462, .T. ) ;
#1115 = ORIENTED_EDGE ( 'NONE', *, *, #1076, .T. ) ;
#1116 = EDGE_CURVE ( 'NONE', #464, #2017, #1759, .T. ) ;
#1117 = CARTESIAN_POINT ( 'NONE',  ( 8.979269597470269200, -0.8567526262811724400, 7.269906009719934800 ) ) ;
#1118 = CIRCLE ( 'NONE', #864, 1.183294606244007500 ) ;
#1119 = CARTESIAN_POINT ( 'NONE',  ( 4.791180021403052400, 8.900000000000000400, 11.21134755758884600 ) ) ;
#1120 = APPROVAL_STATUS ( 'not_yet_approved' ) ;
#1121 = FACE_BOUND ( 'NONE', #597, .T. ) ;
#1122 = ORIENTED_EDGE ( 'NONE', *, *, #660, .F. ) ;
#1123 = ORIENTED_EDGE ( 'NONE', *, *, #1999, .T. ) ;
#1124 = CARTESIAN_POINT ( 'NONE',  ( 8.892086758978679800, -0.9674411179489960100, 7.201740418378407500 ) ) ;
#1125 = CYLINDRICAL_SURFACE ( 'NONE', #959, 1.183243806244023600 ) ;
#1126 = DIRECTION ( 'NONE',  ( 0.0000000000000000000, 1.000000000000000000, 0.0000000000000000000 ) ) ;
#1127 = DIRECTION ( 'NONE',  ( 0.0000000000000000000, 1.000000000000000000, 0.0000000000000000000 ) ) ;
#1128 = FACE_OUTER_BOUND ( 'NONE', #1412, .T. ) ;
#1129 = LINE ( 'NONE', #1573, #680 ) ;
#1130 = DIRECTION ( 'NONE',  ( 0.0000000000000000000, 1.000000000000000000, -0.0000000000000000000 ) ) ;
#1131 = B_SPLINE_CURVE_WITH_KNOTS ( 'NONE', 3,
 ( #1602, #950, #1117, #1124, #1817, #440 ),
 .UNSPECIFIED., .F., .F.,
 ( 4, 2, 4 ),
 ( 6.505213034913026600E-019, 0.0002343874523591996000, 0.0004687749047183985400 ),
 .UNSPECIFIED. ) ;
#1132 = VERTEX_POINT ( 'NONE', #449 ) ;
#1133 = PLANE ( 'NONE',  #2142 ) ;
#1134 = CARTESIAN_POINT ( 'NONE',  ( -8.232903600004814100, 0.0000000000000000000, 4.665264166583197500 ) ) ;
#1135 = EDGE_CURVE ( 'NONE', #629, #1678, #1186, .T. ) ;
#1136 = EDGE_LOOP ( 'NONE', ( #185, #1269, #342, #1165 ) ) ;
#1137 = VERTEX_POINT ( 'NONE', #1663 ) ;
#1138 = AXIS2_PLACEMENT_3D ( 'NONE', #104, #467, #1354 ) ;
#1139 = CARTESIAN_POINT ( 'NONE',  ( -5.467588040595295200, -0.7000000000000009500, 13.83723868779651100 ) ) ;
#1140 = VERTEX_POINT ( 'NONE', #1837 ) ;
#1141 = DIRECTION ( 'NONE',  ( 1.000000000000000000, 0.0000000000000000000, 0.0000000000000000000 ) ) ;
#1142 = CARTESIAN_POINT ( 'NONE',  ( 0.0000000000000000000, 0.0000000000000000000, -2.734685033416760300 ) ) ;
#1143 = VECTOR ( 'NONE', #291, 1000.000000000000000 ) ;
#1144 = DIRECTION ( 'NONE',  ( -0.0000000000000000000, -0.0000000000000000000, -1.000000000000000000 ) ) ;
#1145 = AXIS2_PLACEMENT_3D ( 'NONE', #1172, #295, #460 ) ;
#1146 = EDGE_CURVE ( 'NONE', #78, #2044, #868, .T. ) ;
#1147 = VECTOR ( 'NONE', #1099, 1000.000000000000000 ) ;
#1148 = DIRECTION ( 'NONE',  ( 0.0000000000000000000, 1.000000000000000000, -0.0000000000000000000 ) ) ;
#1149 = LINE ( 'NONE', #1075, #698 ) ;
#1150 = CARTESIAN_POINT ( 'NONE',  ( 8.108443599995217400, -1.000000000000000000, -1.634685033416760200 ) ) ;
#1151 = PLANE ( 'NONE',  #827 ) ;
#1152 = EDGE_LOOP ( 'NONE', ( #2087, #154, #1496, #558 ) ) ;
#1153 = DATE_AND_TIME ( #1569, #2084 ) ;
#1154 = FACE_OUTER_BOUND ( 'NONE', #1297, .T. ) ;
#1155 = DIRECTION ( 'NONE',  ( 0.0000000000000000000, 0.0000000000000000000, 1.000000000000000000 ) ) ;
#1156 = CARTESIAN_POINT ( 'NONE',  ( 4.708447199995270600, -1.000000000000000000, -2.734685033416760300 ) ) ;
#1157 = DIRECTION ( 'NONE',  ( -0.0000000000000000000, -1.000000000000000000, -0.0000000000000000000 ) ) ;
#1158 = EDGE_CURVE ( 'NONE', #200, #1044, #523, .T. ) ;
#1159 = ORIENTED_EDGE ( 'NONE', *, *, #1266, .F. ) ;
#1160 = CARTESIAN_POINT ( 'NONE',  ( -4.832907200004754600, 9.000000000000001800, 4.665264166583198400 ) ) ;
#1161 = ORIENTED_EDGE ( 'NONE', *, *, #1668, .F. ) ;
#1162 = DIRECTION ( 'NONE',  ( -1.000000000000000000, 0.0000000000000000000, -2.551066636389345200E-016 ) ) ;
#1163 = CARTESIAN_POINT ( 'NONE',  ( -6.632903600004810900, 0.0000000000000000000, -2.234737633416771000 ) ) ;
#1164 = ORIENTED_EDGE ( 'NONE', *, *, #606, .T. ) ;
#1165 = ORIENTED_EDGE ( 'NONE', *, *, #1096, .F. ) ;
#1166 = ADVANCED_FACE ( 'NONE', ( #1034 ), #1351, .T. ) ;
#1167 = ORIENTED_EDGE ( 'NONE', *, *, #2132, .T. ) ;
#1168 = AXIS2_PLACEMENT_3D ( 'NONE', #1869, #667, #1694 ) ;
#1169 = ORIENTED_EDGE ( 'NONE', *, *, #2119, .T. ) ;
#1170 = CARTESIAN_POINT ( 'NONE',  ( -6.532905400004784400, 0.0000000000000000000, -2.217981439660794900 ) ) ;
#1171 = CARTESIAN_POINT ( 'NONE',  ( 6.408445399995244400, 1.399999999999999900, -1.034686833416786900 ) ) ;
#1172 = CARTESIAN_POINT ( 'NONE',  ( 0.0000000000000000000, 8.900000000000000400, 14.13723868779651100 ) ) ;
#1173 = DIRECTION ( 'NONE',  ( -0.0000000000000000000, -1.000000000000000000, -0.0000000000000000000 ) ) ;
#1174 = LINE ( 'NONE', #1661, #964 ) ;
#1175 = DIRECTION ( 'NONE',  ( 1.807006331318710400E-016, 0.0000000000000000000, -1.000000000000000000 ) ) ;
#1176 = LINE ( 'NONE', #555, #300 ) ;
#1177 = EDGE_LOOP ( 'NONE', ( #417, #1382, #529, #902 ) ) ;
#1178 = PLANE ( 'NONE',  #2037 ) ;
#1179 = VERTEX_POINT ( 'NONE', #1547 ) ;
#1180 = EDGE_CURVE ( 'NONE', #1331, #1386, #921, .T. ) ;
#1181 = CARTESIAN_POINT ( 'NONE',  ( 9.500000000000000000, 3.500000000000000000, 4.670050937561780000 ) ) ;
#1182 = CARTESIAN_POINT ( 'NONE',  ( 0.0000000000000000000, 8.900000000000000400, 13.13723868779650900 ) ) ;
#1183 = DIRECTION ( 'NONE',  ( 0.0000000000000000000, 0.0000000000000000000, -1.000000000000000000 ) ) ;
#1184 = LINE ( 'NONE', #974, #1899 ) ;
#1185 = PLANE ( 'NONE',  #1767 ) ;
#1186 = CIRCLE ( 'NONE', #2051, 11.58581011351193300 ) ;
#1187 = CARTESIAN_POINT ( 'NONE',  ( -5.332907200004754600, -1.000000000000000000, -1.134737633416770700 ) ) ;
#1188 = EDGE_CURVE ( 'NONE', #289, #78, #784, .T. ) ;
#1189 = EDGE_CURVE ( 'NONE', #1847, #2099, #430, .T. ) ;
#1190 = ORIENTED_EDGE ( 'NONE', *, *, #870, .T. ) ;
#1191 = ADVANCED_FACE ( 'NONE', ( #1783 ), #2163, .T. ) ;
#1192 = CARTESIAN_POINT ( 'NONE',  ( 0.0000000000000000000, 8.900000000000000400, 0.0000000000000000000 ) ) ;
#1193 = ORIENTED_EDGE ( 'NONE', *, *, #1096, .T. ) ;
#1194 = CARTESIAN_POINT ( 'NONE',  ( 9.500000000000000000, 3.500000000000000000, -4.670050937561780000 ) ) ;
#1195 = VERTEX_POINT ( 'NONE', #1883 ) ;
#1196 = ORIENTED_EDGE ( 'NONE', *, *, #2211, .T. ) ;
#1197 = DIRECTION ( 'NONE',  ( -0.0000000000000000000, -1.000000000000000000, 0.0000000000000000000 ) ) ;
#1198 = CIRCLE ( 'NONE', #1218, 1.183294606244007500 ) ;
#1199 = CARTESIAN_POINT ( 'NONE',  ( -6.532905400004784400, 1.399999999999999900, -1.034737633416771300 ) ) ;
#1200 = AXIS2_PLACEMENT_3D ( 'NONE', #1018, #655, #1701 ) ;
#1201 = DIRECTION ( 'NONE',  ( 0.0000000000000000000, 0.0000000000000000000, 1.000000000000000000 ) ) ;
#1202 = ADVANCED_FACE ( 'NONE', ( #1545 ), #1185, .T. ) ;
#1203 = LINE ( 'NONE', #305, #1420 ) ;
#1204 = PLANE ( 'NONE',  #276 ) ;
#1205 = CARTESIAN_POINT ( 'NONE',  ( 0.0000000000000000000, 0.0000000000000000000, 0.0000000000000000000 ) ) ;
#1206 = FACE_BOUND ( 'NONE', #26, .T. ) ;
#1207 = EDGE_CURVE ( 'NONE', #105, #157, #333, .T. ) ;
#1208 = ORIENTED_EDGE ( 'NONE', *, *, #1589, .T. ) ;
#1209 = DIRECTION ( 'NONE',  ( 0.0000000000000000000, 0.0000000000000000000, -1.000000000000000000 ) ) ;
#1210 = PLANE ( 'NONE',  #1755 ) ;
#1211 = CARTESIAN_POINT ( 'NONE',  ( -3.767588040598624800, 2.933986331336726000, 13.13723868779650900 ) ) ;
#1212 = CIRCLE ( 'NONE', #433, 10.58581011351619100 ) ;
#1213 = DIRECTION ( 'NONE',  ( 0.0000000000000000000, -1.000000000000000000, 0.0000000000000000000 ) ) ;
#1214 = CIRCLE ( 'NONE', #838, 0.2999999999999999300 ) ;
#1215 = DIRECTION ( 'NONE',  ( 0.0000000000000000000, 0.0000000000000000000, 1.000000000000000000 ) ) ;
#1216 = LINE ( 'NONE', #2026, #978 ) ;
#1217 = ADVANCED_FACE ( 'NONE', ( #281 ), #623, .T. ) ;
#1218 = AXIS2_PLACEMENT_3D ( 'NONE', #2000, #1473, #267 ) ;
#1219 = CARTESIAN_POINT ( 'NONE',  ( 5.792642719995244600, -1.000000000000000000, -4.645441613416761800 ) ) ;
#1220 = AXIS2_PLACEMENT_3D ( 'NONE', #446, #1328, #806 ) ;
#1221 = CARTESIAN_POINT ( 'NONE',  ( 4.791180021403052400, 8.900000000000000400, 0.0000000000000000000 ) ) ;
#1222 = ORIENTED_EDGE ( 'NONE', *, *, #1999, .F. ) ;
#1223 = DIRECTION ( 'NONE',  ( 0.0000000000000000000, 1.000000000000000000, -0.0000000000000000000 ) ) ;
#1224 = CARTESIAN_POINT ( 'NONE',  ( -6.532905400004784400, 1.399999999999999900, -1.034737633416771300 ) ) ;
#1225 = CARTESIAN_POINT ( 'NONE',  ( -5.467588040595295200, -1.000000000000000000, 11.47625627626637600 ) ) ;
#1226 = EDGE_CURVE ( 'NONE', #2044, #1476, #1129, .T. ) ;
#1227 = ORIENTED_EDGE ( 'NONE', *, *, #508, .F. ) ;
#1228 = AXIS2_PLACEMENT_3D ( 'NONE', #519, #1043, #350 ) ;
#1229 = ORIENTED_EDGE ( 'NONE', *, *, #346, .T. ) ;
#1230 = DIRECTION ( 'NONE',  ( -1.000000000000000000, 0.0000000000000000000, -3.664907822932133000E-016 ) ) ;
#1231 = ORIENTED_EDGE ( 'NONE', *, *, #1435, .T. ) ;
#1232 = CARTESIAN_POINT ( 'NONE',  ( 5.491180021403108600, -0.7000000000000009500, 13.83723868779651100 ) ) ;
#1233 = ADVANCED_FACE ( 'NONE', ( #2136 ), #1707, .T. ) ;
#1234 = CARTESIAN_POINT ( 'NONE',  ( 5.208447199995269700, 0.0000000000000000000, 4.865314966583238900 ) ) ;
#1235 = ORIENTED_EDGE ( 'NONE', *, *, #660, .T. ) ;
#1236 = CARTESIAN_POINT ( 'NONE',  ( -7.132903600004814500, -1.000000000000000900, -1.634735833416801200 ) ) ;
#1237 = AXIS2_PLACEMENT_3D ( 'NONE', #2047, #2012, #1657 ) ;
#1238 = FACE_OUTER_BOUND ( 'NONE', #1273, .T. ) ;
#1239 = VECTOR ( 'NONE', #1576, 1000.000000000000000 ) ;
#1240 = CARTESIAN_POINT ( 'NONE',  ( -9.500000000000000000, 3.500000000000000000, 0.0000000000000000000 ) ) ;
#1241 = ORIENTED_EDGE ( 'NONE', *, *, #659, .F. ) ;
#1242 = EDGE_CURVE ( 'NONE', #1179, #1333, #1380, .T. ) ;
#1243 = DIRECTION ( 'NONE',  ( -0.0000000000000000000, -1.000000000000000000, 0.0000000000000000000 ) ) ;
#1244 = ORIENTED_EDGE ( 'NONE', *, *, #1618, .T. ) ;
#1245 = ADVANCED_FACE ( 'NONE', ( #569 ), #1415, .T. ) ;
#1246 = FACE_OUTER_BOUND ( 'NONE', #1425, .T. ) ;
#1247 = DIRECTION ( 'NONE',  ( 0.0000000000000000000, 0.0000000000000000000, -1.000000000000000000 ) ) ;
#1248 = LINE ( 'NONE', #801, #520 ) ;
#1249 = DIRECTION ( 'NONE',  ( 0.0000000000000000000, 1.000000000000000000, -0.0000000000000000000 ) ) ;
#1250 = LINE ( 'NONE', #37, #1810 ) ;
#1251 = CARTESIAN_POINT ( 'NONE',  ( 8.216235163039764100, 8.900000000000000400, 6.674792543970991900 ) ) ;
#1252 = AXIS2_PLACEMENT_3D ( 'NONE', #274, #1471, #614 ) ;
#1253 = EDGE_LOOP ( 'NONE', ( #2066, #1952, #1294, #1526 ) ) ;
#1254 = DIRECTION ( 'NONE',  ( 0.0000000000000000000, 0.0000000000000000000, -1.000000000000000000 ) ) ;
#1255 = ORIENTED_EDGE ( 'NONE', *, *, #1003, .F. ) ;
#1256 = ORIENTED_EDGE ( 'NONE', *, *, #508, .T. ) ;
#1257 = ORIENTED_EDGE ( 'NONE', *, *, #1590, .F. ) ;
#1258 = PLANE ( 'NONE',  #409 ) ;
#1259 = CIRCLE ( 'NONE', #1513, 1.100000000000000100 ) ;
#1260 = LINE ( 'NONE', #914, #798 ) ;
#1261 = AXIS2_PLACEMENT_3D ( 'NONE', #1327, #2183, #299 ) ;
#1262 = ADVANCED_FACE ( 'NONE', ( #71 ), #901, .T. ) ;
#1263 = VERTEX_POINT ( 'NONE', #202 ) ;
#1264 = ORIENTED_EDGE ( 'NONE', *, *, #1189, .F. ) ;
#1265 = LINE ( 'NONE', #1812, #174 ) ;
#1266 = EDGE_CURVE ( 'NONE', #1678, #971, #1250, .T. ) ;
#1267 = CIRCLE ( 'NONE', #1570, 1.183243806244023600 ) ;
#1268 = LINE ( 'NONE', #1441, #1599 ) ;
#1269 = ORIENTED_EDGE ( 'NONE', *, *, #606, .F. ) ;
#1270 = CARTESIAN_POINT ( 'NONE',  ( 6.408445399995244400, 0.0000000000000000000, -2.217981439660794900 ) ) ;
#1271 = ORIENTED_EDGE ( 'NONE', *, *, #1078, .F. ) ;
#1272 = VERTEX_POINT ( 'NONE', #880 ) ;
#1273 = EDGE_LOOP ( 'NONE', ( #336, #1611, #737, #1283 ) ) ;
#1274 = EDGE_CURVE ( 'NONE', #728, #402, #407, .T. ) ;
#1275 = ORIENTED_EDGE ( 'NONE', *, *, #659, .T. ) ;
#1276 = DIRECTION ( 'NONE',  ( 0.0000000000000000000, 0.0000000000000000000, -1.000000000000000000 ) ) ;
#1277 = ORIENTED_EDGE ( 'NONE', *, *, #1816, .F. ) ;
#1278 = CARTESIAN_POINT ( 'NONE',  ( 0.0000000000000000000, 0.0000000000000000000, 0.0000000000000000000 ) ) ;
#1279 = DIRECTION ( 'NONE',  ( 0.0000000000000000000, -0.0000000000000000000, 1.000000000000000000 ) ) ;
#1280 = LINE ( 'NONE', #2210, #1446 ) ;
#1281 = PLANE ( 'NONE',  #2154 ) ;
#1282 = LINE ( 'NONE', #546, #1239 ) ;
#1283 = ORIENTED_EDGE ( 'NONE', *, *, #1948, .F. ) ;
#1284 = APPROVAL ( #772, '未指定' ) ;
#1285 = CARTESIAN_POINT ( 'NONE',  ( 0.0000000000000000000, -1.000000000000000000, 0.0000000000000000000 ) ) ;
#1286 = VERTEX_POINT ( 'NONE', #1401 ) ;
#1287 = EDGE_CURVE ( 'NONE', #233, #411, #2223, .T. ) ;
#1288 = DIRECTION ( 'NONE',  ( 0.0000000000000000000, 0.0000000000000000000, 1.000000000000000000 ) ) ;
#1289 = VECTOR ( 'NONE', #1671, 1000.000000000000000 ) ;
#1290 = CARTESIAN_POINT ( 'NONE',  ( -4.767588040598624000, 0.0000000000000000000, 14.13723868779651100 ) ) ;
#1291 = FACE_OUTER_BOUND ( 'NONE', #1177, .T. ) ;
#1292 = APPROVAL_ROLE ( '' ) ;
#1293 = EDGE_CURVE ( 'NONE', #560, #1413, #179, .T. ) ;
#1294 = ORIENTED_EDGE ( 'NONE', *, *, #1371, .F. ) ;
#1295 = VERTEX_POINT ( 'NONE', #1565 ) ;
#1296 = AXIS2_PLACEMENT_3D ( 'NONE', #677, #1898, #168 ) ;
#1297 = EDGE_LOOP ( 'NONE', ( #442, #1605, #125, #1768 ) ) ;
#1298 = CARTESIAN_POINT ( 'NONE',  ( -4.832907200004754600, 0.0000000000000000000, 4.665264166583198400 ) ) ;
#1299 = ORIENTED_EDGE ( 'NONE', *, *, #387, .F. ) ;
#1300 = DIRECTION ( 'NONE',  ( 0.0000000000000000000, 0.0000000000000000000, -1.000000000000000000 ) ) ;
#1301 = EDGE_CURVE ( 'NONE', #761, #2117, #1675, .T. ) ;
#1302 = ORIENTED_EDGE ( 'NONE', *, *, #279, .T. ) ;
#1303 = EDGE_CURVE ( 'NONE', #1604, #711, #120, .T. ) ;
#1304 = CARTESIAN_POINT ( 'NONE',  ( 8.108443599995217400, -1.000000000000000000, 4.665314966583238700 ) ) ;
#1305 = LINE ( 'NONE', #22, #2236 ) ;
#1306 = CARTESIAN_POINT ( 'NONE',  ( -5.467588040595295200, 8.900000000000000400, 14.13723868779651100 ) ) ;
#1307 = DIRECTION ( 'NONE',  ( 0.0000000000000000000, 1.000000000000000000, 0.0000000000000000000 ) ) ;
#1308 = LINE ( 'NONE', #1879, #195 ) ;
#1309 = DIRECTION ( 'NONE',  ( 0.0000000000000000000, -1.000000000000000000, 0.0000000000000000000 ) ) ;
#1310 = CARTESIAN_POINT ( 'NONE',  ( -9.500000000000000000, 0.0000000000000000000, -0.0000000000000000000 ) ) ;
#1311 = ORIENTED_EDGE ( 'NONE', *, *, #246, .F. ) ;
#1312 = DIRECTION ( 'NONE',  ( 1.172110456741086100E-016, 0.0000000000000000000, -1.000000000000000000 ) ) ;
#1313 = ORIENTED_EDGE ( 'NONE', *, *, #2025, .T. ) ;
#1314 = DIRECTION ( 'NONE',  ( 0.0000000000000000000, 0.0000000000000000000, 1.000000000000000000 ) ) ;
#1315 = AXIS2_PLACEMENT_3D ( 'NONE', #1853, #1342, #1518 ) ;
#1316 = VECTOR ( 'NONE', #972, 1000.000000000000000 ) ;
#1317 = CARTESIAN_POINT ( 'NONE',  ( -5.797737960004766900, -1.000000000000000000, -5.770440633416779300 ) ) ;
#1318 = CIRCLE ( 'NONE', #715, 10.58581011351619100 ) ;
#1319 = CARTESIAN_POINT ( 'NONE',  ( -4.767588040598626600, 8.900000000000000400, 11.23996001102026200 ) ) ;
#1320 = DIRECTION ( 'NONE',  ( 0.0000000000000000000, -1.000000000000000000, 0.0000000000000000000 ) ) ;
#1321 = CYLINDRICAL_SURFACE ( 'NONE', #1237, 1.100000000000000300 ) ;
#1322 = CARTESIAN_POINT ( 'NONE',  ( 0.0000000000000000000, -0.7000000000000009500, 0.0000000000000000000 ) ) ;
#1323 = ORIENTED_EDGE ( 'NONE', *, *, #391, .F. ) ;
#1324 = CARTESIAN_POINT ( 'NONE',  ( 3.791180021403051100, 2.933986331336726000, 14.13723868779651100 ) ) ;
#1325 = CARTESIAN_POINT ( 'NONE',  ( -9.001619269784368900, -0.7000000000000009500, 6.793642665246740500 ) ) ;
#1326 = ORIENTED_EDGE ( 'NONE', *, *, #1068, .T. ) ;
#1327 = CARTESIAN_POINT ( 'NONE',  ( 7.008443599995215900, 9.000000000000001800, -1.634685033416760200 ) ) ;
#1328 = DIRECTION ( 'NONE',  ( -0.0000000000000000000, -1.000000000000000000, -0.0000000000000000000 ) ) ;
#1329 = EDGE_LOOP ( 'NONE', ( #690, #1109, #1761, #2018 ) ) ;
#1330 = DIRECTION ( 'NONE',  ( 0.0000000000000000000, 1.000000000000000000, 0.0000000000000000000 ) ) ;
#1331 = VERTEX_POINT ( 'NONE', #1050 ) ;
#1332 = CARTESIAN_POINT ( 'NONE',  ( 8.108443599995217400, 0.0000000000000000000, -0.0000000000000000000 ) ) ;
#1333 = VERTEX_POINT ( 'NONE', #65 ) ;
#1334 = VERTEX_POINT ( 'NONE', #1626 ) ;
#1335 = EDGE_CURVE ( 'NONE', #1909, #466, #309, .T. ) ;
#1336 = DIRECTION ( 'NONE',  ( 0.0000000000000000000, 1.000000000000000000, -0.0000000000000000000 ) ) ;
#1337 = VECTOR ( 'NONE', #314, 1000.000000000000000 ) ;
#1338 = DIRECTION ( 'NONE',  ( 0.0000000000000000000, -0.0000000000000000000, 1.000000000000000000 ) ) ;
#1339 = FACE_OUTER_BOUND ( 'NONE', #889, .T. ) ;
#1340 = DIRECTION ( 'NONE',  ( 0.0000000000000000000, -1.000000000000000000, 0.0000000000000000000 ) ) ;
#1341 = ORIENTED_EDGE ( 'NONE', *, *, #1274, .T. ) ;
#1342 = DIRECTION ( 'NONE',  ( -0.0000000000000000000, -0.0000000000000000000, 1.000000000000000000 ) ) ;
#1343 = PERSON_AND_ORGANIZATION ( #1848, #91 ) ;
#1344 = AXIS2_PLACEMENT_3D ( 'NONE', #1633, #794, #787 ) ;
#1345 = DIRECTION ( 'NONE',  ( -0.0000000000000000000, -1.000000000000000000, -0.0000000000000000000 ) ) ;
#1346 = FACE_BOUND ( 'NONE', #1359, .T. ) ;
#1347 = DIRECTION ( 'NONE',  ( 0.0000000000000000000, 0.0000000000000000000, 1.000000000000000000 ) ) ;
#1348 = CARTESIAN_POINT ( 'NONE',  ( -8.741271684156355800, -1.000000000000000000, 7.138604854032370100 ) ) ;
#1349 = VECTOR ( 'NONE', #2234, 1000.000000000000000 ) ;
#1350 = DIRECTION ( 'NONE',  ( 0.0000000000000000000, 1.000000000000000000, 0.0000000000000000000 ) ) ;
#1351 = CYLINDRICAL_SURFACE ( 'NONE', #232, 1.183243806244023600 ) ;
#1352 = ORIENTED_EDGE ( 'NONE', *, *, #2119, .F. ) ;
#1353 = DIRECTION ( 'NONE',  ( 0.0000000000000000000, 1.000000000000000000, 0.0000000000000000000 ) ) ;
#1354 = DIRECTION ( 'NONE',  ( 0.0000000000000000000, 0.0000000000000000000, 1.000000000000000000 ) ) ;
#1355 = VERTEX_POINT ( 'NONE', #252 ) ;
#1356 = CARTESIAN_POINT ( 'NONE',  ( -6.532905400004784400, 1.399999999999999900, -2.217981439660794900 ) ) ;
#1357 = CARTESIAN_POINT ( 'NONE',  ( 4.708447199995269700, 0.0000000000000000000, 4.665314966583238700 ) ) ;
#1358 = VERTEX_POINT ( 'NONE', #932 ) ;
#1359 = EDGE_LOOP ( 'NONE', ( #1256, #751 ) ) ;
#1360 = DIRECTION ( 'NONE',  ( -1.000000000000000000, 0.0000000000000000000, -2.551066636389345200E-016 ) ) ;
#1361 = ORIENTED_EDGE ( 'NONE', *, *, #2211, .F. ) ;
#1362 = CARTESIAN_POINT ( 'NONE',  ( 0.0000000000000000000, 8.900000000000000400, 13.13723868779650900 ) ) ;
#1363 = ADVANCED_FACE ( 'NONE', ( #1291 ), #48, .T. ) ;
#1364 = LINE ( 'NONE', #182, #1660 ) ;
#1365 = CARTESIAN_POINT ( 'NONE',  ( -5.467588040595295200, -1.000000000000000000, 13.83723868779651100 ) ) ;
#1366 = SPHERICAL_SURFACE ( 'NONE', #994, 0.2999999999999999900 ) ;
#1367 = ORIENTED_EDGE ( 'NONE', *, *, #119, .F. ) ;
#1368 = CARTESIAN_POINT ( 'NONE',  ( -5.467588040595295200, -0.7000000000000009500, 13.83723868779651100 ) ) ;
#1369 = CARTESIAN_POINT ( 'NONE',  ( -8.741271684156355800, -1.000000000000000000, 7.138604854032370100 ) ) ;
#1370 = ORIENTED_EDGE ( 'NONE', *, *, #1814, .F. ) ;
#1371 = EDGE_CURVE ( 'NONE', #717, #1460, #1268, .T. ) ;
#1372 = CARTESIAN_POINT ( 'NONE',  ( -8.232903600004814100, 9.000000000000001800, -2.734735833416801000 ) ) ;
#1373 = DIRECTION ( 'NONE',  ( -0.0000000000000000000, -1.000000000000000000, -0.0000000000000000000 ) ) ;
#1374 = PERSON_AND_ORGANIZATION ( #1848, #91 ) ;
#1375 = PRODUCT_DEFINITION_SHAPE ( 'NONE', 'NONE',  #371 ) ;
#1376 = DIRECTION ( 'NONE',  ( 1.000000000000000000, 0.0000000000000000000, 0.0000000000000000000 ) ) ;
#1377 = AXIS2_PLACEMENT_3D ( 'NONE', #2110, #357, #1917 ) ;
#1378 = VECTOR ( 'NONE', #1041, 1000.000000000000000 ) ;
#1379 = DIRECTION ( 'NONE',  ( 0.0000000000000000000, 0.0000000000000000000, 1.000000000000000000 ) ) ;
#1380 = LINE ( 'NONE', #725, #1429 ) ;
#1381 = DIRECTION ( 'NONE',  ( 1.000000000000000000, 0.0000000000000000000, 0.0000000000000000000 ) ) ;
#1382 = ORIENTED_EDGE ( 'NONE', *, *, #1971, .T. ) ;
#1383 = DIRECTION ( 'NONE',  ( 0.0000000000000000000, 1.000000000000000000, -0.0000000000000000000 ) ) ;
#1384 = AXIS2_PLACEMENT_3D ( 'NONE', #1936, #1070, #204 ) ;
#1385 = EDGE_CURVE ( 'NONE', #466, #1849, #2109, .T. ) ;
#1386 = VERTEX_POINT ( 'NONE', #1777 ) ;
#1387 = ORIENTED_EDGE ( 'NONE', *, *, #261, .T. ) ;
#1388 = DIRECTION ( 'NONE',  ( 0.0000000000000000000, 1.000000000000000000, 0.0000000000000000000 ) ) ;
#1389 = ORIENTED_EDGE ( 'NONE', *, *, #1773, .F. ) ;
#1390 = CARTESIAN_POINT ( 'NONE',  ( -5.767588040595295100, 8.900000000000000400, 0.0000000000000000000 ) ) ;
#1391 = ORIENTED_EDGE ( 'NONE', *, *, #1655, .T. ) ;
#1392 = DIRECTION ( 'NONE',  ( -1.000000000000000000, -0.0000000000000000000, -0.0000000000000000000 ) ) ;
#1393 = ORIENTED_EDGE ( 'NONE', *, *, #1078, .T. ) ;
#1394 = APPROVAL_DATE_TIME ( #2125, #484 ) ;
#1395 = FACE_OUTER_BOUND ( 'NONE', #1579, .T. ) ;
#1396 = EDGE_CURVE ( 'NONE', #1875, #411, #807, .T. ) ;
#1397 = DIRECTION ( 'NONE',  ( 0.0000000000000000000, 0.0000000000000000000, 1.000000000000000000 ) ) ;
#1398 = VECTOR ( 'NONE', #666, 1000.000000000000000 ) ;
#1399 = ADVANCED_FACE ( 'NONE', ( #1623 ), #86, .T. ) ;
#1400 = VERTEX_POINT ( 'NONE', #1600 ) ;
#1401 = CARTESIAN_POINT ( 'NONE',  ( 3.791180021403051100, 3.933986331336726000, 13.13723868779650900 ) ) ;
#1402 = VECTOR ( 'NONE', #2182, 1000.000000000000000 ) ;
#1403 = FACE_BOUND ( 'NONE', #310, .T. ) ;
#1404 = DIRECTION ( 'NONE',  ( -0.0000000000000000000, -1.000000000000000000, -0.0000000000000000000 ) ) ;
#1405 = CARTESIAN_POINT ( 'NONE',  ( 6.308447199995271100, 0.0000000000000000000, -1.117981439660795200 ) ) ;
#1406 = VECTOR ( 'NONE', #1720, 1000.000000000000000 ) ;
#1407 =( GEOMETRIC_REPRESENTATION_CONTEXT ( 3 ) GLOBAL_UNCERTAINTY_ASSIGNED_CONTEXT ( ( #1733 ) ) GLOBAL_UNIT_ASSIGNED_CONTEXT ( ( #1105, #1630, #938 ) ) REPRESENTATION_CONTEXT ( 'NONE', 'WORKASPACE' ) );
#1408 = DIRECTION ( 'NONE',  ( 0.0000000000000000000, -1.000000000000000000, 0.0000000000000000000 ) ) ;
#1409 = ORIENTED_EDGE ( 'NONE', *, *, #361, .F. ) ;
#1410 = ADVANCED_FACE ( 'NONE', ( #2086 ), #1932, .F. ) ;
#1411 = DIRECTION ( 'NONE',  ( 0.0000000000000000000, 0.0000000000000000000, 1.000000000000000000 ) ) ;
#1412 = EDGE_LOOP ( 'NONE', ( #169, #1006, #1989, #1042 ) ) ;
#1413 = VERTEX_POINT ( 'NONE', #1769 ) ;
#1414 = ORIENTED_EDGE ( 'NONE', *, *, #846, .T. ) ;
#1415 = PLANE ( 'NONE',  #1377 ) ;
#1416 = CARTESIAN_POINT ( 'NONE',  ( 7.608443599995218200, -1.000000000000000000, 4.865314966583239800 ) ) ;
#1417 = ORIENTED_EDGE ( 'NONE', *, *, #2025, .F. ) ;
#1418 = AXIS2_PLACEMENT_3D ( 'NONE', #693, #664, #1201 ) ;
#1419 = FACE_OUTER_BOUND ( 'NONE', #31, .T. ) ;
#1420 = VECTOR ( 'NONE', #318, 1000.000000000000000 ) ;
#1421 = DIRECTION ( 'NONE',  ( -1.000000000000000000, 0.0000000000000000000, -0.0000000000000000000 ) ) ;
#1422 = ORIENTED_EDGE ( 'NONE', *, *, #1114, .F. ) ;
#1423 = EDGE_CURVE ( 'NONE', #262, #1718, #706, .T. ) ;
#1424 = EDGE_CURVE ( 'NONE', #193, #771, #231, .T. ) ;
#1425 = EDGE_LOOP ( 'NONE', ( #1650, #1030 ) ) ;
#1426 = FACE_OUTER_BOUND ( 'NONE', #496, .T. ) ;
#1427 = LINE ( 'NONE', #1005, #976 ) ;
#1428 = ADVANCED_FACE ( 'NONE', ( #1731 ), #1258, .T. ) ;
#1429 = VECTOR ( 'NONE', #1388, 1000.000000000000000 ) ;
#1430 = DIRECTION ( 'NONE',  ( -0.0000000000000000000, -1.000000000000000000, 0.0000000000000000000 ) ) ;
#1431 = DIRECTION ( 'NONE',  ( -1.000000000000000000, 0.0000000000000000000, 0.0000000000000000000 ) ) ;
#1432 = ORIENTED_EDGE ( 'NONE', *, *, #1135, .F. ) ;
#1433 = DIRECTION ( 'NONE',  ( -0.0000000000000000000, -1.000000000000000000, 0.0000000000000000000 ) ) ;
#1434 = VERTEX_POINT ( 'NONE', #822 ) ;
#1435 = EDGE_CURVE ( 'NONE', #190, #172, #783, .T. ) ;
#1436 = DIRECTION ( 'NONE',  ( 0.0000000000000000000, 1.000000000000000000, -0.0000000000000000000 ) ) ;
#1437 = CARTESIAN_POINT ( 'NONE',  ( -5.932907200004755100, 9.000000000000001800, -1.634735833416801200 ) ) ;
#1438 = EDGE_LOOP ( 'NONE', ( #595, #1169, #1063, #2226 ) ) ;
#1439 = ADVANCED_FACE ( 'NONE', ( #491 ), #1032, .T. ) ;
#1440 = VERTEX_POINT ( 'NONE', #2220 ) ;
#1441 = CARTESIAN_POINT ( 'NONE',  ( -7.732903600004814100, -1.000000000000000000, 4.865264166583197700 ) ) ;
#1442 = EDGE_CURVE ( 'NONE', #816, #577, #1807, .T. ) ;
#1443 = ORIENTED_EDGE ( 'NONE', *, *, #1946, .T. ) ;
#1444 = LINE ( 'NONE', #1310, #266 ) ;
#1445 = CARTESIAN_POINT ( 'NONE',  ( -6.532905400004784400, 0.0000000000000000000, -1.034737633416771300 ) ) ;
#1446 = VECTOR ( 'NONE', #487, 1000.000000000000000 ) ;
#1447 = CARTESIAN_POINT ( 'NONE',  ( 9.500000000000000000, 3.499999999999999600, 4.670050937561780000 ) ) ;
#1448 = CIRCLE ( 'NONE', #2050, 1.100000000000000100 ) ;
#1449 = DIRECTION ( 'NONE',  ( 1.000000000000000000, 0.0000000000000000000, 2.551066636389345200E-016 ) ) ;
#1450 = DIRECTION ( 'NONE',  ( 0.0000000000000000000, 1.000000000000000000, -0.0000000000000000000 ) ) ;
#1451 = ORIENTED_EDGE ( 'NONE', *, *, #1102, .T. ) ;
#1452 = EDGE_CURVE ( 'NONE', #83, #1358, #207, .T. ) ;
#1453 = AXIS2_PLACEMENT_3D ( 'NONE', #809, #1000, #1155 ) ;
#1454 = DATE_AND_TIME ( #1979, #1863 ) ;
#1455 = DIRECTION ( 'NONE',  ( 0.0000000000000000000, 1.000000000000000000, -0.0000000000000000000 ) ) ;
#1456 = LINE ( 'NONE', #485, #865 ) ;
#1457 = DIRECTION ( 'NONE',  ( 0.0000000000000000000, 0.0000000000000000000, 1.000000000000000000 ) ) ;
#1458 = CARTESIAN_POINT ( 'NONE',  ( -8.232903600004814100, -1.000000000000000000, 4.665264166583197500 ) ) ;
#1459 = FACE_OUTER_BOUND ( 'NONE', #1527, .T. ) ;
#1460 = VERTEX_POINT ( 'NONE', #2214 ) ;
#1461 = ORIENTED_EDGE ( 'NONE', *, *, #551, .T. ) ;
#1462 = ORIENTED_EDGE ( 'NONE', *, *, #1668, .T. ) ;
#1463 = DIRECTION ( 'NONE',  ( -1.000000000000000000, 0.0000000000000000000, 0.0000000000000000000 ) ) ;
#1464 = ORIENTED_EDGE ( 'NONE', *, *, #1486, .F. ) ;
#1465 = DIRECTION ( 'NONE',  ( 0.6025484994786115500, 0.0000000000000000000, 0.7980822675489499500 ) ) ;
#1466 = EDGE_CURVE ( 'NONE', #1468, #143, #899, .T. ) ;
#1467 = EDGE_CURVE ( 'NONE', #143, #1986, #678, .T. ) ;
#1468 = VERTEX_POINT ( 'NONE', #1698 ) ;
#1469 = AXIS2_PLACEMENT_3D ( 'NONE', #897, #1243, #221 ) ;
#1470 = ORIENTED_EDGE ( 'NONE', *, *, #920, .T. ) ;
#1471 = DIRECTION ( 'NONE',  ( 0.0000000000000000000, 1.000000000000000000, -0.0000000000000000000 ) ) ;
#1472 = VECTOR ( 'NONE', #1046, 1000.000000000000000 ) ;
#1473 = DIRECTION ( 'NONE',  ( -0.0000000000000000000, -1.000000000000000000, 0.0000000000000000000 ) ) ;
#1474 = DIRECTION ( 'NONE',  ( 0.0000000000000000000, 0.0000000000000000000, 1.000000000000000000 ) ) ;
#1475 = CIRCLE ( 'NONE', #1384, 1.100000000000000100 ) ;
#1476 = VERTEX_POINT ( 'NONE', #2069 ) ;
#1477 = ORIENTED_EDGE ( 'NONE', *, *, #1303, .T. ) ;
#1478 = CARTESIAN_POINT ( 'NONE',  ( 6.508443599995218600, 0.0000000000000000000, -1.117981439660794800 ) ) ;
#1479 = CARTESIAN_POINT ( 'NONE',  ( 8.216235163039764100, 8.900000000000000400, 6.674792543970991900 ) ) ;
#1480 = CYLINDRICAL_SURFACE ( 'NONE', #1990, 1.099999999999999900 ) ;
#1481 = CARTESIAN_POINT ( 'NONE',  ( -5.797737960004766900, -1.000000000000000000, -5.770440633416779300 ) ) ;
#1482 = DIRECTION ( 'NONE',  ( -0.0000000000000000000, 1.000000000000000000, -0.0000000000000000000 ) ) ;
#1483 = FACE_OUTER_BOUND ( 'NONE', #793, .T. ) ;
#1484 = LINE ( 'NONE', #146, #1649 ) ;
#1485 = DIRECTION ( 'NONE',  ( 0.0000000000000000000, 0.0000000000000000000, 1.000000000000000000 ) ) ;
#1486 = EDGE_CURVE ( 'NONE', #2117, #761, #568, .T. ) ;
#1487 = DIRECTION ( 'NONE',  ( 0.0000000000000000000, 0.0000000000000000000, -1.000000000000000000 ) ) ;
#1488 = CARTESIAN_POINT ( 'NONE',  ( 8.108443599995217400, -1.000000000000000000, 4.665314966583238700 ) ) ;
#1489 = ORIENTED_EDGE ( 'NONE', *, *, #702, .F. ) ;
#1490 = AXIS2_PLACEMENT_3D ( 'NONE', #1888, #1923, #708 ) ;
#1491 = VERTEX_POINT ( 'NONE', #1528 ) ;
#1492 = PLANE ( 'NONE',  #518 ) ;
#1493 = CARTESIAN_POINT ( 'NONE',  ( -4.767588040598626600, 8.900000000000000400, 11.23996001102026200 ) ) ;
#1494 = ORIENTED_EDGE ( 'NONE', *, *, #320, .T. ) ;
#1495 = DIRECTION ( 'NONE',  ( -0.0000000000000000000, -1.000000000000000000, -0.0000000000000000000 ) ) ;
#1496 = ORIENTED_EDGE ( 'NONE', *, *, #800, .F. ) ;
#1497 = ORIENTED_EDGE ( 'NONE', *, *, #236, .F. ) ;
#1498 = EDGE_CURVE ( 'NONE', #1051, #850, #331, .T. ) ;
#1499 = CARTESIAN_POINT ( 'NONE',  ( -8.189802720452444600, 8.900000000000000400, 6.707198160147892300 ) ) ;
#1500 = LINE ( 'NONE', #1390, #1559 ) ;
#1501 = CIRCLE ( 'NONE', #370, 1.124999020000017100 ) ;
#1502 = CARTESIAN_POINT ( 'NONE',  ( -8.232903600004814100, -1.000000000000000000, -1.634735833416801200 ) ) ;
#1503 = TOROIDAL_SURFACE ( 'NONE', #408, 11.28581011351193200, 0.2999999999999999900 ) ;
#1504 = DIRECTION ( 'NONE',  ( 0.0000000000000000000, 1.000000000000000000, 0.0000000000000000000 ) ) ;
#1505 = ORIENTED_EDGE ( 'NONE', *, *, #1912, .F. ) ;
#1506 = CARTESIAN_POINT ( 'NONE',  ( 5.208447199995269700, -1.000000000000000000, 4.865314966583238900 ) ) ;
#1507 = DATE_AND_TIME ( #1620, #42 ) ;
#1508 = DIRECTION ( 'NONE',  ( 0.0000000000000000000, 0.0000000000000000000, -1.000000000000000000 ) ) ;
#1509 = EDGE_CURVE ( 'NONE', #1058, #2153, #1574, .T. ) ;
#1510 = VECTOR ( 'NONE', #1056, 1000.000000000000000 ) ;
#1511 = DIRECTION ( 'NONE',  ( 0.0000000000000000000, 1.000000000000000000, -0.0000000000000000000 ) ) ;
#1512 = LINE ( 'NONE', #1219, #1598 ) ;
#1513 = AXIS2_PLACEMENT_3D ( 'NONE', #1236, #712, #1397 ) ;
#1514 = DIRECTION ( 'NONE',  ( 1.224517072621457500E-016, 0.0000000000000000000, -1.000000000000000000 ) ) ;
#1515 = ORIENTED_EDGE ( 'NONE', *, *, #646, .F. ) ;
#1516 = DIRECTION ( 'NONE',  ( 0.6024015796565142000, 0.0000000000000000000, -0.7981931701207023400 ) ) ;
#1517 = VERTEX_POINT ( 'NONE', #1035 ) ;
#1518 = DIRECTION ( 'NONE',  ( -1.000000000000000000, 0.0000000000000000000, 0.0000000000000000000 ) ) ;
#1519 = ORIENTED_EDGE ( 'NONE', *, *, #375, .F. ) ;
#1520 = ORIENTED_EDGE ( 'NONE', *, *, #2058, .T. ) ;
#1521 = AXIS2_PLACEMENT_3D ( 'NONE', #662, #2053, #1360 ) ;
#1522 = CARTESIAN_POINT ( 'NONE',  ( -9.241076427460360100, 8.900000000000000400, 6.974364190355776900 ) ) ;
#1523 = CARTESIAN_POINT ( 'NONE',  ( -8.232903600004814100, 9.000000000000001800, -1.634735833416801200 ) ) ;
#1524 = CLOSED_SHELL ( 'NONE', ( #60, #1166, #924, #1708, #676, #1615, #312, #572, #1399, #1962, #2093, #894, #1439, #1905, #1781, #46, #722, #1262, #1202, #1561, #1738, #581, #67, #563, #535, #497, #403, #887, #1191, #363, #1363, #2230, #1233, #19, #1217, #383, #180, #2054, #1245, #1595, #2064, #1944, #2113, #349, #2045, #1534, #1933, #77, #854, #1428, #1575, #842, #2124, #338, #1088, #653, #1867, #2134, #394, #1918, #548, #165, #1892, #1770, #2206, #1080, #1410, #1023 ) ) ;
#1525 = PLANE ( 'NONE',  #1824 ) ;
#1526 = ORIENTED_EDGE ( 'NONE', *, *, #2146, .T. ) ;
#1527 = EDGE_LOOP ( 'NONE', ( #1752, #1641, #1830, #1115 ) ) ;
#1528 = CARTESIAN_POINT ( 'NONE',  ( -6.632903600004810900, -1.000000000000000000, -2.234737633416771000 ) ) ;
#1529 = DIRECTION ( 'NONE',  ( 0.0000000000000000000, 1.000000000000000000, -0.0000000000000000000 ) ) ;
#1530 = LINE ( 'NONE', #1539, #1398 ) ;
#1531 = CARTESIAN_POINT ( 'NONE',  ( -4.767588040598624800, 8.900000000000000400, 13.13723868779650900 ) ) ;
#1532 = EDGE_CURVE ( 'NONE', #83, #2099, #2036, .T. ) ;
#1533 = FACE_BOUND ( 'NONE', #111, .T. ) ;
#1534 = ADVANCED_FACE ( 'NONE', ( #2108 ), #888, .F. ) ;
#1535 = VERTEX_POINT ( 'NONE', #2089 ) ;
#1536 = CARTESIAN_POINT ( 'NONE',  ( -8.441753902380074900, 8.900000000000000400, 6.373485984682457900 ) ) ;
#1537 = AXIS2_PLACEMENT_3D ( 'NONE', #1692, #2030, #975 ) ;
#1538 = FACE_OUTER_BOUND ( 'NONE', #1691, .T. ) ;
#1539 = CARTESIAN_POINT ( 'NONE',  ( 0.0000000000000000000, 0.0000000000000000000, 4.665314966583238700 ) ) ;
#1540 = LINE ( 'NONE', #1679, #1079 ) ;
#1541 = DIRECTION ( 'NONE',  ( -1.000000000000000000, 0.0000000000000000000, -0.0000000000000000000 ) ) ;
#1542 = DIRECTION ( 'NONE',  ( -0.7980842436722787000, 0.0000000000000000000, -0.6025458820721016900 ) ) ;
#1543 = EDGE_CURVE ( 'NONE', #2164, #2117, #1512, .T. ) ;
#1544 = EDGE_CURVE ( 'NONE', #565, #1440, #1103, .T. ) ;
#1545 = FACE_OUTER_BOUND ( 'NONE', #2232, .T. ) ;
#1546 = DIRECTION ( 'NONE',  ( -2.204790929443019900E-016, 1.000000000000000000, -0.0000000000000000000 ) ) ;
#1547 = CARTESIAN_POINT ( 'NONE',  ( -6.532905400004784400, 0.0000000000000000000, 0.1485061728272523700 ) ) ;
#1548 = ORIENTED_EDGE ( 'NONE', *, *, #1543, .T. ) ;
#1549 = CARTESIAN_POINT ( 'NONE',  ( 5.791180021403108400, 8.900000000000000400, 13.83723868779651100 ) ) ;
#1550 = DIRECTION ( 'NONE',  ( -1.000000000000000000, -0.0000000000000000000, -0.0000000000000000000 ) ) ;
#1551 = ORIENTED_EDGE ( 'NONE', *, *, #585, .F. ) ;
#1552 = ORIENTED_EDGE ( 'NONE', *, *, #413, .T. ) ;
#1553 = CARTESIAN_POINT ( 'NONE',  ( 3.791180021403051100, 3.933986331336726000, 13.13723868779650900 ) ) ;
#1554 = DIRECTION ( 'NONE',  ( 0.0000000000000000000, -0.0000000000000000000, -1.000000000000000000 ) ) ;
#1555 = AXIS2_PLACEMENT_3D ( 'NONE', #8, #2237, #866 ) ;
#1556 = ORIENTED_EDGE ( 'NONE', *, *, #1920, .F. ) ;
#1557 = DIRECTION ( 'NONE',  ( 0.0000000000000000000, 0.0000000000000000000, -1.000000000000000000 ) ) ;
#1558 = PLANE ( 'NONE',  #625 ) ;
#1559 = VECTOR ( 'NONE', #540, 1000.000000000000000 ) ;
#1560 = CARTESIAN_POINT ( 'NONE',  ( -7.732903600004812400, -1.000000000000000000, 4.665264166583197500 ) ) ;
#1561 = ADVANCED_FACE ( 'NONE', ( #835 ), #700, .T. ) ;
#1562 = VECTOR ( 'NONE', #444, 1000.000000000000000 ) ;
#1563 = DIRECTION ( 'NONE',  ( 1.000000000000000000, 0.0000000000000000000, 0.0000000000000000000 ) ) ;
#1564 = FACE_OUTER_BOUND ( 'NONE', #1996, .T. ) ;
#1565 = CARTESIAN_POINT ( 'NONE',  ( 9.500000000000000000, 0.0000000000000000000, 4.670050937561780000 ) ) ;
#1566 = ORIENTED_EDGE ( 'NONE', *, *, #1293, .F. ) ;
#1567 = EDGE_CURVE ( 'NONE', #495, #1140, #95, .T. ) ;
#1568 = DIRECTION ( 'NONE',  ( -0.0000000000000000000, -1.000000000000000000, 0.0000000000000000000 ) ) ;
#1569 = CALENDAR_DATE ( 2024, 10, 9 ) ;
#1570 = AXIS2_PLACEMENT_3D ( 'NONE', #1831, #1130, #459 ) ;
#1571 = LINE ( 'NONE', #1666, #549 ) ;
#1572 = DIRECTION ( 'NONE',  ( -1.172110456741086100E-016, 0.0000000000000000000, 1.000000000000000000 ) ) ;
#1573 = CARTESIAN_POINT ( 'NONE',  ( 5.791180021403108400, -0.7000000000000009500, 0.0000000000000000000 ) ) ;
#1574 = CIRCLE ( 'NONE', #1490, 1.124999020000017100 ) ;
#1575 = ADVANCED_FACE ( 'NONE', ( #116 ), #364, .T. ) ;
#1576 = DIRECTION ( 'NONE',  ( 0.0000000000000000000, 0.0000000000000000000, 1.000000000000000000 ) ) ;
#1577 = DIRECTION ( 'NONE',  ( 1.577021341797097200E-015, 0.0000000000000000000, 1.000000000000000000 ) ) ;
#1578 = EDGE_CURVE ( 'NONE', #1838, #289, #1427, .T. ) ;
#1579 = EDGE_LOOP ( 'NONE', ( #339, #1326, #1014, #1208 ) ) ;
#1580 = CARTESIAN_POINT ( 'NONE',  ( 6.508443599995217700, -1.000000000000000000, -2.217981439660794900 ) ) ;
#1581 = DIRECTION ( 'NONE',  ( -1.224517072621457500E-016, -0.0000000000000000000, 1.000000000000000000 ) ) ;
#1582 = VERTEX_POINT ( 'NONE', #2010 ) ;
#1583 = AXIS2_PLACEMENT_3D ( 'NONE', #435, #1638, #773 ) ;
#1584 = ORIENTED_EDGE ( 'NONE', *, *, #1076, .F. ) ;
#1585 = AXIS2_PLACEMENT_3D ( 'NONE', #1087, #1977, #578 ) ;
#1586 = EDGE_LOOP ( 'NONE', ( #645, #1683, #1719, #1566 ) ) ;
#1587 = DIRECTION ( 'NONE',  ( 0.0000000000000000000, -1.000000000000000000, 0.0000000000000000000 ) ) ;
#1588 = CIRCLE ( 'NONE', #1092, 1.100000000000000100 ) ;
#1589 = EDGE_CURVE ( 'NONE', #1286, #495, #622, .T. ) ;
#1590 = EDGE_CURVE ( 'NONE', #560, #1678, #2221, .T. ) ;
#1591 = LINE ( 'NONE', #2078, #224 ) ;
#1592 = EDGE_CURVE ( 'NONE', #464, #1334, #230, .T. ) ;
#1593 = VERTEX_POINT ( 'NONE', #635 ) ;
#1594 = ORIENTED_EDGE ( 'NONE', *, *, #1116, .T. ) ;
#1595 = ADVANCED_FACE ( 'NONE', ( #1128 ), #2202, .T. ) ;
#1596 = LINE ( 'NONE', #2149, #1672 ) ;
#1597 = CARTESIAN_POINT ( 'NONE',  ( 5.208447199995269700, 9.000000000000001800, 4.665314966583238700 ) ) ;
#1598 = VECTOR ( 'NONE', #1054, 1000.000000000000000 ) ;
#1599 = VECTOR ( 'NONE', #1606, 1000.000000000000000 ) ;
#1600 = CARTESIAN_POINT ( 'NONE',  ( -7.732903600004811500, 0.0000000000000000000, -1.134737633416770700 ) ) ;
#1601 = ORIENTED_EDGE ( 'NONE', *, *, #359, .F. ) ;
#1602 = CARTESIAN_POINT ( 'NONE',  ( 9.004883591291649800, -0.7000000000000009500, 7.289929183033394500 ) ) ;
#1603 = EDGE_LOOP ( 'NONE', ( #905, #1793, #234, #1231 ) ) ;
#1604 = VERTEX_POINT ( 'NONE', #618 ) ;
#1605 = ORIENTED_EDGE ( 'NONE', *, *, #164, .F. ) ;
#1606 = DIRECTION ( 'NONE',  ( 3.664907822932132500E-016, 0.0000000000000000000, -1.000000000000000000 ) ) ;
#1607 = EDGE_CURVE ( 'NONE', #193, #2121, #1248, .T. ) ;
#1608 = ORIENTED_EDGE ( 'NONE', *, *, #135, .T. ) ;
#1609 = ORIENTED_EDGE ( 'NONE', *, *, #1592, .T. ) ;
#1610 = AXIS2_PLACEMENT_3D ( 'NONE', #184, #1376, #1209 ) ;
#1611 = ORIENTED_EDGE ( 'NONE', *, *, #1146, .T. ) ;
#1612 = CYLINDRICAL_SURFACE ( 'NONE', #1344, 1.124999020000017100 ) ;
#1613 = CYLINDRICAL_SURFACE ( 'NONE', #875, 1.100000000000000300 ) ;
#1614 = DIRECTION ( 'NONE',  ( 0.0000000000000000000, 1.000000000000000000, 0.0000000000000000000 ) ) ;
#1615 = ADVANCED_FACE ( 'NONE', ( #1483 ), #280, .F. ) ;
#1616 = FACE_BOUND ( 'NONE', #452, .T. ) ;
#1617 = AXIS2_PLACEMENT_3D ( 'NONE', #1028, #171, #512 ) ;
#1618 = EDGE_CURVE ( 'NONE', #1517, #416, #70, .T. ) ;
#1619 = ORIENTED_EDGE ( 'NONE', *, *, #1068, .F. ) ;
#1620 = CALENDAR_DATE ( 2024, 10, 9 ) ;
#1621 = CARTESIAN_POINT ( 'NONE',  ( 0.0000000000000000000, 8.900000000000000400, 0.0000000000000000000 ) ) ;
#1622 = VECTOR ( 'NONE', #849, 1000.000000000000000 ) ;
#1623 = FACE_OUTER_BOUND ( 'NONE', #1136, .T. ) ;
#1624 = ORIENTED_EDGE ( 'NONE', *, *, #320, .F. ) ;
#1625 = DIRECTION ( 'NONE',  ( -0.0000000000000000000, 1.000000000000000000, 0.0000000000000000000 ) ) ;
#1626 = CARTESIAN_POINT ( 'NONE',  ( -4.832907200004754600, -1.000000000000000000, 4.665264166583198400 ) ) ;
#1627 = EDGE_CURVE ( 'NONE', #1400, #1460, #1184, .T. ) ;
#1628 = ORIENTED_EDGE ( 'NONE', *, *, #573, .F. ) ;
#1629 = ORIENTED_EDGE ( 'NONE', *, *, #1424, .F. ) ;
#1630 =( NAMED_UNIT ( * ) PLANE_ANGLE_UNIT ( ) SI_UNIT ( $, .RADIAN. ) );
#1631 = CARTESIAN_POINT ( 'NONE',  ( -5.467588040595295200, 8.900000000000000400, 13.83723868779651100 ) ) ;
#1632 = ORIENTED_EDGE ( 'NONE', *, *, #455, .F. ) ;
#1633 = CARTESIAN_POINT ( 'NONE',  ( 5.792642719995244600, -1.000000000000000000, -5.770440633416779300 ) ) ;
#1634 = LINE ( 'NONE', #2227, #1771 ) ;
#1635 = AXIS2_PLACEMENT_3D ( 'NONE', #1224, #206, #368 ) ;
#1636 = APPLICATION_PROTOCOL_DEFINITION ( 'international standard', 'config_control_design', 1994, #961 ) ;
#1637 = FACE_OUTER_BOUND ( 'NONE', #257, .T. ) ;
#1638 = DIRECTION ( 'NONE',  ( 0.0000000000000000000, -1.000000000000000000, 0.0000000000000000000 ) ) ;
#1639 = CARTESIAN_POINT ( 'NONE',  ( -8.441753902380074900, 0.0000000000000000000, 6.373485984682457900 ) ) ;
#1640 = ORIENTED_EDGE ( 'NONE', *, *, #387, .T. ) ;
#1641 = ORIENTED_EDGE ( 'NONE', *, *, #1677, .F. ) ;
#1642 = PRODUCT ( '壳体9.10', '壳体9.10', '', ( #1802 ) ) ;
#1643 = FACE_OUTER_BOUND ( 'NONE', #766, .T. ) ;
#1644 = CARTESIAN_POINT ( 'NONE',  ( 6.408445399995244400, -500000.0000000000600, 0.1486077728272206500 ) ) ;
#1645 = CARTESIAN_POINT ( 'NONE',  ( 5.792642719995244600, -1.000000000000000000, -4.645441613416761800 ) ) ;
#1646 = VECTOR ( 'NONE', #1392, 1000.000000000000000 ) ;
#1647 = DIRECTION ( 'NONE',  ( 0.6025458820721015800, 0.0000000000000000000, -0.7980842436722785900 ) ) ;
#1648 = DIRECTION ( 'NONE',  ( 0.0000000000000000000, 0.0000000000000000000, 1.000000000000000000 ) ) ;
#1649 = VECTOR ( 'NONE', #2020, 1000.000000000000000 ) ;
#1650 = ORIENTED_EDGE ( 'NONE', *, *, #736, .T. ) ;
#1651 = DIRECTION ( 'NONE',  ( -0.7981931701207014600, 0.0000000000000000000, -0.6024015796565154200 ) ) ;
#1652 = VERTEX_POINT ( 'NONE', #1822 ) ;
#1653 = DIRECTION ( 'NONE',  ( -0.6024015796565142000, 0.0000000000000000000, 0.7981931701207022300 ) ) ;
#1654 = EDGE_CURVE ( 'NONE', #626, #886, #458, .T. ) ;
#1655 = EDGE_CURVE ( 'NONE', #103, #1582, #1540, .T. ) ;
#1656 = ORIENTED_EDGE ( 'NONE', *, *, #1705, .F. ) ;
#1657 = DIRECTION ( 'NONE',  ( 0.0000000000000000000, 0.0000000000000000000, -1.000000000000000000 ) ) ;
#1658 = VERTEX_POINT ( 'NONE', #1855 ) ;
#1659 = CARTESIAN_POINT ( 'NONE',  ( 5.792642719995244600, -1.000000000000000000, -5.770440633416779300 ) ) ;
#1660 = VECTOR ( 'NONE', #189, 1000.000000000000000 ) ;
#1661 = CARTESIAN_POINT ( 'NONE',  ( 9.002901731109799900, -1.000000000000000000, 6.794548521998494000 ) ) ;
#1662 = LINE ( 'NONE', #108, #1562 ) ;
#1663 = CARTESIAN_POINT ( 'NONE',  ( -4.767588040598626600, 0.0000000000000000000, 11.23996001102026200 ) ) ;
#1664 = FACE_BOUND ( 'NONE', #2200, .T. ) ;
#1665 = DIRECTION ( 'NONE',  ( 0.0000000000000000000, 0.0000000000000000000, 1.000000000000000000 ) ) ;
#1666 = CARTESIAN_POINT ( 'NONE',  ( -6.532905400004784400, -500000.0000000000600, -2.217981439660794900 ) ) ;
#1667 = ORIENTED_EDGE ( 'NONE', *, *, #537, .T. ) ;
#1668 = EDGE_CURVE ( 'NONE', #1476, #554, #1982, .T. ) ;
#1669 = CARTESIAN_POINT ( 'NONE',  ( 4.708447199995270600, -1.000000000000000000, -1.634685033416761100 ) ) ;
#1670 = COORDINATED_UNIVERSAL_TIME_OFFSET ( 8, 0, .AHEAD. ) ;
#1671 = DIRECTION ( 'NONE',  ( -0.0000000000000000000, -1.000000000000000000, -0.0000000000000000000 ) ) ;
#1672 = VECTOR ( 'NONE', #401, 1000.000000000000000 ) ;
#1673 = CARTESIAN_POINT ( 'NONE',  ( 5.208447199995270600, -1.000000000000000000, -1.117981439660795200 ) ) ;
#1674 = DIRECTION ( 'NONE',  ( 0.0000000000000000000, -1.000000000000000000, 0.0000000000000000000 ) ) ;
#1675 = CIRCLE ( 'NONE', #303, 1.124999020000017100 ) ;
#1676 = DIRECTION ( 'NONE',  ( 0.0000000000000000000, 0.0000000000000000000, 1.000000000000000000 ) ) ;
#1677 = EDGE_CURVE ( 'NONE', #816, #1652, #1757, .T. ) ;
#1678 = VERTEX_POINT ( 'NONE', #2035 ) ;
#1679 = CARTESIAN_POINT ( 'NONE',  ( 4.791180021403052400, 8.900000000000000400, 13.13723868779650900 ) ) ;
#1680 = ORIENTED_EDGE ( 'NONE', *, *, #2111, .T. ) ;
#1681 = AXIS2_PLACEMENT_3D ( 'NONE', #1234, #1764, #2114 ) ;
#1682 = AXIS2_PLACEMENT_3D ( 'NONE', #1278, #1457, #102 ) ;
#1683 = ORIENTED_EDGE ( 'NONE', *, *, #1266, .T. ) ;
#1684 = DIRECTION ( 'NONE',  ( 0.0000000000000000000, -0.0000000000000000000, -1.000000000000000000 ) ) ;
#1685 = ORIENTED_EDGE ( 'NONE', *, *, #298, .F. ) ;
#1686 = AXIS2_PLACEMENT_3D ( 'NONE', #513, #1383, #2218 ) ;
#1687 = EDGE_CURVE ( 'NONE', #2194, #1044, #1057, .T. ) ;
#1688 = AXIS2_PLACEMENT_3D ( 'NONE', #225, #1223, #908 ) ;
#1689 = VERTEX_POINT ( 'NONE', #1304 ) ;
#1690 = CARTESIAN_POINT ( 'NONE',  ( 4.791180021403052400, 0.0000000000000000000, 0.0000000000000000000 ) ) ;
#1691 = EDGE_LOOP ( 'NONE', ( #1011, #385, #608, #2118 ) ) ;
#1692 = CARTESIAN_POINT ( 'NONE',  ( 6.308447199995271100, -1.000000000000000000, -1.117981439660795200 ) ) ;
#1693 = DIRECTION ( 'NONE',  ( 0.0000000000000000000, 0.0000000000000000000, 1.000000000000000000 ) ) ;
#1694 = DIRECTION ( 'NONE',  ( 0.0000000000000000000, 0.0000000000000000000, 1.000000000000000000 ) ) ;
#1695 = FACE_OUTER_BOUND ( 'NONE', #524, .T. ) ;
#1696 = AXIS2_PLACEMENT_3D ( 'NONE', #621, #2166, #1463 ) ;
#1697 = VECTOR ( 'NONE', #2031, 1000.000000000000000 ) ;
#1698 = CARTESIAN_POINT ( 'NONE',  ( -8.232903600004814100, 0.0000000000000000000, -1.634735833416801200 ) ) ;
#1699 = AXIS2_PLACEMENT_3D ( 'NONE', #1481, #1504, #815 ) ;
#1700 = CARTESIAN_POINT ( 'NONE',  ( -6.432907200004755100, 0.0000000000000000000, -2.234737633416771000 ) ) ;
#1701 = DIRECTION ( 'NONE',  ( 0.0000000000000000000, 0.0000000000000000000, -1.000000000000000000 ) ) ;
#1702 = DIRECTION ( 'NONE',  ( 0.0000000000000000000, 0.0000000000000000000, 1.000000000000000000 ) ) ;
#1703 = ORIENTED_EDGE ( 'NONE', *, *, #2213, .T. ) ;
#1704 = DIRECTION ( 'NONE',  ( 1.000000000000000000, 0.0000000000000000000, 1.807006331318710700E-016 ) ) ;
#1705 = EDGE_CURVE ( 'NONE', #466, #143, #382, .T. ) ;
#1706 = VECTOR ( 'NONE', #2205, 1000.000000000000000 ) ;
#1707 = CYLINDRICAL_SURFACE ( 'NONE', #269, 0.2999999999999999300 ) ;
#1708 = ADVANCED_FACE ( 'NONE', ( #149 ), #2160, .F. ) ;
#1709 = DIRECTION ( 'NONE',  ( -0.0000000000000000000, 1.000000000000000000, -0.0000000000000000000 ) ) ;
#1710 = ORIENTED_EDGE ( 'NONE', *, *, #505, .T. ) ;
#1711 = CARTESIAN_POINT ( 'NONE',  ( 4.791180021403052400, 3.933986331336726000, 14.13723868779651100 ) ) ;
#1712 = ORIENTED_EDGE ( 'NONE', *, *, #379, .F. ) ;
#1713 = APPROVAL ( #603, '未指定' ) ;
#1714 = DIRECTION ( 'NONE',  ( 0.0000000000000000000, 0.0000000000000000000, -1.000000000000000000 ) ) ;
#1715 = CARTESIAN_POINT ( 'NONE',  ( 5.808447199995271100, -1.000000000000000000, -2.734685033416760300 ) ) ;
#1716 = ORIENTED_EDGE ( 'NONE', *, *, #1396, .F. ) ;
#1717 = CARTESIAN_POINT ( 'NONE',  ( 0.0000000000000000000, -0.7000000000000009500, -11.58581011351193300 ) ) ;
#1718 = VERTEX_POINT ( 'NONE', #456 ) ;
#1719 = ORIENTED_EDGE ( 'NONE', *, *, #413, .F. ) ;
#1720 = DIRECTION ( 'NONE',  ( 0.0000000000000000000, -1.000000000000000000, 0.0000000000000000000 ) ) ;
#1721 = VECTOR ( 'NONE', #948, 1000.000000000000000 ) ;
#1722 = LINE ( 'NONE', #1458, #2076 ) ;
#1723 = DIRECTION ( 'NONE',  ( 0.0000000000000000000, 1.000000000000000000, -0.0000000000000000000 ) ) ;
#1724 = LINE ( 'NONE', #1332, #913 ) ;
#1725 = EDGE_LOOP ( 'NONE', ( #652, #1422, #2128, #1409 ) ) ;
#1726 = AXIS2_PLACEMENT_3D ( 'NONE', #1961, #1614, #1095 ) ;
#1727 = VECTOR ( 'NONE', #1404, 1000.000000000000000 ) ;
#1728 = CIRCLE ( 'NONE', #1010, 11.58581011351193300 ) ;
#1729 = CARTESIAN_POINT ( 'NONE',  ( 0.0000000000000000000, 8.900000000000000400, -11.58581011351193300 ) ) ;
#1730 = EDGE_CURVE ( 'NONE', #1689, #2105, #550, .T. ) ;
#1731 = FACE_OUTER_BOUND ( 'NONE', #25, .T. ) ;
#1732 = CARTESIAN_POINT ( 'NONE',  ( -4.767588040598624800, 3.933986331336726000, 14.13723868779651100 ) ) ;
#1733 = UNCERTAINTY_MEASURE_WITH_UNIT (LENGTH_MEASURE( 1.000000000000000100E-005 ), #1105, 'distance_accuracy_value', 'NONE');
#1734 = ORIENTED_EDGE ( 'NONE', *, *, #1242, .T. ) ;
#1735 = CARTESIAN_POINT ( 'NONE',  ( 7.008443599995215900, 9.000000000000001800, -2.734685033416760300 ) ) ;
#1736 = DIRECTION ( 'NONE',  ( 0.0000000000000000000, -1.000000000000000000, 0.0000000000000000000 ) ) ;
#1737 = ORIENTED_EDGE ( 'NONE', *, *, #481, .F. ) ;
#1738 = ADVANCED_FACE ( 'NONE', ( #1459 ), #1091, .T. ) ;
#1739 = VERTEX_POINT ( 'NONE', #1447 ) ;
#1740 = DIRECTION ( 'NONE',  ( -1.000000000000000000, 0.0000000000000000000, -1.172110456741086100E-016 ) ) ;
#1741 = ORIENTED_EDGE ( 'NONE', *, *, #2135, .T. ) ;
#1742 = DIRECTION ( 'NONE',  ( 0.0000000000000000000, 0.0000000000000000000, -1.000000000000000000 ) ) ;
#1743 = CARTESIAN_POINT ( 'NONE',  ( 5.792642719995244600, -1.000000000000000000, -5.770440633416779300 ) ) ;
#1744 = EDGE_CURVE ( 'NONE', #2044, #728, #12, .T. ) ;
#1745 = EDGE_LOOP ( 'NONE', ( #2095, #2233, #609, #1257 ) ) ;
#1746 = CARTESIAN_POINT ( 'NONE',  ( 5.791180021403108400, -0.7000000000000009500, 11.54814550733351900 ) ) ;
#1747 = LINE ( 'NONE', #758, #748 ) ;
#1748 = VECTOR ( 'NONE', #219, 1000.000000000000000 ) ;
#1749 = DIRECTION ( 'NONE',  ( -1.000000000000000000, 0.0000000000000000000, 0.0000000000000000000 ) ) ;
#1750 = CARTESIAN_POINT ( 'NONE',  ( 5.491180021403108600, 8.900000000000000400, 13.83723868779651100 ) ) ;
#1751 = CARTESIAN_POINT ( 'NONE',  ( -5.797737960004766900, -1.000000000000000000, -4.645441613416761800 ) ) ;
#1752 = ORIENTED_EDGE ( 'NONE', *, *, #956, .F. ) ;
#1753 = CARTESIAN_POINT ( 'NONE',  ( 9.500000000000000000, 3.500000000000000000, 0.0000000000000000000 ) ) ;
#1754 = LOCAL_TIME ( 11, 44, 30.00000000000000000, #2216 ) ;
#1755 = AXIS2_PLACEMENT_3D ( 'NONE', #1864, #995, #293 ) ;
#1756 = CYLINDRICAL_SURFACE ( 'NONE', #1907, 1.000000000000000000 ) ;
#1757 = LINE ( 'NONE', #1499, #1289 ) ;
#1758 = CARTESIAN_POINT ( 'NONE',  ( 7.008443599995215900, 0.0000000000000000000, -2.734685033416760300 ) ) ;
#1759 = LINE ( 'NONE', #2177, #2063 ) ;
#1760 = CARTESIAN_POINT ( 'NONE',  ( -8.189802720452444600, 8.900000000000000400, 6.707198160147892300 ) ) ;
#1761 = ORIENTED_EDGE ( 'NONE', *, *, #481, .T. ) ;
#1762 = ORIENTED_EDGE ( 'NONE', *, *, #541, .T. ) ;
#1763 = DIRECTION ( 'NONE',  ( 0.0000000000000000000, 0.0000000000000000000, 1.000000000000000000 ) ) ;
#1764 = DIRECTION ( 'NONE',  ( -1.000000000000000000, 0.0000000000000000000, -1.224517072621457500E-016 ) ) ;
#1765 = ORIENTED_EDGE ( 'NONE', *, *, #945, .F. ) ;
#1766 = ORIENTED_EDGE ( 'NONE', *, *, #966, .T. ) ;
#1767 = AXIS2_PLACEMENT_3D ( 'NONE', #1362, #1714, #1891 ) ;
#1768 = ORIENTED_EDGE ( 'NONE', *, *, #1467, .F. ) ;
#1769 = CARTESIAN_POINT ( 'NONE',  ( -5.767588040595296800, 8.900000000000000400, 11.57675815442529900 ) ) ;
#1770 = ADVANCED_FACE ( 'NONE', ( #45 ), #732, .F. ) ;
#1771 = VECTOR ( 'NONE', #1350, 1000.000000000000000 ) ;
#1772 = EDGE_CURVE ( 'NONE', #886, #971, #428, .T. ) ;
#1773 = EDGE_CURVE ( 'NONE', #79, #1934, #1596, .T. ) ;
#1774 = CARTESIAN_POINT ( 'NONE',  ( 7.608443599995219100, -1.000000000000000000, -1.117981439660794300 ) ) ;
#1775 = CIRCLE ( 'NONE', #949, 10.58581011351619100 ) ;
#1776 = ORIENTED_EDGE ( 'NONE', *, *, #691, .F. ) ;
#1777 = CARTESIAN_POINT ( 'NONE',  ( -5.797737960004766900, -1.000000000000000000, -4.645441613416761800 ) ) ;
#1778 = ORIENTED_EDGE ( 'NONE', *, *, #412, .F. ) ;
#1779 = COORDINATED_UNIVERSAL_TIME_OFFSET ( 8, 0, .AHEAD. ) ;
#1780 = CIRCLE ( 'NONE', #1782, 1.124999020000017100 ) ;
#1781 = ADVANCED_FACE ( 'NONE', ( #277 ), #1974, .F. ) ;
#1782 = AXIS2_PLACEMENT_3D ( 'NONE', #492, #2222, #1379 ) ;
#1783 = FACE_OUTER_BOUND ( 'NONE', #130, .T. ) ;
#1784 = CARTESIAN_POINT ( 'NONE',  ( -7.732903600004811500, 0.0000000000000000000, -2.234737633416771000 ) ) ;
#1785 = EDGE_CURVE ( 'NONE', #1104, #1179, #1267, .T. ) ;
#1786 = EDGE_LOOP ( 'NONE', ( #1815, #658, #1609, #1628 ) ) ;
#1787 = EDGE_CURVE ( 'NONE', #554, #629, #1728, .T. ) ;
#1788 = VERTEX_POINT ( 'NONE', #952 ) ;
#1789 = ORIENTED_EDGE ( 'NONE', *, *, #814, .T. ) ;
#1790 = DIRECTION ( 'NONE',  ( 0.7981905255866343900, 0.0000000000000000000, -0.6024050836967864700 ) ) ;
#1791 = ORIENTED_EDGE ( 'NONE', *, *, #774, .T. ) ;
#1792 = ORIENTED_EDGE ( 'NONE', *, *, #2181, .T. ) ;
#1793 = ORIENTED_EDGE ( 'NONE', *, *, #2122, .F. ) ;
#1794 = AXIS2_PLACEMENT_3D ( 'NONE', #1240, #1749, #2091 ) ;
#1795 = LINE ( 'NONE', #1844, #935 ) ;
#1796 = VECTOR ( 'NONE', #970, 1000.000000000000000 ) ;
#1797 = CARTESIAN_POINT ( 'NONE',  ( -5.467588040595295200, -0.7000000000000009500, 0.0000000000000000000 ) ) ;
#1798 = AXIS2_PLACEMENT_3D ( 'NONE', #826, #1175, #1886 ) ;
#1799 = VECTOR ( 'NONE', #1901, 1000.000000000000000 ) ;
#1800 = CARTESIAN_POINT ( 'NONE',  ( 9.002901731109799900, -0.7000000000000009500, 6.794548521998492200 ) ) ;
#1801 = EDGE_LOOP ( 'NONE', ( #1313, #1861, #1393, #857, #1255, #351, #1083, #909, #499, #1906, #53 ) ) ;
#1802 = MECHANICAL_CONTEXT ( 'NONE', #420, 'mechanical' ) ;
#1803 = DIRECTION ( 'NONE',  ( 0.0000000000000000000, 0.0000000000000000000, 1.000000000000000000 ) ) ;
#1804 = PERSON_AND_ORGANIZATION ( #1848, #91 ) ;
#1805 = LINE ( 'NONE', #140, #2001 ) ;
#1806 = AXIS2_PLACEMENT_3D ( 'NONE', #928, #263, #1809 ) ;
#1807 = LINE ( 'NONE', #1536, #1868 ) ;
#1808 = DIRECTION ( 'NONE',  ( 0.0000000000000000000, 0.0000000000000000000, 1.000000000000000000 ) ) ;
#1809 = DIRECTION ( 'NONE',  ( 0.0000000000000000000, 0.0000000000000000000, -1.000000000000000000 ) ) ;
#1810 = VECTOR ( 'NONE', #2104, 1000.000000000000000 ) ;
#1811 = PERSON_AND_ORGANIZATION_ROLE ( 'creator' ) ;
#1812 = CARTESIAN_POINT ( 'NONE',  ( -7.732903600004814100, 9.000000000000001800, 4.665264166583197500 ) ) ;
#1813 = ORIENTED_EDGE ( 'NONE', *, *, #1335, .F. ) ;
#1814 = EDGE_CURVE ( 'NONE', #795, #1140, #355, .T. ) ;
#1815 = ORIENTED_EDGE ( 'NONE', *, *, #424, .F. ) ;
#1816 = EDGE_CURVE ( 'NONE', #1016, #378, #703, .T. ) ;
#1817 = CARTESIAN_POINT ( 'NONE',  ( 8.830092891249435600, -1.000000000000004900, 7.153263038824116300 ) ) ;
#1818 = ORIENTED_EDGE ( 'NONE', *, *, #1897, .T. ) ;
#1819 = CARTESIAN_POINT ( 'NONE',  ( -5.767588040595296800, 8.900000000000000400, 11.57675815442529900 ) ) ;
#1820 = VERTEX_POINT ( 'NONE', #131 ) ;
#1821 = EDGE_LOOP ( 'NONE', ( #7, #778, #661, #1036 ) ) ;
#1822 = CARTESIAN_POINT ( 'NONE',  ( -8.189802720452444600, 0.0000000000000000000, 6.707198160147892300 ) ) ;
#1823 = VECTOR ( 'NONE', #275, 1000.000000000000000 ) ;
#1824 = AXIS2_PLACEMENT_3D ( 'NONE', #1372, #521, #1541 ) ;
#1825 = APPROVAL_PERSON_ORGANIZATION ( #1859, #484, #1292 ) ;
#1826 = CARTESIAN_POINT ( 'NONE',  ( -5.797737960004766900, -1.000000000000000000, -5.770440633416779300 ) ) ;
#1827 = CARTESIAN_POINT ( 'NONE',  ( -5.797737960004766900, 0.0000000000000000000, -6.895439653416795900 ) ) ;
#1828 = VERTEX_POINT ( 'NONE', #1673 ) ;
#1829 = DIRECTION ( 'NONE',  ( -0.0000000000000000000, -1.000000000000000000, -0.0000000000000000000 ) ) ;
#1830 = ORIENTED_EDGE ( 'NONE', *, *, #1442, .T. ) ;
#1831 = CARTESIAN_POINT ( 'NONE',  ( -6.532905400004784400, 0.0000000000000000000, -1.034737633416771300 ) ) ;
#1832 = PERSON_AND_ORGANIZATION ( #1848, #91 ) ;
#1833 = DIRECTION ( 'NONE',  ( 0.0000000000000000000, 0.0000000000000000000, 1.000000000000000000 ) ) ;
#1834 = VECTOR ( 'NONE', #1648, 1000.000000000000000 ) ;
#1835 = LINE ( 'NONE', #1319, #2005 ) ;
#1836 = AXIS2_PLACEMENT_3D ( 'NONE', #354, #1563, #35 ) ;
#1837 = CARTESIAN_POINT ( 'NONE',  ( -3.767588040598624800, 3.933986331336726000, 14.13723868779651100 ) ) ;
#1838 = VERTEX_POINT ( 'NONE', #1306 ) ;
#1839 = CARTESIAN_POINT ( 'NONE',  ( 5.208447199995270600, 0.0000000000000000000, -2.217981439660795300 ) ) ;
#1840 = EDGE_LOOP ( 'NONE', ( #502, #1712, #764, #1963 ) ) ;
#1841 = DIRECTION ( 'NONE',  ( 0.0000000000000000000, 0.0000000000000000000, -1.000000000000000000 ) ) ;
#1842 = EDGE_CURVE ( 'NONE', #2155, #1272, #2133, .T. ) ;
#1843 = ORIENTED_EDGE ( 'NONE', *, *, #762, .F. ) ;
#1844 = CARTESIAN_POINT ( 'NONE',  ( 4.791180021403052400, 2.933986331336726000, 0.0000000000000000000 ) ) ;
#1845 = DIRECTION ( 'NONE',  ( -1.172110456741086100E-016, 0.0000000000000000000, 1.000000000000000000 ) ) ;
#1846 = VERTEX_POINT ( 'NONE', #985 ) ;
#1847 = VERTEX_POINT ( 'NONE', #1119 ) ;
#1848 = PERSON ( '未指定', '未指定', '未指定', ('未指定'), ('未指定'), ('未指定') ) ;
#1849 = VERTEX_POINT ( 'NONE', #432 ) ;
#1850 = CARTESIAN_POINT ( 'NONE',  ( 0.0000000000000000000, -1.000000000000000000, 0.0000000000000000000 ) ) ;
#1851 = CARTESIAN_POINT ( 'NONE',  ( -6.632903600004810900, 0.0000000000000000000, -2.234737633416771000 ) ) ;
#1852 = EDGE_LOOP ( 'NONE', ( #317, #74, #841, #2229 ) ) ;
#1853 = CARTESIAN_POINT ( 'NONE',  ( 3.791180021403051100, 2.933986331336726000, 13.13723868779650900 ) ) ;
#1854 = LINE ( 'NONE', #805, #32 ) ;
#1855 = CARTESIAN_POINT ( 'NONE',  ( 5.208447199995269700, 0.0000000000000000000, 4.665314966583238700 ) ) ;
#1856 = FACE_OUTER_BOUND ( 'NONE', #27, .T. ) ;
#1857 = DIRECTION ( 'NONE',  ( 0.0000000000000000000, 0.0000000000000000000, 1.000000000000000000 ) ) ;
#1858 = DIRECTION ( 'NONE',  ( 0.0000000000000000000, 1.000000000000000000, -0.0000000000000000000 ) ) ;
#1859 = PERSON_AND_ORGANIZATION ( #1848, #91 ) ;
#1860 = DIRECTION ( 'NONE',  ( 0.0000000000000000000, 0.0000000000000000000, -1.000000000000000000 ) ) ;
#1861 = ORIENTED_EDGE ( 'NONE', *, *, #1931, .F. ) ;
#1862 = EDGE_CURVE ( 'NONE', #2090, #1051, #1456, .T. ) ;
#1863 = LOCAL_TIME ( 11, 44, 30.00000000000000000, #2032 ) ;
#1864 = CARTESIAN_POINT ( 'NONE',  ( -8.232903600004814100, 9.000000000000001800, 4.665264166583197500 ) ) ;
#1865 = LINE ( 'NONE', #2217, #426 ) ;
#1866 = DIRECTION ( 'NONE',  ( 0.7981905255866333900, 0.0000000000000000000, -0.6024050836967879100 ) ) ;
#1867 = ADVANCED_FACE ( 'NONE', ( #1981 ), #1125, .T. ) ;
#1868 = VECTOR ( 'NONE', #1009, 1000.000000000000000 ) ;
#1869 = CARTESIAN_POINT ( 'NONE',  ( -6.532905400004784400, 1.399999999999999900, -1.034737633416771300 ) ) ;
#1870 = CARTESIAN_POINT ( 'NONE',  ( 6.408445399995244400, 1.399999999999999900, -1.034686833416786900 ) ) ;
#1871 = ORIENTED_EDGE ( 'NONE', *, *, #1242, .F. ) ;
#1872 = SECURITY_CLASSIFICATION ( '', '', #954 ) ;
#1873 = CARTESIAN_POINT ( 'NONE',  ( 5.491180021403108600, 8.900000000000000400, 13.83723868779651100 ) ) ;
#1874 = CARTESIAN_POINT ( 'NONE',  ( -5.467588040595295200, -0.7000000000000009500, 13.83723868779651100 ) ) ;
#1875 = VERTEX_POINT ( 'NONE', #1163 ) ;
#1876 = DIRECTION ( 'NONE',  ( 0.0000000000000000000, 1.000000000000000000, -0.0000000000000000000 ) ) ;
#1877 = EDGE_CURVE ( 'NONE', #1846, #402, #943, .T. ) ;
#1878 = CARTESIAN_POINT ( 'NONE',  ( 4.708447199995270600, 0.0000000000000000000, -1.634685033416760600 ) ) ;
#1879 = CARTESIAN_POINT ( 'NONE',  ( -7.732903600004814100, 0.0000000000000000000, 4.865264166583197700 ) ) ;
#1880 = EDGE_LOOP ( 'NONE', ( #1881, #1813, #254, #1624 ) ) ;
#1881 = ORIENTED_EDGE ( 'NONE', *, *, #1385, .F. ) ;
#1882 = EDGE_LOOP ( 'NONE', ( #1229, #1632, #860, #1432, #220 ) ) ;
#1883 = CARTESIAN_POINT ( 'NONE',  ( 0.0000000000000000000, 8.900000000000000400, -10.58581011351619100 ) ) ;
#1884 = CARTESIAN_POINT ( 'NONE',  ( -7.132903600004814500, 0.0000000000000000000, -2.734735833416801000 ) ) ;
#1885 = FACE_OUTER_BOUND ( 'NONE', #1852, .T. ) ;
#1886 = DIRECTION ( 'NONE',  ( -1.000000000000000000, 0.0000000000000000000, -1.807006331318710400E-016 ) ) ;
#1887 = CIRCLE ( 'NONE', #1938, 0.2999999999999999300 ) ;
#1888 = CARTESIAN_POINT ( 'NONE',  ( -5.797737960004766900, 0.0000000000000000000, -5.770440633416779300 ) ) ;
#1889 = AXIS2_PLACEMENT_3D ( 'NONE', #984, #1148, #1857 ) ;
#1890 = EDGE_LOOP ( 'NONE', ( #1629, #1352, #316, #1551 ) ) ;
#1891 = DIRECTION ( 'NONE',  ( -1.000000000000000000, 0.0000000000000000000, -0.0000000000000000000 ) ) ;
#1892 = ADVANCED_FACE ( 'NONE', ( #1154 ), #2157, .F. ) ;
#1893 = CARTESIAN_POINT ( 'NONE',  ( -4.767588040598624800, 2.933986331336726000, 13.13723868779650900 ) ) ;
#1894 = ORIENTED_EDGE ( 'NONE', *, *, #1189, .T. ) ;
#1895 = CARTESIAN_POINT ( 'NONE',  ( 4.708447199995269700, 9.000000000000001800, 4.665314966583238700 ) ) ;
#1896 = CIRCLE ( 'NONE', #329, 11.58581011351193300 ) ;
#1897 = EDGE_CURVE ( 'NONE', #1846, #626, #1214, .T. ) ;
#1898 = DIRECTION ( 'NONE',  ( 0.0000000000000000000, 1.000000000000000000, -0.0000000000000000000 ) ) ;
#1899 = VECTOR ( 'NONE', #1320, 1000.000000000000000 ) ;
#1900 = VECTOR ( 'NONE', #1482, 1000.000000000000000 ) ;
#1901 = DIRECTION ( 'NONE',  ( 1.224517072621457500E-016, 0.0000000000000000000, -1.000000000000000000 ) ) ;
#1902 = ORIENTED_EDGE ( 'NONE', *, *, #776, .T. ) ;
#1903 = CARTESIAN_POINT ( 'NONE',  ( 5.208447199995270600, 0.0000000000000000000, -1.117981439660795200 ) ) ;
#1904 = ORIENTED_EDGE ( 'NONE', *, *, #2111, .F. ) ;
#1905 = ADVANCED_FACE ( 'NONE', ( #205 ), #148, .F. ) ;
#1906 = ORIENTED_EDGE ( 'NONE', *, *, #1532, .T. ) ;
#1907 = AXIS2_PLACEMENT_3D ( 'NONE', #620, #443, #1141 ) ;
#1908 = CARTESIAN_POINT ( 'NONE',  ( -8.977289996975727600, -0.7792542926973397000, 7.323882870209963900 ) ) ;
#1909 = VERTEX_POINT ( 'NONE', #1012 ) ;
#1910 = EDGE_CURVE ( 'NONE', #1739, #190, #229, .T. ) ;
#1911 = DIRECTION ( 'NONE',  ( 0.0000000000000000000, 0.0000000000000000000, 1.000000000000000000 ) ) ;
#1912 = EDGE_CURVE ( 'NONE', #850, #629, #2219, .T. ) ;
#1913 = ORIENTED_EDGE ( 'NONE', *, *, #762, .T. ) ;
#1914 = ORIENTED_EDGE ( 'NONE', *, *, #1705, .T. ) ;
#1915 = LINE ( 'NONE', #607, #1143 ) ;
#1916 = PLANE ( 'NONE',  #178 ) ;
#1917 = DIRECTION ( 'NONE',  ( -1.000000000000000000, 0.0000000000000000000, -0.0000000000000000000 ) ) ;
#1918 = ADVANCED_FACE ( 'NONE', ( #1246 ), #1178, .T. ) ;
#1919 = FACE_OUTER_BOUND ( 'NONE', #1329, .T. ) ;
#1920 = EDGE_CURVE ( 'NONE', #1788, #83, #757, .T. ) ;
#1921 = CYLINDRICAL_SURFACE ( 'NONE', #1228, 1.100000000000000100 ) ;
#1922 = ORIENTED_EDGE ( 'NONE', *, *, #307, .T. ) ;
#1923 = DIRECTION ( 'NONE',  ( 0.0000000000000000000, 1.000000000000000000, -0.0000000000000000000 ) ) ;
#1924 = AXIS2_PLACEMENT_3D ( 'NONE', #649, #1858, #1347 ) ;
#1925 = DIRECTION ( 'NONE',  ( 1.000000000000000000, 0.0000000000000000000, 0.0000000000000000000 ) ) ;
#1926 = SHAPE_DEFINITION_REPRESENTATION ( #1375, #51 ) ;
#1927 = PLANE ( 'NONE',  #1688 ) ;
#1928 = FACE_OUTER_BOUND ( 'NONE', #1786, .T. ) ;
#1929 = CARTESIAN_POINT ( 'NONE',  ( 6.508443599995218600, -1.000000000000000000, -1.117981439660794800 ) ) ;
#1930 = CARTESIAN_POINT ( 'NONE',  ( 5.491180021403108600, -1.000000000000000000, 11.44764436157240100 ) ) ;
#1931 = EDGE_CURVE ( 'NONE', #172, #1295, #675, .T. ) ;
#1932 = CYLINDRICAL_SURFACE ( 'NONE', #1726, 1.100000000000000100 ) ;
#1933 = ADVANCED_FACE ( 'NONE', ( #804 ), #209, .F. ) ;
#1934 = VERTEX_POINT ( 'NONE', #1580 ) ;
#1935 = ORIENTED_EDGE ( 'NONE', *, *, #1013, .T. ) ;
#1936 = CARTESIAN_POINT ( 'NONE',  ( 6.508443599995218600, 0.0000000000000000000, -1.117981439660794800 ) ) ;
#1937 = DIRECTION ( 'NONE',  ( 0.0000000000000000000, 0.0000000000000000000, -1.000000000000000000 ) ) ;
#1938 = AXIS2_PLACEMENT_3D ( 'NONE', #1631, #265, #1803 ) ;
#1939 = ORIENTED_EDGE ( 'NONE', *, *, #1877, .F. ) ;
#1940 = AXIS2_PLACEMENT_3D ( 'NONE', #1007, #654, #1514 ) ;
#1941 = ORIENTED_EDGE ( 'NONE', *, *, #6, .F. ) ;
#1942 = VERTEX_POINT ( 'NONE', #716 ) ;
#1943 = DIRECTION ( 'NONE',  ( 0.0000000000000000000, 0.0000000000000000000, -1.000000000000000000 ) ) ;
#1944 = ADVANCED_FACE ( 'NONE', ( #249 ), #1916, .F. ) ;
#1945 = CARTESIAN_POINT ( 'NONE',  ( -4.767588040598624800, 2.933986331336726000, 0.0000000000000000000 ) ) ;
#1946 = EDGE_CURVE ( 'NONE', #470, #601, #782, .T. ) ;
#1947 = ORIENTED_EDGE ( 'NONE', *, *, #359, .T. ) ;
#1948 = EDGE_CURVE ( 'NONE', #2090, #1476, #330, .T. ) ;
#1949 = AXIS2_PLACEMENT_3D ( 'NONE', #1753, #197, #1937 ) ;
#1950 = LINE ( 'NONE', #2107, #1472 ) ;
#1951 = LINE ( 'NONE', #386, #1748 ) ;
#1952 = ORIENTED_EDGE ( 'NONE', *, *, #1627, .T. ) ;
#1953 = DIRECTION ( 'NONE',  ( 0.0000000000000000000, 0.0000000000000000000, 1.000000000000000000 ) ) ;
#1954 = EDGE_LOOP ( 'NONE', ( #742, #688, #533, #1367 ) ) ;
#1955 = PRODUCT_DEFINITION_FORMATION_WITH_SPECIFIED_SOURCE ( '任何', '', #1642, .NOT_KNOWN. ) ;
#1956 = VECTOR ( 'NONE', #127, 1000.000000000000000 ) ;
#1957 = VECTOR ( 'NONE', #2019, 1000.000000000000100 ) ;
#1958 = VECTOR ( 'NONE', #570, 1000.000000000000000 ) ;
#1959 = ORIENTED_EDGE ( 'NONE', *, *, #1532, .F. ) ;
#1960 = ORIENTED_EDGE ( 'NONE', *, *, #246, .T. ) ;
#1961 = CARTESIAN_POINT ( 'NONE',  ( 5.808447199995271100, 9.000000000000001800, -1.634685033416760400 ) ) ;
#1962 = ADVANCED_FACE ( 'NONE', ( #1643 ), #1210, .T. ) ;
#1963 = ORIENTED_EDGE ( 'NONE', *, *, #2009, .F. ) ;
#1964 = DIRECTION ( 'NONE',  ( -0.6025484994786115500, 0.0000000000000000000, -0.7980822675489499500 ) ) ;
#1965 = EDGE_LOOP ( 'NONE', ( #931, #957, #1969, #656 ) ) ;
#1966 = AXIS2_PLACEMENT_3D ( 'NONE', #543, #1230, #208 ) ;
#1967 = ORIENTED_EDGE ( 'NONE', *, *, #862, .T. ) ;
#1968 = ORIENTED_EDGE ( 'NONE', *, *, #1618, .F. ) ;
#1969 = ORIENTED_EDGE ( 'NONE', *, *, #2058, .F. ) ;
#1970 = VECTOR ( 'NONE', #689, 1000.000000000000000 ) ;
#1971 = EDGE_CURVE ( 'NONE', #626, #2155, #2106, .T. ) ;
#1972 = DIRECTION ( 'NONE',  ( 0.0000000000000000000, 1.000000000000000000, 0.0000000000000000000 ) ) ;
#1973 = CYLINDRICAL_SURFACE ( 'NONE', #260, 1.124999020000017100 ) ;
#1974 = PLANE ( 'NONE',  #1806 ) ;
#1975 = VECTOR ( 'NONE', #983, 1000.000000000000000 ) ;
#1976 = CARTESIAN_POINT ( 'NONE',  ( -4.832907200004754600, 0.0000000000000000000, -0.0000000000000000000 ) ) ;
#1977 = DIRECTION ( 'NONE',  ( -0.0000000000000000000, -1.000000000000000000, 0.0000000000000000000 ) ) ;
#1978 = ORIENTED_EDGE ( 'NONE', *, *, #1578, .F. ) ;
#1979 = CALENDAR_DATE ( 2024, 10, 9 ) ;
#1980 = CARTESIAN_POINT ( 'NONE',  ( 5.491180021403108600, -0.7000000000000009500, 13.83723868779651100 ) ) ;
#1981 = FACE_OUTER_BOUND ( 'NONE', #990, .T. ) ;
#1982 = LINE ( 'NONE', #788, #1957 ) ;
#1983 = DIRECTION ( 'NONE',  ( 0.0000000000000000000, 0.0000000000000000000, 1.000000000000000000 ) ) ;
#1984 = EDGE_CURVE ( 'NONE', #927, #565, #1805, .T. ) ;
#1985 = ORIENTED_EDGE ( 'NONE', *, *, #1452, .F. ) ;
#1986 = VERTEX_POINT ( 'NONE', #155 ) ;
#1987 = APPROVAL_ROLE ( '' ) ;
#1988 = ORIENTED_EDGE ( 'NONE', *, *, #834, .T. ) ;
#1989 = ORIENTED_EDGE ( 'NONE', *, *, #1730, .F. ) ;
#1990 = AXIS2_PLACEMENT_3D ( 'NONE', #1478, #1309, #1487 ) ;
#1991 = ORIENTED_EDGE ( 'NONE', *, *, #1592, .F. ) ;
#1992 = PERSON_AND_ORGANIZATION_ROLE ( 'creator' ) ;
#1993 = FACE_OUTER_BOUND ( 'NONE', #915, .T. ) ;
#1994 = DIRECTION ( 'NONE',  ( 0.0000000000000000000, 0.0000000000000000000, 1.000000000000000000 ) ) ;
#1995 = CYLINDRICAL_SURFACE ( 'NONE', #1453, 1.183294606244007500 ) ;
#1996 = EDGE_LOOP ( 'NONE', ( #284, #980, #953, #1737 ) ) ;
#1997 = CARTESIAN_POINT ( 'NONE',  ( 3.791180021403051100, 3.933986331336726000, 14.13723868779651100 ) ) ;
#1998 = EDGE_LOOP ( 'NONE', ( #414, #1235, #686, #321 ) ) ;
#1999 = EDGE_CURVE ( 'NONE', #2153, #1058, #1780, .T. ) ;
#2000 = CARTESIAN_POINT ( 'NONE',  ( 6.408445399995244400, 0.0000000000000000000, -1.034686833416786900 ) ) ;
#2001 = VECTOR ( 'NONE', #824, 1000.000000000000000 ) ;
#2002 = CARTESIAN_POINT ( 'NONE',  ( -4.832907200004754600, -1.000000000000000000, -2.734735833416801000 ) ) ;
#2003 = AXIS2_PLACEMENT_3D ( 'NONE', #1873, #1529, #2072 ) ;
#2004 = VECTOR ( 'NONE', #283, 1000.000000000000000 ) ;
#2005 = VECTOR ( 'NONE', #1495, 1000.000000000000000 ) ;
#2006 = EDGE_LOOP ( 'NONE', ( #768, #1241, #1323, #683 ) ) ;
#2007 = DIRECTION ( 'NONE',  ( -0.0000000000000000000, -1.000000000000000000, -0.0000000000000000000 ) ) ;
#2008 = EDGE_CURVE ( 'NONE', #1355, #378, #2060, .T. ) ;
#2009 = EDGE_CURVE ( 'NONE', #411, #362, #2034, .T. ) ;
#2010 = CARTESIAN_POINT ( 'NONE',  ( 4.791180021403052400, 2.933986331336726000, 13.13723868779650900 ) ) ;
#2011 = ORIENTED_EDGE ( 'NONE', *, *, #1654, .T. ) ;
#2012 = DIRECTION ( 'NONE',  ( 0.0000000000000000000, -1.000000000000000000, 0.0000000000000000000 ) ) ;
#2013 = CARTESIAN_POINT ( 'NONE',  ( -5.767588040595295100, 8.900000000000000400, 13.83723868779651100 ) ) ;
#2014 = VERTEX_POINT ( 'NONE', #687 ) ;
#2015 = DIRECTION ( 'NONE',  ( 0.0000000000000000000, 1.000000000000000000, -0.0000000000000000000 ) ) ;
#2016 = ORIENTED_EDGE ( 'NONE', *, *, #919, .F. ) ;
#2017 = VERTEX_POINT ( 'NONE', #839 ) ;
#2018 = ORIENTED_EDGE ( 'NONE', *, *, #734, .F. ) ;
#2019 = DIRECTION ( 'NONE',  ( 0.6024015796565142000, 0.0000000000000000000, -0.7981931701207022300 ) ) ;
#2020 = DIRECTION ( 'NONE',  ( 1.000000000000000000, 0.0000000000000000000, 0.0000000000000000000 ) ) ;
#2021 = CIRCLE ( 'NONE', #707, 1.124999020000017100 ) ;
#2022 = DIRECTION ( 'NONE',  ( 0.0000000000000000000, 1.000000000000000000, -0.0000000000000000000 ) ) ;
#2023 = COORDINATED_UNIVERSAL_TIME_OFFSET ( 8, 0, .AHEAD. ) ;
#2024 = DIRECTION ( 'NONE',  ( -1.000000000000000000, 0.0000000000000000000, 0.0000000000000000000 ) ) ;
#2025 = EDGE_CURVE ( 'NONE', #1535, #1295, #1318, .T. ) ;
#2026 = CARTESIAN_POINT ( 'NONE',  ( -3.767588040598624800, 3.933986331336726000, 13.13723868779650900 ) ) ;
#2027 = FACE_OUTER_BOUND ( 'NONE', #1882, .T. ) ;
#2028 = EDGE_CURVE ( 'NONE', #795, #1788, #1055, .T. ) ;
#2029 = ORIENTED_EDGE ( 'NONE', *, *, #2040, .T. ) ;
#2030 = DIRECTION ( 'NONE',  ( -0.0000000000000000000, -1.000000000000000000, 0.0000000000000000000 ) ) ;
#2031 = DIRECTION ( 'NONE',  ( -0.0000000000000000000, 0.0000000000000000000, 1.000000000000000000 ) ) ;
#2032 = COORDINATED_UNIVERSAL_TIME_OFFSET ( 8, 0, .AHEAD. ) ;
#2033 = DIRECTION ( 'NONE',  ( 0.6024050836967879100, 0.0000000000000000000, 0.7981905255866333900 ) ) ;
#2034 = LINE ( 'NONE', #1700, #1622 ) ;
#2035 = CARTESIAN_POINT ( 'NONE',  ( -8.977289996975725800, -0.7000000000000009500, 7.323882870209963900 ) ) ;
#2036 = LINE ( 'NONE', #1690, #1378 ) ;
#2037 = AXIS2_PLACEMENT_3D ( 'NONE', #1171, #311, #1338 ) ;
#2038 = CARTESIAN_POINT ( 'NONE',  ( 0.0000000000000000000, 8.900000000000000400, -11.58581011351193300 ) ) ;
#2039 = PLANE ( 'NONE',  #2083 ) ;
#2040 = EDGE_CURVE ( 'NONE', #215, #1333, #1101, .T. ) ;
#2041 = VERTEX_POINT ( 'NONE', #830 ) ;
#2042 = CARTESIAN_POINT ( 'NONE',  ( -6.632903600004810900, 0.0000000000000000000, -1.134737633416770700 ) ) ;
#2043 = AXIS2_PLACEMENT_3D ( 'NONE', #1870, #674, #2062 ) ;
#2044 = VERTEX_POINT ( 'NONE', #525 ) ;
#2045 = ADVANCED_FACE ( 'NONE', ( #1928 ), #170, .T. ) ;
#2046 = ORIENTED_EDGE ( 'NONE', *, *, #617, .F. ) ;
#2047 = CARTESIAN_POINT ( 'NONE',  ( 6.308447199995271100, 0.0000000000000000000, -1.117981439660795200 ) ) ;
#2048 = ORIENTED_EDGE ( 'NONE', *, *, #644, .F. ) ;
#2049 = CARTESIAN_POINT ( 'NONE',  ( -5.332907200004755500, -1.000000000000000000, 4.665264166583198400 ) ) ;
#2050 = AXIS2_PLACEMENT_3D ( 'NONE', #763, #1430, #922 ) ;
#2051 = AXIS2_PLACEMENT_3D ( 'NONE', #1322, #808, #1314 ) ;
#2052 = FACE_OUTER_BOUND ( 'NONE', #1745, .T. ) ;
#2053 = DIRECTION ( 'NONE',  ( 2.551066636389345200E-016, 0.0000000000000000000, -1.000000000000000000 ) ) ;
#2054 = ADVANCED_FACE ( 'NONE', ( #488 ), #1756, .F. ) ;
#2055 = VECTOR ( 'NONE', #501, 1000.000000000000000 ) ;
#2056 = CARTESIAN_POINT ( 'NONE',  ( 8.443026260043552600, 8.900000000000000400, 6.374403135447551000 ) ) ;
#2057 = ORIENTED_EDGE ( 'NONE', *, *, #1677, .T. ) ;
#2058 = EDGE_CURVE ( 'NONE', #1942, #728, #147, .T. ) ;
#2059 = ORIENTED_EDGE ( 'NONE', *, *, #2096, .F. ) ;
#2060 = CIRCLE ( 'NONE', #1555, 1.183294606244007500 ) ;
#2061 = VECTOR ( 'NONE', #796, 1000.000000000000000 ) ;
#2062 = DIRECTION ( 'NONE',  ( 0.0000000000000000000, 0.0000000000000000000, 1.000000000000000000 ) ) ;
#2063 = VECTOR ( 'NONE', #1162, 1000.000000000000000 ) ;
#2064 = ADVANCED_FACE ( 'NONE', ( #591 ), #1133, .F. ) ;
#2065 = CC_DESIGN_APPROVAL ( #1284, ( #1955 ) ) ;
#2066 = ORIENTED_EDGE ( 'NONE', *, *, #632, .T. ) ;
#2067 = ORIENTED_EDGE ( 'NONE', *, *, #884, .T. ) ;
#2068 = ORIENTED_EDGE ( 'NONE', *, *, #5, .T. ) ;
#2069 = CARTESIAN_POINT ( 'NONE',  ( 5.791180021403108400, -0.7000000000000009500, 11.54814550733351900 ) ) ;
#2070 = ORIENTED_EDGE ( 'NONE', *, *, #2191, .T. ) ;
#2071 = ORIENTED_EDGE ( 'NONE', *, *, #2122, .T. ) ;
#2072 = DIRECTION ( 'NONE',  ( 0.0000000000000000000, 0.0000000000000000000, 1.000000000000000000 ) ) ;
#2073 = CARTESIAN_POINT ( 'NONE',  ( -8.864658024734344700, -0.9674397578611441100, 7.235478517640146400 ) ) ;
#2074 = VECTOR ( 'NONE', #1465, 1000.000000000000000 ) ;
#2075 = DIRECTION ( 'NONE',  ( 0.0000000000000000000, 0.0000000000000000000, -1.000000000000000000 ) ) ;
#2076 = VECTOR ( 'NONE', #1449, 1000.000000000000000 ) ;
#2077 = FACE_BOUND ( 'NONE', #159, .T. ) ;
#2078 = CARTESIAN_POINT ( 'NONE',  ( 4.708447199995269700, -1.000000000000000000, 4.665314966583238700 ) ) ;
#2079 = EDGE_LOOP ( 'NONE', ( #1843, #1515, #2102, #1122 ) ) ;
#2080 = PLANE ( 'NONE',  #1635 ) ;
#2081 = DIRECTION ( 'NONE',  ( 1.000000000000000000, 0.0000000000000000000, 1.221635940977377400E-016 ) ) ;
#2082 = EDGE_CURVE ( 'NONE', #1104, #215, #1571, .T. ) ;
#2083 = AXIS2_PLACEMENT_3D ( 'NONE', #2207, #11, #869 ) ;
#2084 = LOCAL_TIME ( 11, 44, 30.00000000000000000, #1670 ) ;
#2085 = VECTOR ( 'NONE', #532, 1000.000000000000000 ) ;
#2086 = FACE_OUTER_BOUND ( 'NONE', #1890, .T. ) ;
#2087 = ORIENTED_EDGE ( 'NONE', *, *, #505, .F. ) ;
#2088 = PLANE ( 'NONE',  #898 ) ;
#2089 = CARTESIAN_POINT ( 'NONE',  ( 8.216235163039764100, 0.0000000000000000000, 6.674792543970991900 ) ) ;
#2090 = VERTEX_POINT ( 'NONE', #288 ) ;
#2091 = DIRECTION ( 'NONE',  ( 0.0000000000000000000, 0.0000000000000000000, 1.000000000000000000 ) ) ;
#2092 = DIRECTION ( 'NONE',  ( -1.000000000000000000, 0.0000000000000000000, 0.0000000000000000000 ) ) ;
#2093 = ADVANCED_FACE ( 'NONE', ( #1403, #43, #94, #1346, #896 ), #1492, .F. ) ;
#2094 = DIRECTION ( 'NONE',  ( 0.0000000000000000000, -1.000000000000000000, 0.0000000000000000000 ) ) ;
#2095 = ORIENTED_EDGE ( 'NONE', *, *, #2213, .F. ) ;
#2096 = EDGE_CURVE ( 'NONE', #1333, #215, #893, .T. ) ;
#2097 = DIRECTION ( 'NONE',  ( 0.0000000000000000000, 0.0000000000000000000, 1.000000000000000000 ) ) ;
#2098 = EDGE_LOOP ( 'NONE', ( #1914, #579, #1414, #468 ) ) ;
#2099 = VERTEX_POINT ( 'NONE', #988 ) ;
#2100 = VECTOR ( 'NONE', #2007, 1000.000000000000000 ) ;
#2101 = FACE_BOUND ( 'NONE', #423, .T. ) ;
#2102 = ORIENTED_EDGE ( 'NONE', *, *, #1102, .F. ) ;
#2103 = CC_DESIGN_PERSON_AND_ORGANIZATION_ASSIGNMENT ( #425, #2158, ( #1872 ) ) ;
#2104 = DIRECTION ( 'NONE',  ( 0.6024050836967879100, 0.0000000000000000000, 0.7981905255866333900 ) ) ;
#2105 = VERTEX_POINT ( 'NONE', #1150 ) ;
#2106 = CIRCLE ( 'NONE', #223, 0.2999999999999999300 ) ;
#2107 = CARTESIAN_POINT ( 'NONE',  ( 0.0000000000000000000, 8.900000000000000400, -10.58581011351619100 ) ) ;
#2108 = FACE_OUTER_BOUND ( 'NONE', #2138, .T. ) ;
#2109 = CIRCLE ( 'NONE', #1585, 1.100000000000000100 ) ;
#2110 = CARTESIAN_POINT ( 'NONE',  ( 4.708447199995269700, 9.000000000000001800, 4.665314966583238700 ) ) ;
#2111 = EDGE_CURVE ( 'NONE', #1051, #554, #1865, .T. ) ;
#2112 = ORIENTED_EDGE ( 'NONE', *, *, #774, .F. ) ;
#2113 = ADVANCED_FACE ( 'NONE', ( #404 ), #1525, .F. ) ;
#2114 = DIRECTION ( 'NONE',  ( -1.224517072621457500E-016, 0.0000000000000000000, 1.000000000000000000 ) ) ;
#2115 = ORIENTED_EDGE ( 'NONE', *, *, #1423, .F. ) ;
#2116 = AXIS2_PLACEMENT_3D ( 'NONE', #1232, #210, #1247 ) ;
#2117 = VERTEX_POINT ( 'NONE', #325 ) ;
#2118 = ORIENTED_EDGE ( 'NONE', *, *, #2009, .T. ) ;
#2119 = EDGE_CURVE ( 'NONE', #1044, #193, #863, .T. ) ;
#2120 = EDGE_CURVE ( 'NONE', #1604, #1517, #1212, .T. ) ;
#2121 = VERTEX_POINT ( 'NONE', #1357 ) ;
#2122 = EDGE_CURVE ( 'NONE', #1739, #1295, #940, .T. ) ;
#2123 = DIRECTION ( 'NONE',  ( -0.0000000000000000000, 1.000000000000000000, -0.0000000000000000000 ) ) ;
#2124 = ADVANCED_FACE ( 'NONE', ( #1538 ), #1558, .T. ) ;
#2125 = DATE_AND_TIME ( #194, #855 ) ;
#2126 = CIRCLE ( 'NONE', #637, 11.28581011351193200 ) ;
#2127 = LINE ( 'NONE', #1751, #141 ) ;
#2128 = ORIENTED_EDGE ( 'NONE', *, *, #2132, .F. ) ;
#2129 = AXIS2_PLACEMENT_3D ( 'NONE', #1325, #2033, #1790 ) ;
#2130 = APPROVAL_PERSON_ORGANIZATION ( #353, #1284, #1987 ) ;
#2131 = CARTESIAN_POINT ( 'NONE',  ( 4.708447199995269700, 9.000000000000001800, 4.665314966583238700 ) ) ;
#2132 = EDGE_CURVE ( 'NONE', #1934, #377, #144, .T. ) ;
#2133 = LINE ( 'NONE', #2013, #831 ) ;
#2134 = ADVANCED_FACE ( 'NONE', ( #619 ), #2080, .T. ) ;
#2135 = EDGE_CURVE ( 'NONE', #200, #2041, #1100, .T. ) ;
#2136 = FACE_OUTER_BOUND ( 'NONE', #1152, .T. ) ;
#2137 = ORIENTED_EDGE ( 'NONE', *, *, #1946, .F. ) ;
#2138 = EDGE_LOOP ( 'NONE', ( #235, #1494, #1947, #1991 ) ) ;
#2139 = ORIENTED_EDGE ( 'NONE', *, *, #1287, .T. ) ;
#2140 = ORIENTED_EDGE ( 'NONE', *, *, #1578, .T. ) ;
#2141 = AXIS2_PLACEMENT_3D ( 'NONE', #740, #790, #399 ) ;
#2142 = AXIS2_PLACEMENT_3D ( 'NONE', #463, #1860, #2208 ) ;
#2143 = ORIENTED_EDGE ( 'NONE', *, *, #21, .F. ) ;
#2144 = CARTESIAN_POINT ( 'NONE',  ( -9.500000000000000000, 3.500000000000000000, 0.0000000000000000000 ) ) ;
#2145 = ORIENTED_EDGE ( 'NONE', *, *, #261, .F. ) ;
#2146 = EDGE_CURVE ( 'NONE', #717, #927, #1265, .T. ) ;
#2147 = AXIS2_PLACEMENT_3D ( 'NONE', #522, #844, #2075 ) ;
#2148 = LINE ( 'NONE', #1644, #447 ) ;
#2149 = CARTESIAN_POINT ( 'NONE',  ( 5.208447199995270600, -1.000000000000000000, -2.217981439660795300 ) ) ;
#2150 = PERSON_AND_ORGANIZATION_ROLE ( 'design_owner' ) ;
#2151 = LINE ( 'NONE', #1416, #421 ) ;
#2152 = CARTESIAN_POINT ( 'NONE',  ( -6.432907200004755100, 0.0000000000000000000, -2.234737633416771000 ) ) ;
#2153 = VERTEX_POINT ( 'NONE', #1827 ) ;
#2154 = AXIS2_PLACEMENT_3D ( 'NONE', #453, #2161, #1653 ) ;
#2155 = VERTEX_POINT ( 'NONE', #786 ) ;
#2156 = AXIS2_PLACEMENT_3D ( 'NONE', #1221, #2092, #1067 ) ;
#2157 = CYLINDRICAL_SURFACE ( 'NONE', #1200, 1.100000000000000100 ) ;
#2158 = PERSON_AND_ORGANIZATION_ROLE ( 'classification_officer' ) ;
#2159 = DIRECTION ( 'NONE',  ( 0.0000000000000000000, -0.0000000000000000000, -1.000000000000000000 ) ) ;
#2160 = CYLINDRICAL_SURFACE ( 'NONE', #1699, 1.124999020000017100 ) ;
#2161 = DIRECTION ( 'NONE',  ( -0.7981931701207023400, 0.0000000000000000000, -0.6024015796565143100 ) ) ;
#2162 = EDGE_CURVE ( 'NONE', #1434, #1689, #2184, .T. ) ;
#2163 = CYLINDRICAL_SURFACE ( 'NONE', #1072, 0.2999999999999999300 ) ;
#2164 = VERTEX_POINT ( 'NONE', #1645 ) ;
#2165 = DATE_TIME_ROLE ( 'classification_date' ) ;
#2166 = DIRECTION ( 'NONE',  ( 0.0000000000000000000, 0.0000000000000000000, -1.000000000000000000 ) ) ;
#2167 = ORIENTED_EDGE ( 'NONE', *, *, #884, .F. ) ;
#2168 = CARTESIAN_POINT ( 'NONE',  ( -7.732903600004814100, 0.0000000000000000000, 4.665264166583197500 ) ) ;
#2169 = ORIENTED_EDGE ( 'NONE', *, *, #2082, .T. ) ;
#2170 = CARTESIAN_POINT ( 'NONE',  ( 0.0000000000000000000, -0.7000000000000009500, 0.0000000000000000000 ) ) ;
#2171 = CC_DESIGN_APPROVAL ( #484, ( #1872 ) ) ;
#2172 = ORIENTED_EDGE ( 'NONE', *, *, #1158, .T. ) ;
#2173 = DIRECTION ( 'NONE',  ( -1.000000000000000000, 0.0000000000000000000, 0.0000000000000000000 ) ) ;
#2174 = LINE ( 'NONE', #2175, #1721 ) ;
#2175 = CARTESIAN_POINT ( 'NONE',  ( -9.001619269784368900, -1.000000000000000000, 6.793642665246739700 ) ) ;
#2176 = VECTOR ( 'NONE', #273, 1000.000000000000000 ) ;
#2177 = CARTESIAN_POINT ( 'NONE',  ( -1.190139976531314400E-015, 0.0000000000000000000, 4.665264166583199300 ) ) ;
#2178 = DIRECTION ( 'NONE',  ( -0.0000000000000000000, 1.000000000000000000, -0.0000000000000000000 ) ) ;
#2179 = CALENDAR_DATE ( 2024, 10, 9 ) ;
#2180 = ORIENTED_EDGE ( 'NONE', *, *, #1435, .F. ) ;
#2181 = EDGE_CURVE ( 'NONE', #728, #626, #1031, .T. ) ;
#2182 = DIRECTION ( 'NONE',  ( 1.000000000000000000, 0.0000000000000000000, 0.0000000000000000000 ) ) ;
#2183 = DIRECTION ( 'NONE',  ( 0.0000000000000000000, -1.000000000000000000, 0.0000000000000000000 ) ) ;
#2184 = LINE ( 'NONE', #781, #1956 ) ;
#2185 = AXIS2_PLACEMENT_3D ( 'NONE', #803, #270, #123 ) ;
#2186 = VECTOR ( 'NONE', #286, 1000.000000000000000 ) ;
#2187 = CARTESIAN_POINT ( 'NONE',  ( -5.797737960004766900, -1.000000000000000000, -6.895439653416795900 ) ) ;
#2188 = FACE_OUTER_BOUND ( 'NONE', #2079, .T. ) ;
#2189 = DIRECTION ( 'NONE',  ( 1.000000000000000000, 0.0000000000000000000, 2.551066636389345200E-016 ) ) ;
#2190 = ORIENTED_EDGE ( 'NONE', *, *, #391, .T. ) ;
#2191 = EDGE_CURVE ( 'NONE', #1195, #816, #247, .T. ) ;
#2192 = CARTESIAN_POINT ( 'NONE',  ( -5.797737960004766900, 0.0000000000000000000, -4.645441613416761800 ) ) ;
#2193 = CARTESIAN_POINT ( 'NONE',  ( 0.0000000000000000000, 0.0000000000000000000, -2.734735833416801000 ) ) ;
#2194 = VERTEX_POINT ( 'NONE', #963 ) ;
#2195 = DIRECTION ( 'NONE',  ( 1.000000000000000000, 0.0000000000000000000, 0.0000000000000000000 ) ) ;
#2196 = VERTEX_POINT ( 'NONE', #290 ) ;
#2197 = CARTESIAN_POINT ( 'NONE',  ( -8.232903600004814100, 0.0000000000000000000, -0.0000000000000000000 ) ) ;
#2198 = DIRECTION ( 'NONE',  ( 0.0000000000000000000, 0.0000000000000000000, 1.000000000000000000 ) ) ;
#2199 = CARTESIAN_POINT ( 'NONE',  ( 0.0000000000000000000, 8.900000000000000400, 0.0000000000000000000 ) ) ;
#2200 = EDGE_LOOP ( 'NONE', ( #1464, #23 ) ) ;
#2201 = ORIENTED_EDGE ( 'NONE', *, *, #1385, .T. ) ;
#2202 = PLANE ( 'NONE',  #916 ) ;
#2203 = ORIENTED_EDGE ( 'NONE', *, *, #1773, .T. ) ;
#2204 = CARTESIAN_POINT ( 'NONE',  ( 6.408445399995244400, 1.399999999999999900, -2.217981439660794900 ) ) ;
#2205 = DIRECTION ( 'NONE',  ( -0.0000000000000000000, -1.000000000000000000, -0.0000000000000000000 ) ) ;
#2206 = ADVANCED_FACE ( 'NONE', ( #486 ), #1480, .T. ) ;
#2207 = CARTESIAN_POINT ( 'NONE',  ( 0.0000000000000000000, 8.900000000000000400, 0.0000000000000000000 ) ) ;
#2208 = DIRECTION ( 'NONE',  ( -1.000000000000000000, 0.0000000000000000000, -0.0000000000000000000 ) ) ;
#2209 = CIRCLE ( 'NONE', #50, 1.183243806244023600 ) ;
#2210 = CARTESIAN_POINT ( 'NONE',  ( -5.332907200004755500, 0.0000000000000000000, 4.865264166583197700 ) ) ;
#2211 = EDGE_CURVE ( 'NONE', #1582, #1286, #566, .T. ) ;
#2212 = LINE ( 'NONE', #987, #1697 ) ;
#2213 = EDGE_CURVE ( 'NONE', #850, #560, #1896, .T. ) ;
#2214 = CARTESIAN_POINT ( 'NONE',  ( -7.732903600004811500, -1.000000000000000000, -1.134737633416770700 ) ) ;
#2215 = ORIENTED_EDGE ( 'NONE', *, *, #936, .F. ) ;
#2216 = COORDINATED_UNIVERSAL_TIME_OFFSET ( 8, 0, .AHEAD. ) ;
#2217 = CARTESIAN_POINT ( 'NONE',  ( 9.004883591291649800, 8.900000000000000400, 7.289929183033394500 ) ) ;
#2218 = DIRECTION ( 'NONE',  ( 0.0000000000000000000, 0.0000000000000000000, 1.000000000000000000 ) ) ;
#2219 = LINE ( 'NONE', #2038, #1706 ) ;
#2220 = CARTESIAN_POINT ( 'NONE',  ( -8.232903600004814100, -1.000000000000000000, 4.665264166583197500 ) ) ;
#2221 = LINE ( 'NONE', #993, #733 ) ;
#2222 = DIRECTION ( 'NONE',  ( 0.0000000000000000000, 1.000000000000000000, -0.0000000000000000000 ) ) ;
#2223 = CIRCLE ( 'NONE', #52, 1.100000000000000100 ) ;
#2224 = CARTESIAN_POINT ( 'NONE',  ( -6.532905400004784400, -500000.0000000000600, -1.034737633416771300 ) ) ;
#2225 = DIRECTION ( 'NONE',  ( 1.224517072621457500E-016, 0.0000000000000000000, -1.000000000000000000 ) ) ;
#2226 = ORIENTED_EDGE ( 'NONE', *, *, #705, .T. ) ;
#2227 = CARTESIAN_POINT ( 'NONE',  ( 5.792642719995244600, -1.000000000000000000, -6.895439653416795900 ) ) ;
#2228 = ORIENTED_EDGE ( 'NONE', *, *, #1772, .T. ) ;
#2229 = ORIENTED_EDGE ( 'NONE', *, *, #1543, .F. ) ;
#2230 = ADVANCED_FACE ( 'NONE', ( #1426 ), #917, .T. ) ;
#2231 = CARTESIAN_POINT ( 'NONE',  ( -8.802748122768814900, -0.9999999999999940000, 7.186876544323790300 ) ) ;
#2232 = EDGE_LOOP ( 'NONE', ( #1391, #1196, #709, #1066, #228, #1791 ) ) ;
#2233 = ORIENTED_EDGE ( 'NONE', *, *, #1912, .T. ) ;
#2234 = DIRECTION ( 'NONE',  ( -0.0000000000000000000, -1.000000000000000000, -0.0000000000000000000 ) ) ;
#2235 = AXIS2_PLACEMENT_3D ( 'NONE', #1797, #750, #739 ) ;
#2236 = VECTOR ( 'NONE', #697, 1000.000000000000000 ) ;
#2237 = DIRECTION ( 'NONE',  ( -0.0000000000000000000, -1.000000000000000000, 0.0000000000000000000 ) ) ;
ENDSEC;
END-ISO-10303-21;
